phase,height,time,mediantime,dt_prev,time_minus_prev_mtp,mocktime,bits,log2_ratio_obs,log2_ratio_expected,model_err,above_floor,wall_s
P1_ontime,1,1296689202,1296689202,600,600,1296689202,0x2003fd8d,-0.00345,-0.00348,2.8e-05,False,0.17
P1_ontime,2,1296689802,1296689202,600,600,1296689802,0x2003fd8d,-0.00345,-0.00348,2.8e-05,False,0.064
P1_ontime,3,1296690402,1296689802,600,1200,1296690402,0x2003fd8d,-0.00345,-0.00348,2.8e-05,False,0.063
P1_ontime,4,1296691002,1296689802,600,1200,1296691002,0x2003fd8d,-0.00345,-0.00348,2.8e-05,False,0.064
P1_ontime,5,1296691602,1296690402,600,1800,1296691602,0x2003fd8d,-0.00345,-0.00348,2.8e-05,False,0.064
P1_ontime,6,1296692202,1296690402,600,1800,1296692202,0x2003fd8d,-0.00345,-0.00348,2.8e-05,False,0.059
P1_ontime,7,1296692802,1296691002,600,2400,1296692802,0x2003fd8d,-0.00345,-0.00348,2.8e-05,False,0.064
P1_ontime,8,1296693402,1296691002,600,2400,1296693402,0x2003fd8d,-0.00345,-0.00348,2.8e-05,False,0.119
P1_ontime,9,1296694002,1296691602,600,3000,1296694002,0x2003fd8d,-0.00345,-0.00348,2.8e-05,False,0.115
P1_ontime,10,1296694602,1296691602,600,3000,1296694602,0x2003fd8d,-0.00345,-0.00348,2.8e-05,False,0.06
P1_ontime,11,1296695202,1296692202,600,3600,1296695202,0x2003fd8d,-0.00345,-0.00348,2.8e-05,False,0.065
P1_ontime,12,1296695802,1296692802,600,3600,1296695802,0x2003fd8d,-0.00345,-0.00348,2.8e-05,False,0.064
P1_ontime,13,1296696402,1296693402,600,3600,1296696402,0x2003fd8d,-0.00345,-0.00348,2.8e-05,False,0.064
P1_ontime,14,1296697002,1296694002,600,3600,1296697002,0x2003fd8d,-0.00345,-0.00348,2.8e-05,False,0.063
P1_ontime,15,1296697602,1296694602,600,3600,1296697602,0x2003fd8d,-0.00345,-0.00348,2.8e-05,False,0.063
P1_ontime,16,1296698202,1296695202,600,3600,1296698202,0x2003fd8d,-0.00345,-0.00348,2.8e-05,False,0.063
P1_ontime,17,1296698802,1296695802,600,3600,1296698802,0x2003fd8d,-0.00345,-0.00348,2.8e-05,False,0.116
P1_ontime,18,1296699402,1296696402,600,3600,1296699402,0x2003fd8d,-0.00345,-0.00348,2.8e-05,False,0.114
P1_ontime,19,1296700002,1296697002,600,3600,1296700002,0x2003fd8d,-0.00345,-0.00348,2.8e-05,False,0.064
P1_ontime,20,1296700602,1296697602,600,3600,1296700602,0x2003fd8d,-0.00345,-0.00348,2.8e-05,False,0.064
P1_ontime,21,1296701202,1296698202,600,3600,1296701202,0x2003fd8d,-0.00345,-0.00348,2.8e-05,False,0.061
P1_ontime,22,1296701802,1296698802,600,3600,1296701802,0x2003fd8d,-0.00345,-0.00348,2.8e-05,False,0.062
P1_ontime,23,1296702402,1296699402,600,3600,1296702402,0x2003fd8d,-0.00345,-0.00348,2.8e-05,False,0.119
P1_ontime,24,1296703002,1296700002,600,3600,1296703002,0x2003fd8d,-0.00345,-0.00348,2.8e-05,False,0.059
P1_ontime,25,1296703602,1296700602,600,3600,1296703602,0x2003fd8d,-0.00345,-0.00348,2.8e-05,False,0.064
P1_ontime,26,1296704202,1296701202,600,3600,1296704202,0x2003fd8d,-0.00345,-0.00348,2.8e-05,False,0.119
P1_ontime,27,1296704802,1296701802,600,3600,1296704802,0x2003fd8d,-0.00345,-0.00348,2.8e-05,False,0.064
P1_ontime,28,1296705402,1296702402,600,3600,1296705402,0x2003fd8d,-0.00345,-0.00348,2.8e-05,False,0.061
P1_ontime,29,1296706002,1296703002,600,3600,1296706002,0x2003fd8d,-0.00345,-0.00348,2.8e-05,False,0.116
P1_ontime,30,1296706602,1296703602,600,3600,1296706602,0x2003fd8d,-0.00345,-0.00348,2.8e-05,False,0.063
P2_tighten,31,1296706602,1296704202,0,3000,1296706602,0x2003fd8d,-0.00345,-0.00348,2.8e-05,False,0.06
P2_tighten,32,1296706602,1296704802,0,2400,1296706602,0x2003fb19,-0.00692,-0.00695,2.8e-05,False,0.06
P2_tighten,33,1296706602,1296705402,0,1800,1296706602,0x2003f8a7,-0.01038,-0.01042,3.3e-05,False,0.064
P2_tighten,34,1296706602,1296706002,0,1200,1296706602,0x2003f637,-0.01385,-0.01389,4.4e-05,False,0.064
P2_tighten,35,1296706602,1296706602,0,600,1296706602,0x2003f3c9,-0.01731,-0.01736,5.6e-05,False,0.118
P2_tighten,36,1296706603,1296706602,1,1,1296706602,0x2003f15b,-0.02078,-0.02084,6.1e-05,False,0.061
P2_tighten,37,1296706603,1296706602,0,1,1296706602,0x2003eef1,-0.02423,-0.0243,7.3e-05,False,0.119
P2_tighten,38,1296706603,1296706602,0,1,1296706602,0x2003ec85,-0.0277,-0.02778,7.3e-05,False,0.064
P2_tighten,39,1296706603,1296706602,0,1,1296706602,0x2003ea1d,-0.03116,-0.03125,8.4e-05,False,0.063
P2_tighten,40,1296706603,1296706602,0,1,1296706602,0x2003e7b5,-0.03463,-0.03472,8.5e-05,False,0.064
P2_tighten,41,1296706603,1296706603,0,1,1296706602,0x2003e54f,-0.0381,-0.03819,9e-05,False,0.059
P2_tighten,42,1296706604,1296706603,1,1,1296706602,0x2003e2e9,-0.04157,-0.04166,9.1e-05,False,0.064
P2_tighten,43,1296706604,1296706603,0,1,1296706602,0x2003e089,-0.04502,-0.04513,0.000108,False,0.064
P2_tighten,44,1296706604,1296706603,0,1,1296706602,0x2003de25,-0.0485,-0.0486,0.000102,False,0.119
P2_tighten,45,1296706604,1296706603,0,1,1296706602,0x2003dbc7,-0.05195,-0.05207,0.00012,False,0.063
P2_tighten,46,1296706604,1296706603,0,1,1296706602,0x2003d965,-0.05544,-0.05555,0.000109,False,0.06
P2_tighten,47,1296706604,1296706604,0,1,1296706602,0x2003d709,-0.0589,-0.05902,0.000126,False,0.063
P2_tighten,48,1296706605,1296706604,1,1,1296706602,0x2003d4ad,-0.06236,-0.06249,0.000126,False,0.063
P2_tighten,49,1296706605,1296706604,0,1,1296706602,0x2003d253,-0.06583,-0.06596,0.000132,False,0.065
P2_tighten,50,1296706605,1296706604,0,1,1296706602,0x2003cffb,-0.06929,-0.06943,0.000144,False,0.061
P2_tighten,51,1296706605,1296706604,0,1,1296706602,0x2003cda1,-0.07277,-0.0729,0.000133,False,0.061
P2_tighten,52,1296706605,1296706604,0,1,1296706602,0x2003cb4b,-0.07623,-0.07638,0.000145,False,0.063
P2_tighten,53,1296706605,1296706605,0,1,1296706602,0x2003c8f7,-0.07969,-0.07985,0.000151,False,0.064
P2_tighten,54,1296706606,1296706605,1,1,1296706602,0x2003c6a1,-0.08318,-0.08332,0.00014,False,0.119
P2_tighten,55,1296706606,1296706605,0,1,1296706602,0x2003c451,-0.08663,-0.08678,0.000152,False,0.063
P2_tighten,56,1296706606,1296706605,0,1,1296706602,0x2003c201,-0.0901,-0.09026,0.000164,False,0.067
P2_tighten,57,1296706606,1296706605,0,1,1296706602,0x2003bfb1,-0.09357,-0.09373,0.000164,False,0.064
P2_tighten,58,1296706606,1296706605,0,1,1296706602,0x2003bd61,-0.09705,-0.0972,0.000153,False,0.064
P2_tighten,59,1296706606,1296706606,0,1,1296706602,0x2003bb15,-0.10051,-0.10067,0.000159,False,0.064
P2_tighten,60,1296706607,1296706606,1,1,1296706602,0x2003b8c9,-0.10399,-0.10415,0.00016,False,0.067
P2_tighten,61,1296706607,1296706606,0,1,1296706602,0x2003b681,-0.10745,-0.10761,0.000166,False,0.067
P2_tighten,62,1296706607,1296706606,0,1,1296706602,0x2003b439,-0.11091,-0.11108,0.000172,False,0.065
P2_tighten,63,1296706607,1296706606,0,1,1296706602,0x2003b1f1,-0.11439,-0.11456,0.000173,False,0.063
P2_tighten,64,1296706607,1296706606,0,1,1296706602,0x2003afab,-0.11786,-0.11803,0.000173,False,0.06
P2_tighten,65,1296706607,1296706607,0,1,1296706602,0x2003ad67,-0.12133,-0.1215,0.000174,False,0.061
P2_tighten,66,1296706608,1296706607,1,1,1296706602,0x2003ab21,-0.12482,-0.12497,0.000156,False,0.063
P2_tighten,67,1296706608,1296706607,0,1,1296706602,0x2003a8e1,-0.12828,-0.12844,0.000162,False,0.114
P2_tighten,68,1296706608,1296706607,0,1,1296706602,0x2003a6a3,-0.13173,-0.13191,0.000181,False,0.064
P2_tighten,69,1296706608,1296706607,0,1,1296706602,0x2003a463,-0.13521,-0.13539,0.000175,False,0.064
P2_tighten,70,1296706608,1296706607,0,1,1296706602,0x2003a225,-0.13868,-0.13886,0.000176,False,0.061
P2_tighten,71,1296706608,1296706608,0,1,1296706602,0x20039fe9,-0.14215,-0.14233,0.000176,False,0.065
P2_tighten,72,1296706609,1296706608,1,1,1296706602,0x20039dab,-0.14564,-0.1458,0.000158,False,0.064
P2_tighten,73,1296706609,1296706608,0,1,1296706602,0x20039b73,-0.14911,-0.14927,0.000165,False,0.064
P2_tighten,74,1296706609,1296706608,0,1,1296706602,0x2003993d,-0.15256,-0.15274,0.000177,False,0.063
P2_tighten,75,1296706609,1296706608,0,1,1296706602,0x20039705,-0.15604,-0.15621,0.000172,False,0.065
P2_tighten,76,1296706609,1296706608,0,1,1296706602,0x200394d1,-0.15951,-0.15968,0.000178,False,0.065
P2_tighten,77,1296706609,1296706609,0,1,1296706602,0x2003929b,-0.16299,-0.16316,0.000166,False,0.065
P2_tighten,78,1296706610,1296706609,1,1,1296706602,0x20039067,-0.16647,-0.16663,0.000161,False,0.064
P2_tighten,79,1296706610,1296706609,0,1,1296706602,0x20038e37,-0.16993,-0.1701,0.000167,False,0.064
P2_tighten,80,1296706610,1296706609,0,1,1296706602,0x20038c07,-0.1734,-0.17357,0.000168,False,0.117
P2_tighten,81,1296706610,1296706609,0,1,1296706602,0x200389d7,-0.17688,-0.17704,0.000156,False,0.065
P2_tighten,82,1296706610,1296706609,0,1,1296706602,0x200387ab,-0.18035,-0.18051,0.000168,False,0.119
P2_tighten,83,1296706610,1296706610,0,1,1296706602,0x2003857d,-0.18383,-0.18399,0.000156,False,0.063
P2_tighten,84,1296706611,1296706610,1,1,1296706602,0x20038353,-0.1873,-0.18746,0.000163,False,0.115
P2_tighten,85,1296706611,1296706610,0,1,1296706602,0x20038129,-0.19077,-0.19092,0.000151,False,0.064
P2_tighten,86,1296706611,1296706610,0,1,1296706602,0x20037f01,-0.19424,-0.1944,0.000151,False,0.063
P2_tighten,87,1296706611,1296706610,0,1,1296706602,0x20037cd9,-0.19772,-0.19787,0.000145,False,0.062
P2_tighten,88,1296706611,1296706610,0,1,1296706602,0x20037ab5,-0.20119,-0.20134,0.000152,False,0.064
P2_tighten,89,1296706611,1296706611,0,1,1296706602,0x2003788f,-0.20467,-0.20481,0.00014,False,0.064
P2_tighten,90,1296706612,1296706611,1,1,1296706602,0x2003766d,-0.20814,-0.20828,0.000146,False,0.118
P2_tighten,91,1296706612,1296706611,0,1,1296706602,0x2003744b,-0.21161,-0.21175,0.000134,False,0.059
P2_tighten,92,1296706612,1296706611,0,1,1296706602,0x2003722b,-0.21508,-0.21523,0.000141,False,0.066
P2_tighten,93,1296706612,1296706611,0,1,1296706602,0x2003700b,-0.21856,-0.21869,0.000128,False,0.063
P2_tighten,94,1296706612,1296706611,0,1,1296706602,0x20036def,-0.22203,-0.22217,0.000141,False,0.116
P2_tighten,95,1296706612,1296706612,0,1,1296706602,0x20036bd1,-0.22551,-0.22564,0.000129,False,0.064
P2_tighten,96,1296706613,1296706612,1,1,1296706602,0x200369b7,-0.22898,-0.22911,0.000135,False,0.114
P2_tighten,97,1296706613,1296706612,0,1,1296706602,0x2003679b,-0.23246,-0.23258,0.000116,False,0.064
P2_tighten,98,1296706613,1296706612,0,1,1296706602,0x20036583,-0.23593,-0.23605,0.000117,False,0.117
P2_tighten,99,1296706613,1296706612,0,1,1296706602,0x2003636b,-0.23941,-0.23952,0.00011,False,0.073
P2_tighten,100,1296706613,1296706612,0,1,1296706602,0x20036157,-0.24287,-0.243,0.000124,False,0.067
P2_tighten,101,1296706613,1296706613,0,1,1296706602,0x20035f41,-0.24635,-0.24646,0.000111,False,0.062
P2_tighten,102,1296706614,1296706613,1,1,1296706602,0x20035d2d,-0.24983,-0.24994,0.000111,False,0.064
P2_tighten,103,1296706614,1296706613,0,1,1296706602,0x20035b1b,-0.2533,-0.25341,0.000105,False,0.063
P2_tighten,104,1296706614,1296706613,0,1,1296706602,0x2003590b,-0.25677,-0.25688,0.000105,False,0.063
P2_tighten,105,1296706614,1296706613,0,1,1296706602,0x200356f9,-0.26026,-0.26035,9.2e-05,False,0.119
P2_tighten,106,1296706614,1296706613,0,1,1296706602,0x200354eb,-0.26373,-0.26382,9.3e-05,False,0.063
P2_tighten,107,1296706614,1296706614,0,1,1296706602,0x200352dd,-0.26721,-0.2673,8.6e-05,False,0.062
P2_tighten,108,1296706615,1296706614,1,1,1296706602,0x200350d3,-0.27067,-0.27077,9.3e-05,False,0.119
P2_tighten,109,1296706615,1296706614,0,1,1296706602,0x20034ec9,-0.27414,-0.27424,9.3e-05,False,0.111
P2_tighten,110,1296706615,1296706614,0,1,1296706602,0x20034cbf,-0.27762,-0.27771,8.7e-05,False,0.064
P2_tighten,111,1296706615,1296706614,0,1,1296706602,0x20034ab5,-0.28111,-0.28118,7.4e-05,False,0.062
P2_tighten,112,1296706615,1296706614,0,1,1296706602,0x200348af,-0.28458,-0.28465,7.4e-05,False,0.122
P2_tighten,113,1296706615,1296706615,0,1,1296706602,0x200346a9,-0.28805,-0.28813,7.4e-05,False,0.116
P2_tighten,114,1296706616,1296706615,1,1,1296706602,0x200344a5,-0.29152,-0.2916,7.4e-05,False,0.062
P2_tighten,115,1296706616,1296706615,0,1,1296706602,0x200342a3,-0.29499,-0.29506,7.4e-05,False,0.063
P2_tighten,116,1296706616,1296706615,0,1,1296706602,0x2003409f,-0.29848,-0.29853,5.4e-05,False,0.064
P2_tighten,117,1296706616,1296706615,0,1,1296706602,0x20033e9d,-0.30196,-0.30201,4.7e-05,False,0.117
P2_tighten,118,1296706616,1296706615,0,1,1296706602,0x20033c9f,-0.30543,-0.30548,5.4e-05,False,0.118
P2_tighten,119,1296706616,1296706616,0,1,1296706602,0x20033a9f,-0.30891,-0.30895,4.1e-05,False,0.063
P2_tighten,120,1296706617,1296706616,1,1,1296706602,0x200338a3,-0.31238,-0.31242,4.1e-05,False,0.062
P2_tighten,121,1296706617,1296706616,0,1,1296706602,0x200336a9,-0.31584,-0.31589,4.8e-05,False,0.063
P2_tighten,122,1296706617,1296706616,0,1,1296706602,0x200334ad,-0.31933,-0.31936,3.4e-05,False,0.118
P2_tighten,123,1296706617,1296706616,0,1,1296706602,0x200332b5,-0.32279,-0.32283,4.1e-05,False,0.064
P2_tighten,124,1296706617,1296706616,0,1,1296706602,0x200330bb,-0.32628,-0.32631,2.8e-05,False,0.066
P2_tighten,125,1296706617,1296706617,0,1,1296706602,0x20032ec3,-0.32976,-0.32978,2.1e-05,False,0.063
P2_tighten,126,1296706618,1296706617,1,1,1296706602,0x20032ccf,-0.33322,-0.33325,2.8e-05,False,0.064
P2_tighten,127,1296706618,1296706617,0,1,1296706602,0x20032adb,-0.33669,-0.33671,2.1e-05,False,0.063
P2_tighten,128,1296706618,1296706617,0,1,1296706602,0x200328e7,-0.34017,-0.34019,1.4e-05,False,0.064
P2_tighten,129,1296706618,1296706617,0,1,1296706602,0x200326f5,-0.34365,-0.34366,1.4e-05,False,0.064
P2_tighten,130,1296706618,1296706617,0,1,1296706602,0x20032503,-0.34713,-0.34714,7e-06,False,0.061
P2_tighten,131,1296706618,1296706618,0,1,1296706602,0x20032313,-0.3506,-0.3506,0.0,False,0.064
P2_tighten,132,1296706619,1296706618,1,1,1296706602,0x20032125,-0.35408,-0.35408,0.0,False,0.119
P2_tighten,133,1296706619,1296706618,0,1,1296706602,0x20031f39,-0.35754,-0.35754,0.0,False,0.064
P2_tighten,134,1296706619,1296706618,0,1,1296706602,0x20031d4b,-0.36103,-0.36101,-1.4e-05,False,0.059
P2_tighten,135,1296706619,1296706618,0,1,1296706602,0x20031b61,-0.3645,-0.36449,-7e-06,False,0.064
P2_tighten,136,1296706619,1296706618,0,1,1296706602,0x20031977,-0.36797,-0.36796,-1.4e-05,False,0.064
P2_tighten,137,1296706619,1296706619,0,1,1296706602,0x2003178f,-0.37144,-0.37144,-7e-06,False,0.119
P2_tighten,138,1296706620,1296706619,1,1,1296706602,0x200315a5,-0.37493,-0.37491,-2.9e-05,False,0.064
P2_tighten,139,1296706620,1296706619,0,1,1296706602,0x200313c1,-0.37839,-0.37837,-2.1e-05,False,0.061
P2_tighten,140,1296706620,1296706619,0,1,1296706602,0x200311db,-0.38187,-0.38185,-2.9e-05,False,0.064
P2_tighten,141,1296706620,1296706619,0,1,1296706602,0x20030ff7,-0.38535,-0.38531,-3.6e-05,False,0.061
P2_tighten,142,1296706620,1296706619,0,1,1296706602,0x20030e13,-0.38883,-0.38879,-4.3e-05,False,0.063
P2_tighten,143,1296706620,1296706620,0,1,1296706602,0x20030c33,-0.3923,-0.39226,-3.6e-05,False,0.064
P2_tighten,144,1296706621,1296706620,1,1,1296706602,0x20030a51,-0.39578,-0.39573,-5.1e-05,False,0.065
P2_tighten,145,1296706621,1296706620,0,1,1296706602,0x20030873,-0.39925,-0.3992,-5.1e-05,False,0.059
P2_tighten,146,1296706621,1296706620,0,1,1296706602,0x20030695,-0.40272,-0.40267,-5.1e-05,False,0.065
P2_tighten,147,1296706621,1296706620,0,1,1296706602,0x200304b9,-0.40619,-0.40614,-4.4e-05,False,0.064
P2_tighten,148,1296706621,1296706620,0,1,1296706602,0x200302db,-0.40968,-0.40962,-5.8e-05,False,0.063
P2_tighten,149,1296706621,1296706621,0,1,1296706602,0x20030101,-0.41315,-0.41309,-5.9e-05,False,0.065
P2_tighten,150,1296706622,1296706621,1,1,1296706602,0x2002ff27,-0.41663,-0.41656,-6.6e-05,False,0.117
P2_tighten,151,1296706622,1296706621,0,1,1296706602,0x2002fd4f,-0.4201,-0.42003,-6.6e-05,False,0.064
P2_tighten,152,1296706622,1296706621,0,1,1296706602,0x2002fb77,-0.42358,-0.4235,-8.1e-05,False,0.064
P2_tighten,153,1296706622,1296706621,0,1,1296706602,0x2002f9a3,-0.42704,-0.42697,-6.7e-05,False,0.059
P2_tighten,154,1296706622,1296706621,0,1,1296706602,0x2002f7cd,-0.43052,-0.43044,-7.4e-05,False,0.062
P2_tighten,155,1296706622,1296706622,0,1,1296706602,0x2002f5f9,-0.43399,-0.43392,-7.4e-05,False,0.064
P2_tighten,156,1296706623,1296706622,1,1,1296706602,0x2002f427,-0.43746,-0.43739,-7.5e-05,False,0.063
P2_tighten,157,1296706623,1296706622,0,1,1296706602,0x2002f255,-0.44094,-0.44086,-8.2e-05,False,0.062
P2_tighten,158,1296706623,1296706622,0,1,1296706602,0x2002f085,-0.44441,-0.44433,-8.2e-05,False,0.063
P2_tighten,159,1296706623,1296706622,0,1,1296706602,0x2002eeb7,-0.44787,-0.4478,-7.5e-05,False,0.119
P2_tighten,160,1296706623,1296706622,0,1,1296706602,0x2002ece7,-0.45136,-0.45127,-9e-05,False,0.061
P2_tighten,161,1296706623,1296706623,0,1,1296706602,0x2002eb1b,-0.45483,-0.45474,-8.3e-05,False,0.064
P2_tighten,162,1296706624,1296706623,1,1,1296706602,0x2002e94d,-0.45832,-0.45822,-9.8e-05,False,0.063
P2_tighten,163,1296706624,1296706623,0,1,1296706602,0x2002e785,-0.46177,-0.46168,-8.3e-05,False,0.062
P2_tighten,164,1296706624,1296706623,0,1,1296706602,0x2002e5b9,-0.46526,-0.46515,-0.000106,False,0.064
P2_tighten,165,1296706624,1296706623,0,1,1296706602,0x2002e3f1,-0.46873,-0.46863,-9.9e-05,False,0.058
P2_tighten,166,1296706624,1296706623,0,1,1296706602,0x2002e229,-0.4722,-0.4721,-0.000107,False,0.117
P2_tighten,167,1296706624,1296706624,0,1,1296706602,0x2002e063,-0.47567,-0.47557,-0.000107,False,0.113
P2_tighten,168,1296706625,1296706624,1,1,1296706602,0x2002de9d,-0.47915,-0.47905,-0.000107,False,0.064
P2_tighten,169,1296706625,1296706624,0,1,1296706602,0x2002dcdb,-0.48261,-0.48251,-0.0001,False,0.115
P2_tighten,170,1296706625,1296706624,0,1,1296706602,0x2002db17,-0.48609,-0.48598,-0.000108,False,0.058
P2_tighten,171,1296706625,1296706624,0,1,1296706602,0x2002d955,-0.48956,-0.48945,-0.000108,False,0.063
P2_tighten,172,1296706625,1296706624,0,1,1296706602,0x2002d793,-0.49304,-0.49293,-0.000116,False,0.114
P2_tighten,173,1296706625,1296706625,0,1,1296706602,0x2002d5d5,-0.4965,-0.4964,-0.000101,False,0.119
P2_tighten,174,1296706626,1296706625,1,1,1296706602,0x2002d415,-0.49999,-0.49987,-0.000117,False,0.12
P2_tighten,175,1296706626,1296706625,0,1,1296706602,0x2002d259,-0.50344,-0.50334,-0.000109,False,0.066
P2_tighten,176,1296706626,1296706625,0,1,1296706602,0x2002d09b,-0.50693,-0.50681,-0.000117,False,0.115
P2_tighten,177,1296706626,1296706625,0,1,1296706602,0x2002cee1,-0.51039,-0.51028,-0.00011,False,0.065
P2_tighten,178,1296706626,1296706625,0,1,1296706602,0x2002cd25,-0.51387,-0.51376,-0.000118,False,0.063
P2_tighten,179,1296706626,1296706626,0,1,1296706602,0x2002cb6d,-0.51734,-0.51723,-0.00011,False,0.063
P2_tighten,180,1296706627,1296706626,1,1,1296706602,0x2002c9b3,-0.52082,-0.5207,-0.000126,False,0.062
P2_tighten,181,1296706627,1296706626,0,1,1296706602,0x2002c7fd,-0.52428,-0.52417,-0.000119,False,0.059
P2_tighten,182,1296706627,1296706626,0,1,1296706602,0x2002c649,-0.52774,-0.52764,-0.000103,False,0.111
P2_tighten,183,1296706627,1296706626,0,1,1296706602,0x2002c493,-0.53122,-0.53111,-0.000111,False,0.063
P2_tighten,184,1296706627,1296706626,0,1,1296706602,0x2002c2dd,-0.53471,-0.53458,-0.000128,False,0.064
P2_tighten,185,1296706627,1296706627,0,1,1296706602,0x2002c12b,-0.53817,-0.53805,-0.00012,False,0.172
P2_tighten,186,1296706628,1296706627,1,1,1296706602,0x2002bf79,-0.54164,-0.54152,-0.00012,False,0.063
P2_tighten,187,1296706628,1296706627,0,1,1296706602,0x2002bdc9,-0.54511,-0.545,-0.000112,False,0.111
P2_tighten,188,1296706628,1296706627,0,1,1296706602,0x2002bc1b,-0.54857,-0.54846,-0.000105,False,0.063
P2_tighten,189,1296706628,1296706627,0,1,1296706602,0x2002ba6b,-0.55205,-0.55193,-0.000113,False,0.063
P2_tighten,190,1296706628,1296706627,0,1,1296706602,0x2002b8bd,-0.55552,-0.55541,-0.000113,False,0.065
P2_tighten,191,1296706628,1296706628,0,1,1296706602,0x2002b711,-0.55899,-0.55888,-0.000105,False,0.059
P2_tighten,192,1296706629,1296706628,1,1,1296706602,0x2002b563,-0.56248,-0.56236,-0.000122,False,0.064
P2_tighten,193,1296706629,1296706628,0,1,1296706602,0x2002b3bb,-0.56593,-0.56582,-0.000106,False,0.064
P2_tighten,194,1296706629,1296706628,0,1,1296706602,0x2002b211,-0.5694,-0.56929,-0.000114,False,0.059
P2_tighten,195,1296706629,1296706628,0,1,1296706602,0x2002b069,-0.57287,-0.57276,-0.000106,False,0.063
P2_tighten,196,1296706629,1296706628,0,1,1296706602,0x2002aec3,-0.57633,-0.57624,-9e-05,False,0.064
P2_tighten,197,1296706629,1296706629,0,1,1296706602,0x2002ad1b,-0.57981,-0.57971,-0.000107,False,0.064
P2_tighten,198,1296706630,1296706629,1,1,1296706602,0x2002ab75,-0.58329,-0.58318,-0.000107,False,0.064
P2_tighten,199,1296706630,1296706629,0,1,1296706602,0x2002a9d1,-0.58675,-0.58665,-0.000107,False,0.064
P2_tighten,200,1296706630,1296706629,0,1,1296706602,0x2002a82f,-0.59021,-0.59012,-9.1e-05,False,0.062
P2_tighten,201,1296706630,1296706629,0,1,1296706602,0x2002a68b,-0.5937,-0.59359,-0.000108,False,0.059
P2_tighten,202,1296706630,1296706629,0,1,1296706602,0x2002a4eb,-0.59716,-0.59707,-9.2e-05,False,0.059
P2_tighten,203,1296706630,1296706630,0,1,1296706602,0x2002a349,-0.60064,-0.60053,-0.000108,False,0.059
P2_tighten,204,1296706631,1296706630,1,1,1296706602,0x2002a1a9,-0.60412,-0.60401,-0.000109,False,0.065
P2_tighten,205,1296706631,1296706630,0,1,1296706602,0x2002a00d,-0.60757,-0.60748,-9.2e-05,False,0.064
P2_tighten,206,1296706631,1296706630,0,1,1296706602,0x20029e71,-0.61103,-0.61095,-7.6e-05,False,0.064
P2_tighten,207,1296706631,1296706630,0,1,1296706602,0x20029cd3,-0.61451,-0.61442,-9.3e-05,False,0.115
P2_tighten,208,1296706631,1296706630,0,1,1296706602,0x20029b39,-0.61797,-0.61789,-7.6e-05,False,0.064
P2_tighten,209,1296706631,1296706631,0,1,1296706602,0x2002999d,-0.62145,-0.62136,-9.3e-05,False,0.061
P2_tighten,210,1296706632,1296706631,1,1,1296706602,0x20029803,-0.62493,-0.62484,-9.3e-05,False,0.064
P2_tighten,211,1296706632,1296706631,0,1,1296706602,0x2002966d,-0.62838,-0.6283,-7.7e-05,False,0.063
P2_tighten,212,1296706632,1296706631,0,1,1296706602,0x200294d5,-0.63185,-0.63178,-7.7e-05,False,0.063
P2_tighten,213,1296706632,1296706631,0,1,1296706602,0x2002933f,-0.63532,-0.63524,-7.7e-05,False,0.06
P2_tighten,214,1296706632,1296706631,0,1,1296706602,0x200291ab,-0.63878,-0.63872,-6e-05,False,0.058
P2_tighten,215,1296706632,1296706632,0,1,1296706602,0x20029015,-0.64226,-0.64219,-6.9e-05,False,0.118
P2_tighten,216,1296706633,1296706632,1,1,1296706602,0x20028e83,-0.64572,-0.64567,-5.2e-05,False,0.063
P2_tighten,217,1296706633,1296706632,0,1,1296706602,0x20028cef,-0.6492,-0.64913,-6.9e-05,False,0.06
P2_tighten,218,1296706633,1296706632,0,1,1296706602,0x20028b5f,-0.65266,-0.65261,-5.2e-05,False,0.062
P2_tighten,219,1296706633,1296706632,0,1,1296706602,0x200289cd,-0.65614,-0.65607,-6.9e-05,False,0.062
P2_tighten,220,1296706633,1296706632,0,1,1296706602,0x2002883f,-0.6596,-0.65954,-5.2e-05,False,0.065
P2_tighten,221,1296706633,1296706633,0,1,1296706602,0x200286af,-0.66308,-0.66302,-6.1e-05,False,0.065
P2_tighten,222,1296706634,1296706633,1,1,1296706602,0x20028523,-0.66653,-0.66649,-4.4e-05,False,0.064
P2_tighten,223,1296706634,1296706633,0,1,1296706602,0x20028395,-0.67001,-0.66996,-5.3e-05,False,0.065
P2_tighten,224,1296706634,1296706633,0,1,1296706602,0x2002820b,-0.67347,-0.67343,-3.5e-05,False,0.064
P2_tighten,225,1296706634,1296706633,0,1,1296706602,0x2002807f,-0.67695,-0.6769,-4.4e-05,False,0.116
P2_tighten,226,1296706634,1296706633,0,1,1296706602,0x20027ef7,-0.6804,-0.68038,-2.6e-05,False,0.063
P2_tighten,227,1296706634,1296706634,0,1,1296706602,0x20027d6d,-0.68388,-0.68385,-3.5e-05,False,0.17
P2_tighten,228,1296706635,1296706634,1,1,1296706602,0x20027be7,-0.68733,-0.68732,-1.8e-05,False,0.118
P2_tighten,229,1296706635,1296706634,0,1,1296706602,0x20027a5f,-0.69081,-0.69078,-2.7e-05,False,0.061
P2_tighten,230,1296706635,1296706634,0,1,1296706602,0x200278d9,-0.69428,-0.69426,-1.8e-05,False,0.063
P2_tighten,231,1296706635,1296706634,0,1,1296706602,0x20027753,-0.69776,-0.69773,-2.7e-05,False,0.118
P2_tighten,232,1296706635,1296706634,0,1,1296706602,0x200275d1,-0.70121,-0.7012,-9e-06,False,0.064
P2_tighten,233,1296706635,1296706635,0,1,1296706602,0x2002744d,-0.70468,-0.70467,-9e-06,False,0.058
P2_tighten,234,1296706636,1296706635,1,1,1296706602,0x200272cb,-0.70815,-0.70815,0.0,False,0.114
P2_tighten,235,1296706636,1296706635,0,1,1296706602,0x2002714b,-0.71161,-0.71162,9e-06,False,0.064
P2_tighten,236,1296706636,1296706635,0,1,1296706602,0x20026fcb,-0.71507,-0.71509,1.8e-05,False,0.064
P2_tighten,237,1296706636,1296706635,0,1,1296706602,0x20026e49,-0.71856,-0.71855,-9e-06,False,0.064
P2_tighten,238,1296706636,1296706635,0,1,1296706602,0x20026ccd,-0.72201,-0.72203,1.8e-05,False,0.063
P2_tighten,239,1296706636,1296706636,0,1,1296706602,0x20026b4f,-0.72548,-0.7255,1.8e-05,False,0.063
P2_tighten,240,1296706637,1296706636,1,1,1296706602,0x200269d3,-0.72894,-0.72898,3.6e-05,False,0.064
P2_tighten,241,1296706637,1296706636,0,1,1296706602,0x20026857,-0.73241,-0.73244,2.7e-05,False,0.118
P2_tighten,242,1296706637,1296706636,0,1,1296706602,0x200266db,-0.73589,-0.73591,1.8e-05,False,0.064
P2_tighten,243,1296706637,1296706636,0,1,1296706602,0x20026561,-0.73936,-0.73939,2.8e-05,False,0.063
P2_tighten,244,1296706637,1296706636,0,1,1296706602,0x200263e9,-0.74282,-0.74286,3.7e-05,False,0.063
P2_tighten,245,1296706637,1296706637,0,1,1296706602,0x20026271,-0.74629,-0.74633,4.6e-05,False,0.063
P2_tighten,246,1296706638,1296706637,1,1,1296706602,0x200260fb,-0.74974,-0.7498,5.6e-05,False,0.063
P2_tighten,247,1296706638,1296706637,0,1,1296706602,0x20025f85,-0.75321,-0.75327,6.5e-05,False,0.063
P2_tighten,248,1296706638,1296706637,0,1,1296706602,0x20025e0f,-0.75668,-0.75674,5.6e-05,False,0.064
P2_tighten,249,1296706638,1296706637,0,1,1296706602,0x20025c99,-0.76016,-0.76021,4.7e-05,False,0.063
P2_tighten,250,1296706638,1296706637,0,1,1296706602,0x20025b27,-0.76362,-0.76368,6.5e-05,False,0.063
P2_tighten,251,1296706638,1296706638,0,1,1296706602,0x200259b3,-0.7671,-0.76716,6.6e-05,False,0.112
P2_tighten,252,1296706639,1296706638,1,1,1296706602,0x20025843,-0.77055,-0.77063,8.4e-05,False,0.064
P2_tighten,253,1296706639,1296706638,0,1,1296706602,0x200256d3,-0.77401,-0.7741,9.4e-05,False,0.064
P2_tighten,254,1296706639,1296706638,0,1,1296706602,0x20025561,-0.77749,-0.77757,7.5e-05,False,0.06
P2_tighten,255,1296706639,1296706638,0,1,1296706602,0x200253f3,-0.78095,-0.78104,9.5e-05,False,0.061
P2_tighten,256,1296706639,1296706638,0,1,1296706602,0x20025285,-0.78441,-0.78451,9.5e-05,False,0.063
P2_tighten,257,1296706639,1296706639,0,1,1296706602,0x20025115,-0.78791,-0.78798,7.6e-05,False,0.064
P2_tighten,258,1296706640,1296706639,1,1,1296706602,0x20024fab,-0.79135,-0.79146,0.000105,False,0.063
P2_tighten,259,1296706640,1296706639,0,1,1296706602,0x20024e3f,-0.79482,-0.79493,0.000105,False,0.064
P2_tighten,260,1296706640,1296706639,0,1,1296706602,0x20024cd3,-0.7983,-0.7984,9.6e-05,False,0.062
P2_tighten,261,1296706640,1296706639,0,1,1296706602,0x20024b6b,-0.80175,-0.80187,0.000115,False,0.06
P2_tighten,262,1296706640,1296706639,0,1,1296706602,0x20024a01,-0.80523,-0.80534,0.000115,False,0.059
P2_tighten,263,1296706640,1296706640,0,1,1296706602,0x20024899,-0.80869,-0.80881,0.000116,False,0.166
P2_tighten,264,1296706641,1296706640,1,1,1296706602,0x20024731,-0.81217,-0.81228,0.000116,False,0.065
P2_tighten,265,1296706641,1296706640,0,1,1296706602,0x200245cb,-0.81563,-0.81575,0.000116,False,0.059
P2_tighten,266,1296706641,1296706640,0,1,1296706602,0x20024465,-0.8191,-0.81922,0.000117,False,0.064
P2_tighten,267,1296706641,1296706640,0,1,1296706602,0x20024301,-0.82257,-0.82269,0.000127,False,0.064
P2_tighten,268,1296706641,1296706640,0,1,1296706602,0x2002419d,-0.82603,-0.82617,0.000137,False,0.118
P2_tighten,269,1296706641,1296706641,0,1,1296706602,0x2002403b,-0.82949,-0.82964,0.000147,False,0.063
P2_tighten,270,1296706642,1296706641,1,1,1296706602,0x20023ed7,-0.83298,-0.83312,0.000137,False,0.277
P2_tighten,271,1296706642,1296706641,0,1,1296706602,0x20023d77,-0.83643,-0.83658,0.000147,False,0.173
P2_tighten,272,1296706642,1296706641,0,1,1296706602,0x20023c15,-0.83992,-0.84005,0.000138,False,0.059
P2_tighten,273,1296706642,1296706641,0,1,1296706602,0x20023ab7,-0.84337,-0.84353,0.000158,False,0.064
P2_tighten,274,1296706642,1296706641,0,1,1296706602,0x20023957,-0.84685,-0.847,0.000148,False,0.064
P2_tighten,275,1296706642,1296706642,0,1,1296706602,0x200237f9,-0.85032,-0.85047,0.000149,False,0.119
P2_tighten,276,1296706643,1296706642,1,1,1296706602,0x2002369b,-0.85379,-0.85394,0.000149,False,0.059
P2_tighten,277,1296706643,1296706642,0,1,1296706602,0x20023541,-0.85724,-0.85741,0.000169,False,0.063
P2_tighten,278,1296706643,1296706642,0,1,1296706602,0x200233e3,-0.86073,-0.86088,0.00015,False,0.115
P2_tighten,279,1296706643,1296706642,0,1,1296706602,0x20023289,-0.8642,-0.86436,0.00016,False,0.119
P2_tighten,280,1296706643,1296706642,0,1,1296706602,0x2002312f,-0.86767,-0.86783,0.000161,False,0.063
P2_tighten,281,1296706643,1296706643,0,1,1296706602,0x20022fd7,-0.87112,-0.8713,0.000171,False,0.062
P2_tighten,282,1296706644,1296706643,1,1,1296706602,0x20022e7d,-0.87461,-0.87477,0.000161,False,0.064
P2_tighten,283,1296706644,1296706643,0,1,1296706602,0x20022d27,-0.87807,-0.87824,0.000172,False,0.064
P2_tighten,284,1296706644,1296706643,0,1,1296706602,0x20022bcf,-0.88155,-0.8817,0.000152,False,0.174
P2_tighten,285,1296706644,1296706643,0,1,1296706602,0x20022a7b,-0.885,-0.88517,0.000173,False,0.059
P2_tighten,286,1296706644,1296706643,0,1,1296706602,0x20022925,-0.88848,-0.88866,0.000173,False,0.063
P2_tighten,287,1296706644,1296706644,0,1,1296706602,0x200227d1,-0.89195,-0.89212,0.000174,False,0.062
P2_tighten,288,1296706645,1296706644,1,1,1296706602,0x2002267d,-0.89543,-0.8956,0.000174,False,0.063
P2_tighten,289,1296706645,1296706644,0,1,1296706602,0x2002252b,-0.89889,-0.89907,0.000174,False,0.063
P2_tighten,290,1296706645,1296706644,0,1,1296706602,0x200223d9,-0.90236,-0.90254,0.000175,False,0.064
P2_tighten,291,1296706645,1296706644,0,1,1296706602,0x20022287,-0.90584,-0.90601,0.000165,False,0.119
P2_tighten,292,1296706645,1296706644,0,1,1296706602,0x20022137,-0.90931,-0.90948,0.000165,False,0.064
P2_tighten,293,1296706645,1296706645,0,1,1296706602,0x20021fe7,-0.91279,-0.91295,0.000155,False,0.28
P2_tighten,294,1296706646,1296706645,1,1,1296706602,0x20021e99,-0.91626,-0.91642,0.000166,False,0.063
P2_tighten,295,1296706646,1296706645,0,1,1296706602,0x20021d4b,-0.91973,-0.91988,0.000156,False,0.064
P2_tighten,296,1296706646,1296706645,0,1,1296706602,0x20021bfd,-0.92321,-0.92337,0.000157,False,0.119
P2_tighten,297,1296706646,1296706645,0,1,1296706602,0x20021ab1,-0.92668,-0.92684,0.000157,False,0.061
P2_tighten,298,1296706646,1296706645,0,1,1296706602,0x20021965,-0.93016,-0.9303,0.000147,False,0.065
P2_tighten,299,1296706646,1296706646,0,1,1296706602,0x2002181b,-0.93362,-0.93378,0.000158,False,0.172
P2_tighten,300,1296706647,1296706646,1,1,1296706602,0x200216cf,-0.93712,-0.93725,0.000137,False,0.063
P2_tighten,301,1296706647,1296706646,0,1,1296706602,0x20021587,-0.94058,-0.94071,0.000137,False,0.116
P2_tighten,302,1296706647,1296706646,0,1,1296706602,0x2002143d,-0.94407,-0.94419,0.000127,False,0.12
P2_tighten,303,1296706647,1296706646,0,1,1296706602,0x200212f7,-0.94752,-0.94766,0.000138,False,0.12
P2_tighten,304,1296706647,1296706646,0,1,1296706602,0x200211af,-0.95101,-0.95114,0.000128,False,0.119
P2_tighten,305,1296706647,1296706647,0,1,1296706602,0x20021069,-0.95448,-0.95461,0.000128,False,0.06
P2_tighten,306,1296706648,1296706647,1,1,1296706602,0x20020f23,-0.95796,-0.95808,0.000118,False,0.169
P2_tighten,307,1296706648,1296706647,0,1,1296706602,0x20020ddf,-0.96143,-0.96155,0.000118,False,0.113
P2_tighten,308,1296706648,1296706647,0,1,1296706602,0x20020c9b,-0.96491,-0.96501,0.000107,False,0.064
P2_tighten,309,1296706648,1296706647,0,1,1296706602,0x20020b57,-0.96839,-0.96849,9.7e-05,False,0.061
P2_tighten,310,1296706648,1296706647,0,1,1296706602,0x20020a13,-0.97188,-0.97196,7.6e-05,False,0.121
P2_tighten,311,1296706648,1296706648,0,1,1296706602,0x200208d1,-0.97536,-0.97543,6.5e-05,False,0.119
P2_tighten,312,1296706649,1296706648,1,1,1296706602,0x20020791,-0.97883,-0.97891,7.6e-05,False,0.064
P2_tighten,313,1296706649,1296706648,0,1,1296706602,0x20020651,-0.98231,-0.98237,6.5e-05,False,0.059
P2_tighten,314,1296706649,1296706648,0,1,1296706602,0x20020511,-0.98579,-0.98584,5.4e-05,False,0.064
P2_tighten,315,1296706649,1296706648,0,1,1296706602,0x200203d1,-0.98928,-0.98931,3.3e-05,False,0.063
P2_tighten,316,1296706649,1296706648,0,1,1296706602,0x20020293,-0.99276,-0.99279,3.3e-05,False,0.062
P2_tighten,317,1296706649,1296706649,0,1,1296706602,0x20020155,-0.99625,-0.99626,1.1e-05,False,0.063
P2_tighten,318,1296706650,1296706649,1,1,1296706602,0x20020019,-0.99972,-0.99973,1.1e-05,False,0.064
P2_tighten,319,1296706650,1296706649,0,1,1296706602,0x2001fedf,-1.00318,-1.0032,2.2e-05,False,0.115
P2_tighten,320,1296706650,1296706649,0,1,1296706602,0x2001fda6,-1.00664,-1.00667,3.3e-05,False,0.059
P2_tighten,321,1296706650,1296706649,0,1,1296706602,0x2001fc6c,-1.01011,-1.01015,3.3e-05,False,0.063
P2_tighten,322,1296706650,1296706649,0,1,1296706602,0x2001fb33,-1.01359,-1.01362,3.3e-05,False,0.064
P2_tighten,323,1296706650,1296706650,0,1,1296706602,0x2001f9fd,-1.01703,-1.01709,5.6e-05,False,0.061
P2_tighten,324,1296706651,1296706650,1,1,1296706602,0x2001f8c5,-1.02051,-1.02056,4.5e-05,False,0.12
P2_tighten,325,1296706651,1296706650,0,1,1296706602,0x2001f790,-1.02397,-1.02402,5.6e-05,False,0.062
P2_tighten,326,1296706651,1296706650,0,1,1296706602,0x2001f65c,-1.02742,-1.0275,7.9e-05,False,0.065
P2_tighten,327,1296706651,1296706650,0,1,1296706602,0x2001f526,-1.0309,-1.03097,6.7e-05,False,0.117
P2_tighten,328,1296706651,1296706650,0,1,1296706602,0x2001f3f3,-1.03436,-1.03445,9e-05,False,0.174
P2_tighten,329,1296706651,1296706651,0,1,1296706602,0x2001f2c0,-1.03782,-1.03791,9e-05,False,0.06
P2_tighten,330,1296706652,1296706651,1,1,1296706602,0x2001f18d,-1.04129,-1.04139,9.1e-05,False,0.173
P2_tighten,331,1296706652,1296706651,0,1,1296706602,0x2001f05c,-1.04475,-1.04486,0.000102,False,0.116
P2_tighten,332,1296706652,1296706651,0,1,1296706602,0x2001ef2b,-1.04822,-1.04832,0.000102,False,0.064
P2_tighten,333,1296706652,1296706651,0,1,1296706602,0x2001edfb,-1.05168,-1.0518,0.000114,False,0.064
P2_tighten,334,1296706652,1296706651,0,1,1296706602,0x2001eccc,-1.05515,-1.05527,0.000126,False,0.065
P2_tighten,335,1296706652,1296706652,0,1,1296706602,0x2001eb9c,-1.05863,-1.05874,0.000115,False,0.064
P2_tighten,336,1296706653,1296706652,1,1,1296706602,0x2001ea6e,-1.06209,-1.06222,0.000126,False,0.066
P2_tighten,337,1296706653,1296706652,0,1,1296706602,0x2001e941,-1.06555,-1.06568,0.000127,False,0.064
P2_tighten,338,1296706653,1296706652,0,1,1296706602,0x2001e815,-1.06901,-1.06915,0.000139,False,0.065
P2_tighten,339,1296706653,1296706652,0,1,1296706602,0x2001e6e8,-1.07249,-1.07262,0.000127,False,0.063
P2_tighten,340,1296706653,1296706652,0,1,1296706602,0x2001e5be,-1.07595,-1.0761,0.000151,False,0.119
P2_tighten,341,1296706653,1296706653,0,1,1296706602,0x2001e492,-1.07943,-1.07957,0.00014,False,0.063
P2_tighten,342,1296706654,1296706653,1,1,1296706602,0x2001e369,-1.08289,-1.08304,0.000152,False,0.059
P2_tighten,343,1296706654,1296706653,0,1,1296706602,0x2001e23f,-1.08637,-1.08651,0.00014,False,0.165
P2_tighten,344,1296706654,1296706653,0,1,1296706602,0x2001e117,-1.08983,-1.08998,0.000152,False,0.064
P2_tighten,345,1296706654,1296706653,0,1,1296706602,0x2001dfef,-1.0933,-1.09346,0.000153,False,0.063
P2_tighten,346,1296706654,1296706653,0,1,1296706602,0x2001dec9,-1.09676,-1.09692,0.000165,False,0.059
P2_tighten,347,1296706654,1296706654,0,1,1296706602,0x2001dda1,-1.10025,-1.1004,0.000153,False,0.06
P2_tighten,348,1296706655,1296706654,1,1,1296706602,0x2001dc7c,-1.10371,-1.10387,0.000166,False,0.064
P2_tighten,349,1296706655,1296706654,0,1,1296706602,0x2001db57,-1.10718,-1.10733,0.000154,False,0.119
P2_tighten,350,1296706655,1296706654,0,1,1296706602,0x2001da33,-1.11065,-1.11081,0.000166,False,0.064
P2_tighten,351,1296706655,1296706654,0,1,1296706602,0x2001d90f,-1.11412,-1.11429,0.000167,False,0.064
P2_tighten,352,1296706655,1296706654,0,1,1296706602,0x2001d7ec,-1.11759,-1.11776,0.000167,False,0.063
P2_tighten,353,1296706655,1296706655,0,1,1296706602,0x2001d6ca,-1.12106,-1.12123,0.000168,False,0.061
P2_tighten,354,1296706656,1296706655,1,1,1296706602,0x2001d5a9,-1.12452,-1.1247,0.00018,False,0.065
P2_tighten,355,1296706656,1296706655,0,1,1296706602,0x2001d487,-1.12801,-1.12816,0.000156,False,0.063
P2_tighten,356,1296706656,1296706655,0,1,1296706602,0x2001d367,-1.13147,-1.13164,0.000169,False,0.063
P2_tighten,357,1296706656,1296706655,0,1,1296706602,0x2001d247,-1.13495,-1.13511,0.000157,False,0.124
P2_tighten,358,1296706656,1296706655,0,1,1296706602,0x2001d129,-1.13841,-1.13858,0.00017,False,0.065
P2_tighten,359,1296706656,1296706656,0,1,1296706602,0x2001d00a,-1.14189,-1.14205,0.000158,False,0.12
P2_tighten,360,1296706657,1296706656,1,1,1296706602,0x2001ceed,-1.14536,-1.14553,0.00017,False,0.065
P2_tighten,361,1296706657,1296706656,0,1,1296706602,0x2001cdd0,-1.14883,-1.14899,0.000159,False,0.117
P2_tighten,362,1296706657,1296706656,0,1,1296706602,0x2001ccb4,-1.1523,-1.15246,0.000159,False,0.063
P2_tighten,363,1296706657,1296706656,0,1,1296706602,0x2001cb98,-1.15578,-1.15594,0.000159,False,0.172
P2_tighten,364,1296706657,1296706656,0,1,1296706602,0x2001ca7e,-1.15924,-1.15941,0.000172,False,0.063
P2_tighten,365,1296706657,1296706657,0,1,1296706602,0x2001c963,-1.16272,-1.16288,0.00016,False,0.064
P2_tighten,366,1296706658,1296706657,1,1,1296706602,0x2001c84a,-1.16619,-1.16635,0.000161,False,0.063
P2_tighten,367,1296706658,1296706657,0,1,1296706602,0x2001c732,-1.16965,-1.16983,0.000173,False,0.064
P2_tighten,368,1296706658,1296706657,0,1,1296706602,0x2001c619,-1.17314,-1.1733,0.000161,False,0.119
P2_tighten,369,1296706658,1296706657,0,1,1296706602,0x2001c501,-1.17661,-1.17676,0.000149,False,0.064
P2_tighten,370,1296706658,1296706657,0,1,1296706602,0x2001c3eb,-1.18008,-1.18024,0.000162,False,0.064
P2_tighten,371,1296706658,1296706658,0,1,1296706602,0x2001c2d4,-1.18356,-1.18371,0.00015,False,0.063
P2_tighten,372,1296706659,1296706658,1,1,1296706602,0x2001c1bf,-1.18703,-1.18718,0.00015,False,0.063
P2_tighten,373,1296706659,1296706658,0,1,1296706602,0x2001c0ab,-1.19049,-1.19065,0.000163,False,0.064
P2_tighten,374,1296706659,1296706658,0,1,1296706602,0x2001bf96,-1.19397,-1.19412,0.000151,False,0.117
P2_tighten,375,1296706659,1296706658,0,1,1296706602,0x2001be82,-1.19745,-1.19759,0.000139,False,0.119
P2_tighten,376,1296706659,1296706658,0,1,1296706602,0x2001bd70,-1.20092,-1.20107,0.000152,False,0.063
P2_tighten,377,1296706659,1296706659,0,1,1296706602,0x2001bc5d,-1.2044,-1.20454,0.00014,False,0.063
P2_tighten,378,1296706660,1296706659,1,1,1296706602,0x2001bb4c,-1.20787,-1.208,0.00014,False,0.064
P2_tighten,379,1296706660,1296706659,0,1,1296706602,0x2001ba3c,-1.21133,-1.21148,0.000153,False,0.225
P2_tighten,380,1296706660,1296706659,0,1,1296706602,0x2001b92b,-1.21481,-1.21495,0.000141,False,0.063
P2_tighten,381,1296706660,1296706659,0,1,1296706602,0x2001b81a,-1.2183,-1.21842,0.000115,False,0.225
P2_tighten,382,1296706660,1296706659,0,1,1296706602,0x2001b70c,-1.22176,-1.22189,0.000128,False,0.111
P2_tighten,383,1296706660,1296706660,0,1,1296706602,0x2001b5fd,-1.22525,-1.22536,0.000116,False,0.064
P2_tighten,384,1296706661,1296706660,1,1,1296706602,0x2001b4f0,-1.22871,-1.22884,0.000129,False,0.063
P2_tighten,385,1296706661,1296706660,0,1,1296706602,0x2001b3e4,-1.23217,-1.2323,0.000129,False,0.064
P2_tighten,386,1296706661,1296706660,0,1,1296706602,0x2001b2d7,-1.23565,-1.23577,0.000117,False,0.064
P2_tighten,387,1296706661,1296706660,0,1,1296706602,0x2001b1cb,-1.23913,-1.23925,0.000117,False,0.065
P2_tighten,388,1296706661,1296706660,0,1,1296706602,0x2001b0c0,-1.2426,-1.24272,0.000117,False,0.063
P2_tighten,389,1296706661,1296706661,0,1,1296706602,0x2001afb5,-1.24609,-1.24619,0.000104,False,0.064
P2_tighten,390,1296706662,1296706661,1,1,1296706602,0x2001aeab,-1.24956,-1.24967,0.000105,False,0.114
P2_tighten,391,1296706662,1296706661,0,1,1296706602,0x2001ada3,-1.25302,-1.25313,0.000105,False,0.333
P2_tighten,392,1296706662,1296706661,0,1,1296706602,0x2001ac9a,-1.2565,-1.25661,0.000105,False,0.064
P2_tighten,393,1296706662,1296706661,0,1,1296706602,0x2001ab92,-1.25998,-1.26008,0.000105,False,0.064
P2_tighten,394,1296706662,1296706661,0,1,1296706602,0x2001aa8a,-1.26346,-1.26355,9.2e-05,False,0.059
P2_tighten,395,1296706662,1296706662,0,1,1296706602,0x2001a983,-1.26694,-1.26702,7.9e-05,False,0.11
P2_tighten,396,1296706663,1296706662,1,1,1296706602,0x2001a87d,-1.27041,-1.27049,8e-05,False,0.116
P2_tighten,397,1296706663,1296706662,0,1,1296706602,0x2001a779,-1.27387,-1.27396,9.3e-05,False,0.064
P2_tighten,398,1296706663,1296706662,0,1,1296706602,0x2001a673,-1.27736,-1.27743,6.7e-05,False,0.064
P2_tighten,399,1296706663,1296706662,0,1,1296706602,0x2001a570,-1.28082,-1.2809,8e-05,False,0.172
P2_tighten,400,1296706663,1296706662,0,1,1296706602,0x2001a46b,-1.28431,-1.28438,6.7e-05,False,0.115
P2_tighten,401,1296706663,1296706663,0,1,1296706602,0x2001a369,-1.28778,-1.28784,6.7e-05,False,0.063
P2_tighten,402,1296706664,1296706663,1,1,1296706602,0x2001a266,-1.29126,-1.29131,5.4e-05,False,0.064
P2_tighten,403,1296706664,1296706663,0,1,1296706602,0x2001a165,-1.29473,-1.29478,5.4e-05,False,0.219
P2_tighten,404,1296706664,1296706663,0,1,1296706602,0x2001a063,-1.29821,-1.29825,4.1e-05,False,0.061
P2_tighten,405,1296706664,1296706663,0,1,1296706602,0x20019f64,-1.30167,-1.30174,6.8e-05,False,0.064
P2_tighten,406,1296706664,1296706663,0,1,1296706602,0x20019e63,-1.30516,-1.3052,4.1e-05,False,0.063
P2_tighten,407,1296706664,1296706664,0,1,1296706602,0x20019d64,-1.30863,-1.30867,4.1e-05,False,0.058
P2_tighten,408,1296706665,1296706664,1,1,1296706602,0x20019c65,-1.31211,-1.31215,4.1e-05,False,0.112
P2_tighten,409,1296706665,1296706664,0,1,1296706602,0x20019b68,-1.31557,-1.31562,4.1e-05,False,0.062
P2_tighten,410,1296706665,1296706664,0,1,1296706602,0x20019a6a,-1.31906,-1.31909,2.7e-05,False,0.059
P2_tighten,411,1296706665,1296706664,0,1,1296706602,0x2001996e,-1.32252,-1.32256,4.1e-05,False,0.119
P2_tighten,412,1296706665,1296706664,0,1,1296706602,0x20019871,-1.32601,-1.32604,2.8e-05,False,0.169
P2_tighten,413,1296706665,1296706665,0,1,1296706602,0x20019776,-1.32948,-1.3295,2.8e-05,False,0.064
P2_tighten,414,1296706666,1296706665,1,1,1296706602,0x2001967a,-1.33297,-1.33298,1.4e-05,False,0.119
P2_tighten,415,1296706666,1296706665,0,1,1296706602,0x20019581,-1.33642,-1.33644,1.4e-05,False,0.064
P2_tighten,416,1296706666,1296706665,0,1,1296706602,0x20019486,-1.33992,-1.33992,0.0,False,0.063
P2_tighten,417,1296706666,1296706665,0,1,1296706602,0x2001938e,-1.34337,-1.34339,1.4e-05,False,0.172
P2_tighten,418,1296706666,1296706665,0,1,1296706602,0x20019295,-1.34686,-1.34686,0.0,False,0.119
P2_tighten,419,1296706666,1296706666,0,1,1296706602,0x2001919d,-1.35033,-1.35033,0.0,False,0.064
P2_tighten,420,1296706667,1296706666,1,1,1296706602,0x200190a5,-1.35382,-1.3538,-1.4e-05,False,0.06
P2_tighten,421,1296706667,1296706666,0,1,1296706602,0x20018faf,-1.35728,-1.35727,-1.4e-05,False,0.393
P2_tighten,422,1296706667,1296706666,0,1,1296706602,0x20018eb8,-1.36077,-1.36074,-2.8e-05,False,0.063
P2_tighten,423,1296706667,1296706666,0,1,1296706602,0x20018dc3,-1.36423,-1.36422,-1.4e-05,False,0.115
P2_tighten,424,1296706667,1296706666,0,1,1296706602,0x20018cce,-1.36771,-1.36768,-2.8e-05,False,0.064
P2_tighten,425,1296706667,1296706667,0,1,1296706602,0x20018bda,-1.37118,-1.37116,-1.4e-05,False,0.119
P2_tighten,426,1296706668,1296706667,1,1,1296706602,0x20018ae6,-1.37466,-1.37463,-2.9e-05,False,0.063
P2_tighten,427,1296706668,1296706667,0,1,1296706602,0x200189f3,-1.37813,-1.3781,-2.9e-05,False,0.063
P2_tighten,428,1296706668,1296706667,0,1,1296706602,0x20018900,-1.38161,-1.38157,-4.3e-05,False,0.064
P2_tighten,429,1296706668,1296706667,0,1,1296706602,0x2001880e,-1.38508,-1.38504,-4.3e-05,False,0.119
P2_tighten,430,1296706668,1296706667,0,1,1296706602,0x2001871c,-1.38857,-1.38851,-5.8e-05,False,0.283
P2_tighten,431,1296706668,1296706668,0,1,1296706602,0x2001862c,-1.39203,-1.39199,-4.3e-05,False,0.173
P2_tighten,432,1296706669,1296706668,1,1,1296706602,0x2001853b,-1.39551,-1.39546,-5.8e-05,False,0.061
P2_tighten,433,1296706669,1296706668,0,1,1296706602,0x2001844c,-1.39898,-1.39892,-5.8e-05,False,0.173
P2_tighten,434,1296706669,1296706668,0,1,1296706602,0x2001835d,-1.40245,-1.40239,-5.8e-05,False,0.063
P2_tighten,435,1296706669,1296706668,0,1,1296706602,0x2001826f,-1.40592,-1.40587,-4.4e-05,False,0.228
P2_tighten,436,1296706669,1296706668,0,1,1296706602,0x20018180,-1.40941,-1.40935,-5.8e-05,False,0.064
P2_tighten,437,1296706669,1296706669,0,1,1296706602,0x20018093,-1.41288,-1.41282,-5.9e-05,False,0.064
P2_tighten,438,1296706670,1296706669,1,1,1296706602,0x20017fa6,-1.41635,-1.41628,-7.3e-05,False,0.064
P2_tighten,439,1296706670,1296706669,0,1,1296706602,0x20017eba,-1.41982,-1.41975,-7.4e-05,False,0.061
P2_tighten,440,1296706670,1296706669,0,1,1296706602,0x20017dcf,-1.42329,-1.42323,-5.9e-05,False,0.06
P2_tighten,441,1296706670,1296706669,0,1,1296706602,0x20017ce3,-1.42678,-1.4267,-7.4e-05,False,0.119
P2_tighten,442,1296706670,1296706669,0,1,1296706602,0x20017bf8,-1.43026,-1.43017,-8.9e-05,False,0.173
P2_tighten,443,1296706670,1296706670,0,1,1296706602,0x20017b0f,-1.43372,-1.43364,-7.4e-05,False,0.116
P2_tighten,444,1296706671,1296706670,1,1,1296706602,0x20017a25,-1.4372,-1.43711,-8.9e-05,False,0.115
P2_tighten,445,1296706671,1296706670,0,1,1296706602,0x2001793d,-1.44066,-1.44059,-7.5e-05,False,0.062
P2_tighten,446,1296706671,1296706670,0,1,1296706602,0x20017855,-1.44413,-1.44406,-7.5e-05,False,0.119
P2_tighten,447,1296706671,1296706670,0,1,1296706602,0x2001776d,-1.44761,-1.44752,-9e-05,False,0.119
P2_tighten,448,1296706671,1296706670,0,1,1296706602,0x20017685,-1.4511,-1.45099,-0.000105,False,0.119
P2_tighten,449,1296706671,1296706671,0,1,1296706602,0x2001759f,-1.45456,-1.45447,-9e-05,False,0.119
P2_tighten,450,1296706672,1296706671,1,1,1296706602,0x200174b9,-1.45804,-1.45795,-9.1e-05,False,0.063
P2_tighten,451,1296706672,1296706671,0,1,1296706602,0x200173d4,-1.4615,-1.46141,-9.1e-05,False,0.064
P2_tighten,452,1296706672,1296706671,0,1,1296706602,0x200172ef,-1.46498,-1.46489,-9.1e-05,False,0.064
P2_tighten,453,1296706672,1296706671,0,1,1296706602,0x2001720a,-1.46846,-1.46835,-0.000107,False,0.06
P2_tighten,454,1296706672,1296706671,0,1,1296706602,0x20017126,-1.47194,-1.47183,-0.000107,False,0.062
P2_tighten,455,1296706672,1296706672,0,1,1296706602,0x20017043,-1.47541,-1.4753,-0.000107,False,0.064
P2_tighten,456,1296706673,1296706672,1,1,1296706602,0x20016f60,-1.47888,-1.47876,-0.000123,False,0.064
P2_tighten,457,1296706673,1296706672,0,1,1296706602,0x20016e7f,-1.48234,-1.48223,-0.000108,False,0.172
P2_tighten,458,1296706673,1296706672,0,1,1296706602,0x20016d9e,-1.4858,-1.48571,-9.2e-05,False,0.116
P2_tighten,459,1296706673,1296706672,0,1,1296706602,0x20016cbc,-1.48929,-1.48918,-0.000108,False,0.064
P2_tighten,460,1296706673,1296706672,0,1,1296706602,0x20016bdc,-1.49276,-1.49265,-0.000108,False,0.119
P2_tighten,461,1296706673,1296706673,0,1,1296706602,0x20016afc,-1.49623,-1.49612,-0.000109,False,0.115
P2_tighten,462,1296706674,1296706673,1,1,1296706602,0x20016a1c,-1.49971,-1.4996,-0.000109,False,0.064
P2_tighten,463,1296706674,1296706673,0,1,1296706602,0x2001693d,-1.50319,-1.50306,-0.000125,False,0.064
P2_tighten,464,1296706674,1296706673,0,1,1296706602,0x20016860,-1.50664,-1.50653,-0.000109,False,0.12
P2_tighten,465,1296706674,1296706673,0,1,1296706602,0x20016781,-1.51013,-1.51001,-0.000125,False,0.173
P2_tighten,466,1296706674,1296706673,0,1,1296706602,0x200166a5,-1.51358,-1.51347,-0.00011,False,0.118
P2_tighten,467,1296706674,1296706674,0,1,1296706602,0x200165c7,-1.51708,-1.51695,-0.000126,False,0.064
P2_tighten,468,1296706675,1296706674,1,1,1296706602,0x200164eb,-1.52055,-1.52042,-0.000126,False,0.064
P2_tighten,469,1296706675,1296706674,0,1,1296706602,0x20016410,-1.52401,-1.5239,-0.000111,False,0.064
P2_tighten,470,1296706675,1296706674,0,1,1296706602,0x20016335,-1.52748,-1.52737,-0.000111,False,0.119
P2_tighten,471,1296706675,1296706674,0,1,1296706602,0x2001625a,-1.53096,-1.53083,-0.000127,False,0.116
P2_tighten,472,1296706675,1296706674,0,1,1296706602,0x20016180,-1.53443,-1.5343,-0.000128,False,0.119
P2_tighten,473,1296706675,1296706675,0,1,1296706602,0x200160a7,-1.53789,-1.53778,-0.000112,False,0.117
P2_tighten,474,1296706676,1296706675,1,1,1296706602,0x20015fce,-1.54136,-1.54125,-0.000112,False,0.063
P2_tighten,475,1296706676,1296706675,0,1,1296706602,0x20015ef5,-1.54484,-1.54472,-0.000128,False,0.063
P2_tighten,476,1296706676,1296706675,0,1,1296706602,0x20015e1e,-1.5483,-1.54819,-0.000113,False,0.059
P2_tighten,477,1296706676,1296706675,0,1,1296706602,0x20015d46,-1.55178,-1.55167,-0.000113,False,0.063
P2_tighten,478,1296706676,1296706675,0,1,1296706602,0x20015c6f,-1.55525,-1.55514,-0.000113,False,0.064
P2_tighten,479,1296706676,1296706676,0,1,1296706602,0x20015b99,-1.55872,-1.55861,-0.000113,False,0.059
P2_tighten,480,1296706677,1296706676,1,1,1296706602,0x20015ac3,-1.56219,-1.56208,-0.000114,False,0.061
P2_tighten,481,1296706677,1296706676,0,1,1296706602,0x200159ee,-1.56566,-1.56555,-0.000114,False,0.064
P2_tighten,482,1296706677,1296706676,0,1,1296706602,0x20015919,-1.56913,-1.56902,-0.000114,False,0.064
P2_tighten,483,1296706677,1296706676,0,1,1296706602,0x20015845,-1.5726,-1.57249,-0.000115,False,0.063
P2_tighten,484,1296706677,1296706676,0,1,1296706602,0x20015771,-1.57607,-1.57596,-0.000115,False,0.118
P2_tighten,485,1296706677,1296706677,0,1,1296706602,0x2001569e,-1.57954,-1.57944,-9.9e-05,False,0.17
P2_tighten,486,1296706678,1296706677,1,1,1296706602,0x200155cb,-1.58302,-1.5829,-0.000115,False,0.059
P2_tighten,487,1296706678,1296706677,0,1,1296706602,0x200154f9,-1.58648,-1.58637,-0.000116,False,0.061
P2_tighten,488,1296706678,1296706677,0,1,1296706602,0x20015427,-1.58996,-1.58984,-0.000116,False,0.333
P2_tighten,489,1296706678,1296706677,0,1,1296706602,0x20015356,-1.59342,-1.59332,-0.0001,False,0.176
P2_tighten,490,1296706678,1296706677,0,1,1296706602,0x20015286,-1.59688,-1.59678,-0.0001,False,0.063
P2_tighten,491,1296706678,1296706678,0,1,1296706602,0x200151b5,-1.60037,-1.60027,-0.0001,False,0.116
P2_tighten,492,1296706679,1296706678,1,1,1296706602,0x200150e6,-1.60382,-1.60374,-8.4e-05,False,0.12
P2_tighten,493,1296706679,1296706678,0,1,1296706602,0x20015016,-1.60731,-1.60721,-0.000101,False,0.064
P2_tighten,494,1296706679,1296706678,0,1,1296706602,0x20014f48,-1.61077,-1.61067,-0.000101,False,0.061
P2_tighten,495,1296706679,1296706678,0,1,1296706602,0x20014e79,-1.61425,-1.61415,-0.000101,False,0.114
P2_tighten,496,1296706679,1296706678,0,1,1296706602,0x20014dac,-1.61771,-1.61762,-8.4e-05,False,0.115
P2_tighten,497,1296706679,1296706679,0,1,1296706602,0x20014cde,-1.62119,-1.62109,-0.000102,False,0.063
P2_tighten,498,1296706680,1296706679,1,1,1296706602,0x20014c12,-1.62465,-1.62456,-8.5e-05,False,0.172
P2_tighten,499,1296706680,1296706679,0,1,1296706602,0x20014b47,-1.6281,-1.62803,-6.8e-05,False,0.174
P2_tighten,500,1296706680,1296706679,0,1,1296706602,0x20014a7a,-1.63159,-1.63151,-8.5e-05,False,0.173
P2_tighten,501,1296706680,1296706679,0,1,1296706602,0x200149af,-1.63506,-1.63497,-8.5e-05,False,0.063
P2_tighten,502,1296706680,1296706679,0,1,1296706602,0x200148e5,-1.63851,-1.63844,-6.9e-05,False,0.063
P2_tighten,503,1296706680,1296706680,0,1,1296706602,0x2001481a,-1.642,-1.64191,-8.6e-05,False,0.12
P2_tighten,504,1296706681,1296706680,1,1,1296706602,0x20014751,-1.64545,-1.64538,-6.9e-05,False,0.06
P2_tighten,505,1296706681,1296706680,0,1,1296706602,0x20014688,-1.64892,-1.64887,-5.2e-05,False,0.063
P2_tighten,506,1296706681,1296706680,0,1,1296706602,0x200145bf,-1.65239,-1.65232,-6.9e-05,False,0.114
P2_tighten,507,1296706681,1296706680,0,1,1296706602,0x200144f6,-1.65587,-1.6558,-6.9e-05,False,0.119
P2_tighten,508,1296706681,1296706680,0,1,1296706602,0x2001442f,-1.65933,-1.65928,-5.2e-05,False,0.059
P2_tighten,509,1296706681,1296706681,0,1,1296706602,0x20014367,-1.66281,-1.66274,-7e-05,False,0.064
P2_tighten,510,1296706682,1296706681,1,1,1296706602,0x200142a1,-1.66626,-1.66621,-5.2e-05,False,0.169
P2_tighten,511,1296706682,1296706681,0,1,1296706602,0x200141db,-1.66973,-1.66969,-3.5e-05,False,0.119
P2_tighten,512,1296706682,1296706681,0,1,1296706602,0x20014115,-1.6732,-1.67316,-3.5e-05,False,0.06
P2_tighten,513,1296706682,1296706681,0,1,1296706602,0x20014050,-1.67666,-1.67662,-3.5e-05,False,0.118
P2_tighten,514,1296706682,1296706681,0,1,1296706602,0x20013f8a,-1.68015,-1.68009,-5.3e-05,False,0.119
P2_tighten,515,1296706682,1296706682,0,1,1296706602,0x20013ec6,-1.68361,-1.68357,-3.5e-05,False,0.172
P2_tighten,516,1296706683,1296706682,1,1,1296706602,0x20013e02,-1.68708,-1.68704,-3.5e-05,False,0.122
P2_tighten,517,1296706683,1296706682,0,1,1296706602,0x20013d3f,-1.69054,-1.69052,-1.8e-05,False,0.173
P2_tighten,518,1296706683,1296706682,0,1,1296706602,0x20013c7c,-1.694,-1.69399,-1.8e-05,False,0.228
P2_tighten,519,1296706683,1296706682,0,1,1296706602,0x20013bba,-1.69746,-1.69746,0.0,False,0.117
P2_tighten,520,1296706683,1296706682,0,1,1296706602,0x20013af7,-1.70095,-1.70093,-1.8e-05,False,0.225
P2_tighten,521,1296706683,1296706683,0,1,1296706602,0x20013a35,-1.70442,-1.7044,-1.8e-05,False,0.281
P2_tighten,522,1296706684,1296706683,1,1,1296706602,0x20013975,-1.70787,-1.70787,0.0,False,0.064
P2_tighten,523,1296706684,1296706683,0,1,1296706602,0x200138b4,-1.71134,-1.71134,0.0,False,0.064
P2_tighten,524,1296706684,1296706683,0,1,1296706602,0x200137f4,-1.71481,-1.71481,0.0,False,0.116
P2_tighten,525,1296706684,1296706683,0,1,1296706602,0x20013734,-1.71828,-1.71828,0.0,False,0.064
P2_tighten,526,1296706684,1296706683,0,1,1296706602,0x20013675,-1.72174,-1.72176,1.8e-05,False,0.064
P2_tighten,527,1296706684,1296706684,0,1,1296706602,0x200135b6,-1.72522,-1.72523,1.8e-05,False,0.172
P2_tighten,528,1296706685,1296706684,1,1,1296706602,0x200134f8,-1.72868,-1.7287,1.8e-05,False,0.17
P2_tighten,529,1296706685,1296706684,0,1,1296706602,0x2001343a,-1.73215,-1.73217,1.8e-05,False,0.064
P2_tighten,530,1296706685,1296706684,0,1,1296706602,0x2001337c,-1.73563,-1.73564,1.8e-05,False,0.116
P2_tighten,531,1296706685,1296706684,0,1,1296706602,0x200132c0,-1.73907,-1.73911,3.7e-05,False,0.279
P2_tighten,532,1296706685,1296706684,0,1,1296706602,0x20013203,-1.74255,-1.74259,3.7e-05,False,0.059
P2_tighten,533,1296706685,1296706685,0,1,1296706602,0x20013147,-1.74602,-1.74605,3.7e-05,False,0.168
P2_tighten,534,1296706686,1296706685,1,1,1296706602,0x2001308b,-1.74949,-1.74953,3.7e-05,False,0.063
P2_tighten,535,1296706686,1296706685,0,1,1296706602,0x20012fd1,-1.75294,-1.75299,5.6e-05,False,0.17
P2_tighten,536,1296706686,1296706685,0,1,1296706602,0x20012f16,-1.75641,-1.75647,5.6e-05,False,0.115
P2_tighten,537,1296706686,1296706685,0,1,1296706602,0x20012e5c,-1.75987,-1.75995,7.5e-05,False,0.064
P2_tighten,538,1296706686,1296706685,0,1,1296706602,0x20012da1,-1.76336,-1.76342,5.6e-05,False,0.061
P2_tighten,539,1296706686,1296706686,0,1,1296706602,0x20012ce9,-1.76681,-1.76688,7.5e-05,False,0.06
P2_tighten,540,1296706687,1296706686,1,1,1296706602,0x20012c2f,-1.77029,-1.77035,5.6e-05,False,0.115
P2_tighten,541,1296706687,1296706686,0,1,1296706602,0x20012b77,-1.77375,-1.77383,7.5e-05,False,0.064
P2_tighten,542,1296706687,1296706686,0,1,1296706602,0x20012abf,-1.77722,-1.77729,7.5e-05,False,0.229
P2_tighten,543,1296706687,1296706686,0,1,1296706602,0x20012a08,-1.78067,-1.78077,9.5e-05,False,0.119
P2_tighten,544,1296706687,1296706686,0,1,1296706602,0x20012950,-1.78416,-1.78423,7.6e-05,False,0.062
P2_tighten,545,1296706687,1296706687,0,1,1296706602,0x2001289a,-1.78761,-1.78771,9.5e-05,False,0.058
P2_tighten,546,1296706688,1296706687,1,1,1296706602,0x200127e3,-1.79109,-1.79119,9.5e-05,False,0.06
P2_tighten,547,1296706688,1296706687,0,1,1296706602,0x2001272e,-1.79454,-1.79466,0.000115,False,0.225
P2_tighten,548,1296706688,1296706687,0,1,1296706602,0x20012678,-1.79802,-1.79812,9.6e-05,False,0.166
P2_tighten,549,1296706688,1296706687,0,1,1296706602,0x200125c3,-1.80149,-1.80159,9.6e-05,False,0.116
P2_tighten,550,1296706688,1296706687,0,1,1296706602,0x2001250e,-1.80497,-1.80506,9.6e-05,False,0.06
P2_tighten,551,1296706688,1296706688,0,1,1296706602,0x2001245b,-1.80841,-1.80853,0.000116,False,0.172
P2_tighten,552,1296706689,1296706688,1,1,1296706602,0x200123a6,-1.81191,-1.812,9.7e-05,False,0.059
P2_tighten,553,1296706689,1296706688,0,1,1296706602,0x200122f4,-1.81535,-1.81549,0.000136,False,0.063
P2_tighten,554,1296706689,1296706688,0,1,1296706602,0x20012240,-1.81884,-1.81896,0.000117,False,0.119
P2_tighten,555,1296706689,1296706688,0,1,1296706602,0x2001218e,-1.8223,-1.82242,0.000117,False,0.118
P2_tighten,556,1296706689,1296706688,0,1,1296706602,0x200120dc,-1.82577,-1.82589,0.000117,False,0.063
P2_tighten,557,1296706689,1296706689,0,1,1296706602,0x2001202b,-1.82923,-1.82937,0.000137,False,0.061
P2_tighten,558,1296706690,1296706689,1,1,1296706602,0x20011f79,-1.83271,-1.83283,0.000118,False,0.281
P2_tighten,559,1296706690,1296706689,0,1,1296706602,0x20011ec9,-1.83617,-1.83631,0.000138,False,0.118
P2_tighten,560,1296706690,1296706689,0,1,1296706602,0x20011e18,-1.83965,-1.83977,0.000118,False,0.118
P2_tighten,561,1296706690,1296706689,0,1,1296706602,0x20011d69,-1.8431,-1.84326,0.000158,False,0.281
P2_tighten,562,1296706690,1296706689,0,1,1296706602,0x20011cb9,-1.84658,-1.84672,0.000139,False,0.062
P2_tighten,563,1296706690,1296706690,0,1,1296706602,0x20011c0a,-1.85005,-1.85019,0.000139,False,0.064
P2_tighten,564,1296706691,1296706690,1,1,1296706602,0x20011b5b,-1.85353,-1.85366,0.000139,False,0.06
P2_tighten,565,1296706691,1296706690,0,1,1296706602,0x20011aad,-1.85699,-1.85713,0.00014,False,0.281
P2_tighten,566,1296706691,1296706690,0,1,1296706602,0x200119ff,-1.86046,-1.8606,0.00014,False,0.115
P2_tighten,567,1296706691,1296706690,0,1,1296706602,0x20011952,-1.86392,-1.86408,0.00016,False,0.168
P2_tighten,568,1296706691,1296706690,0,1,1296706602,0x200118a5,-1.86739,-1.86756,0.000161,False,0.442
P2_tighten,569,1296706691,1296706691,0,1,1296706602,0x200117f9,-1.87085,-1.87101,0.000161,False,0.171
P2_tighten,570,1296706692,1296706691,1,1,1296706602,0x2001174c,-1.87434,-1.8745,0.000161,False,0.064
P2_tighten,571,1296706692,1296706691,0,1,1296706602,0x200116a1,-1.87779,-1.87796,0.000162,False,0.064
P2_tighten,572,1296706692,1296706691,0,1,1296706602,0x200115f6,-1.88126,-1.88144,0.000182,False,0.174
P2_tighten,573,1296706692,1296706691,0,1,1296706602,0x2001154a,-1.88475,-1.88491,0.000163,False,0.063
P2_tighten,574,1296706692,1296706691,0,1,1296706602,0x2001149f,-1.88823,-1.88837,0.000143,False,0.118
P2_tighten,575,1296706692,1296706692,0,1,1296706602,0x200113f5,-1.89169,-1.89186,0.000163,False,0.064
P2_tighten,576,1296706693,1296706692,1,1,1296706602,0x2001134b,-1.89517,-1.89531,0.000143,False,0.064
P2_tighten,577,1296706693,1296706692,0,1,1296706602,0x200112a2,-1.89863,-1.8988,0.000164,False,0.12
P2_tighten,578,1296706693,1296706692,0,1,1296706602,0x200111fa,-1.90209,-1.90227,0.000185,False,0.061
P2_tighten,579,1296706693,1296706692,0,1,1296706602,0x20011151,-1.90557,-1.90573,0.000165,False,0.173
P2_tighten,580,1296706693,1296706692,0,1,1296706602,0x200110a8,-1.90906,-1.9092,0.000145,False,0.221
P2_tighten,581,1296706693,1296706693,0,1,1296706602,0x20011001,-1.91251,-1.91268,0.000166,False,0.116
P2_tighten,582,1296706694,1296706693,1,1,1296706602,0x20010f59,-1.916,-1.91614,0.000145,False,0.065
P2_tighten,583,1296706694,1296706693,0,1,1296706602,0x20010eb2,-1.91947,-1.91961,0.000146,False,0.063
P2_tighten,584,1296706694,1296706693,0,1,1296706602,0x20010e0c,-1.92293,-1.9231,0.000167,False,0.063
P2_tighten,585,1296706694,1296706693,0,1,1296706602,0x20010d65,-1.92642,-1.92656,0.000146,False,0.165
P2_tighten,586,1296706694,1296706693,0,1,1296706602,0x20010cc0,-1.92987,-1.93004,0.000168,False,0.064
P2_tighten,587,1296706694,1296706694,0,1,1296706602,0x20010c1a,-1.93336,-1.93351,0.000147,False,0.171
P2_tighten,588,1296706695,1296706694,1,1,1296706602,0x20010b74,-1.93685,-1.93698,0.000126,False,0.065
P2_tighten,589,1296706695,1296706694,0,1,1296706602,0x20010ad0,-1.94031,-1.94044,0.000127,False,0.063
P2_tighten,590,1296706695,1296706694,0,1,1296706602,0x20010a2c,-1.94378,-1.94391,0.000127,False,0.064
P2_tighten,591,1296706695,1296706694,0,1,1296706602,0x20010988,-1.94726,-1.94738,0.000127,False,0.111
P2_tighten,592,1296706695,1296706694,0,1,1296706602,0x200108e4,-1.95074,-1.95087,0.000128,False,0.118
P2_tighten,593,1296706695,1296706695,0,1,1296706602,0x20010841,-1.95421,-1.95434,0.000128,False,0.064
P2_tighten,594,1296706696,1296706695,1,1,1296706602,0x2001079e,-1.95769,-1.9578,0.000107,False,0.063
P2_tighten,595,1296706696,1296706695,0,1,1296706602,0x200106fb,-1.96118,-1.96127,8.6e-05,False,0.063
P2_tighten,596,1296706696,1296706695,0,1,1296706602,0x2001065a,-1.96464,-1.96474,0.000107,False,0.064
P2_tighten,597,1296706696,1296706695,0,1,1296706602,0x200105b8,-1.96812,-1.96821,8.6e-05,False,0.06
P2_tighten,598,1296706696,1296706695,0,1,1296706602,0x20010517,-1.97159,-1.97168,8.6e-05,False,0.228
P2_tighten,599,1296706696,1296706696,0,1,1296706602,0x20010475,-1.97509,-1.97516,6.5e-05,False,0.064
P2_tighten,600,1296706697,1296706696,1,1,1296706602,0x200103d4,-1.97858,-1.97862,4.3e-05,False,0.119
P2_tighten,601,1296706697,1296706696,0,1,1296706602,0x20010334,-1.98206,-1.9821,4.3e-05,False,0.222
P2_tighten,602,1296706697,1296706696,0,1,1296706602,0x20010295,-1.98552,-1.98558,6.5e-05,False,0.116
P2_tighten,603,1296706697,1296706696,0,1,1296706602,0x200101f5,-1.98901,-1.98905,4.4e-05,False,0.171
P2_tighten,604,1296706697,1296706696,0,1,1296706602,0x20010156,-1.99249,-1.99251,2.2e-05,False,0.115
P2_tighten,605,1296706697,1296706697,0,1,1296706602,0x200100b7,-1.99597,-1.99599,2.2e-05,False,0.064
P2_tighten,606,1296706698,1296706697,1,1,1296706602,0x20010019,-1.99944,-1.99947,2.2e-05,False,0.115
P2_tighten,607,1296706698,1296706697,0,1,1296706602,0x2000ff7b,-2.00293,-2.00293,0.0,False,0.061
P2_tighten,608,1296706698,1296706697,0,1,1296706602,0x2000fedf,-2.00637,-2.00639,2.2e-05,False,0.064
P2_tighten,609,1296706698,1296706697,0,1,1296706602,0x2000fe42,-2.00985,-2.00987,2.2e-05,False,0.061
P2_tighten,610,1296706698,1296706697,0,1,1296706602,0x2000fda6,-2.01331,-2.01335,4.4e-05,False,0.174
P2_tighten,611,1296706698,1296706698,0,1,1296706602,0x2000fd0a,-2.01678,-2.01682,4.5e-05,False,0.117
P2_tighten,612,1296706699,1296706698,1,1,1296706602,0x2000fc6f,-2.02023,-2.02028,4.5e-05,False,0.171
P2_tighten,613,1296706699,1296706698,0,1,1296706602,0x2000fbd4,-2.0237,-2.02377,6.7e-05,False,0.228
P2_tighten,614,1296706699,1296706698,0,1,1296706602,0x2000fb3a,-2.02715,-2.02722,6.7e-05,False,0.064
P2_tighten,615,1296706699,1296706698,0,1,1296706602,0x2000fa9f,-2.03063,-2.0307,6.7e-05,False,0.061
P2_tighten,616,1296706699,1296706698,0,1,1296706602,0x2000fa06,-2.03407,-2.03417,9e-05,False,0.338
P2_tighten,617,1296706699,1296706699,0,1,1296706602,0x2000f96c,-2.03755,-2.03764,9e-05,False,0.114
P2_tighten,618,1296706700,1296706699,1,1,1296706602,0x2000f8d3,-2.04101,-2.04112,0.000113,False,0.335
P2_tighten,619,1296706700,1296706699,0,1,1296706602,0x2000f83a,-2.04448,-2.04459,0.000114,False,0.118
P2_tighten,620,1296706700,1296706699,0,1,1296706602,0x2000f7a2,-2.04794,-2.04805,0.000114,False,0.443
P2_tighten,621,1296706700,1296706699,0,1,1296706602,0x2000f709,-2.05142,-2.05154,0.000114,False,0.115
P2_tighten,622,1296706700,1296706699,0,1,1296706602,0x2000f672,-2.05487,-2.05501,0.000137,False,0.227
P2_tighten,623,1296706700,1296706700,0,1,1296706602,0x2000f5da,-2.05835,-2.05847,0.000115,False,0.17
P2_tighten,624,1296706701,1296706700,1,1,1296706602,0x2000f543,-2.06182,-2.06195,0.000138,False,0.064
P2_tighten,625,1296706701,1296706700,0,1,1296706602,0x2000f4ac,-2.06529,-2.06541,0.000115,False,0.173
P2_tighten,626,1296706701,1296706700,0,1,1296706602,0x2000f416,-2.06875,-2.06889,0.000139,False,0.281
P2_tighten,627,1296706701,1296706700,0,1,1296706602,0x2000f380,-2.07222,-2.07236,0.000139,False,0.117
P2_tighten,628,1296706701,1296706700,0,1,1296706602,0x2000f2ea,-2.07569,-2.07583,0.000139,False,0.393
P2_tighten,629,1296706701,1296706701,0,1,1296706602,0x2000f255,-2.07915,-2.07929,0.00014,False,0.064
P2_tighten,630,1296706702,1296706701,1,1,1296706602,0x2000f1c0,-2.08262,-2.08276,0.00014,False,0.063
P2_tighten,631,1296706702,1296706701,0,1,1296706602,0x2000f12c,-2.08608,-2.08624,0.000164,False,0.064
P2_tighten,632,1296706702,1296706701,0,1,1296706602,0x2000f097,-2.08956,-2.0897,0.000141,False,0.226
P2_tighten,633,1296706702,1296706701,0,1,1296706602,0x2000f003,-2.09303,-2.09317,0.000141,False,0.169
P2_tighten,634,1296706702,1296706701,0,1,1296706602,0x2000ef70,-2.09649,-2.09665,0.000165,False,0.28
P2_tighten,635,1296706702,1296706702,0,1,1296706602,0x2000eedc,-2.09998,-2.10012,0.000142,False,0.119
P2_tighten,636,1296706703,1296706702,1,1,1296706602,0x2000ee4a,-2.10343,-2.10359,0.000166,False,0.116
P2_tighten,637,1296706703,1296706702,0,1,1296706602,0x2000edb7,-2.10691,-2.10707,0.000166,False,0.063
P2_tighten,638,1296706703,1296706702,0,1,1296706602,0x2000ed25,-2.11037,-2.11054,0.000166,False,0.062
P2_tighten,639,1296706703,1296706702,0,1,1296706602,0x2000ec93,-2.11385,-2.11401,0.000167,False,0.064
P2_tighten,640,1296706703,1296706702,0,1,1296706602,0x2000ec01,-2.11733,-2.11749,0.000167,False,0.333
P2_tighten,641,1296706703,1296706703,0,1,1296706602,0x2000eb70,-2.12079,-2.12096,0.000168,False,0.063
P2_tighten,642,1296706704,1296706703,1,1,1296706602,0x2000eadf,-2.12427,-2.12444,0.000168,False,0.229
P2_tighten,643,1296706704,1296706703,0,1,1296706602,0x2000ea4f,-2.12773,-2.1279,0.000168,False,0.064
P2_tighten,644,1296706704,1296706703,0,1,1296706602,0x2000e9bf,-2.1312,-2.13136,0.000169,False,0.12
P2_tighten,645,1296706704,1296706703,0,1,1296706602,0x2000e92f,-2.13467,-2.13484,0.000169,False,0.222
P2_tighten,646,1296706704,1296706703,0,1,1296706602,0x2000e8a0,-2.13813,-2.1383,0.00017,False,0.063
P2_tighten,647,1296706704,1296706704,0,1,1296706602,0x2000e810,-2.14162,-2.14179,0.00017,False,0.336
P2_tighten,648,1296706705,1296706704,1,1,1296706602,0x2000e782,-2.14508,-2.14525,0.00017,False,0.064
P2_tighten,649,1296706705,1296706704,0,1,1296706602,0x2000e6f4,-2.14854,-2.14873,0.000195,False,0.119
P2_tighten,650,1296706705,1296706704,0,1,1296706602,0x2000e665,-2.15203,-2.1522,0.000171,False,0.06
P2_tighten,651,1296706705,1296706704,0,1,1296706602,0x2000e5d8,-2.15548,-2.15566,0.000172,False,0.063
P2_tighten,652,1296706705,1296706704,0,1,1296706602,0x2000e54a,-2.15897,-2.15914,0.000172,False,0.169
P2_tighten,653,1296706705,1296706705,0,1,1296706602,0x2000e4bc,-2.16247,-2.16261,0.000148,False,0.064
P2_tighten,654,1296706706,1296706705,1,1,1296706602,0x2000e430,-2.16592,-2.16609,0.000173,False,0.114
P2_tighten,655,1296706706,1296706705,0,1,1296706602,0x2000e3a4,-2.16938,-2.16955,0.000173,False,0.174
P2_tighten,656,1296706706,1296706705,0,1,1296706602,0x2000e317,-2.17288,-2.17302,0.000149,False,0.17
P2_tighten,657,1296706706,1296706705,0,1,1296706602,0x2000e28c,-2.17633,-2.1765,0.000174,False,0.064
P2_tighten,658,1296706706,1296706705,0,1,1296706602,0x2000e200,-2.17982,-2.17997,0.00015,False,0.064
P2_tighten,659,1296706706,1296706706,0,1,1296706602,0x2000e175,-2.18329,-2.18344,0.00015,False,0.064
P2_tighten,660,1296706707,1296706706,1,1,1296706602,0x2000e0ea,-2.18676,-2.18691,0.00015,False,0.062
P2_tighten,661,1296706707,1296706706,0,1,1296706602,0x2000e060,-2.19023,-2.19038,0.000151,False,0.276
P2_tighten,662,1296706707,1296706706,0,1,1296706602,0x2000dfd6,-2.1937,-2.19385,0.000151,False,0.282
P2_tighten,663,1296706707,1296706706,0,1,1296706602,0x2000df4c,-2.19718,-2.19733,0.000151,False,0.063
P2_tighten,664,1296706707,1296706706,0,1,1296706602,0x2000dec2,-2.20066,-2.20079,0.000127,False,0.059
P2_tighten,665,1296706707,1296706707,0,1,1296706602,0x2000de3a,-2.20411,-2.20426,0.000152,False,0.061
P2_tighten,666,1296706708,1296706707,1,1,1296706602,0x2000ddb1,-2.20759,-2.20774,0.000153,False,0.119
P2_tighten,667,1296706708,1296706707,0,1,1296706602,0x2000dd28,-2.21107,-2.2112,0.000127,False,0.065
P2_tighten,668,1296706708,1296706707,0,1,1296706602,0x2000dca0,-2.21454,-2.21467,0.000128,False,0.12
P2_tighten,669,1296706708,1296706707,0,1,1296706602,0x2000dc18,-2.21802,-2.21815,0.000128,False,0.282
P2_tighten,670,1296706708,1296706707,0,1,1296706602,0x2000db91,-2.22148,-2.22161,0.000128,False,0.064
P2_tighten,671,1296706708,1296706708,0,1,1296706602,0x2000db0a,-2.22495,-2.2251,0.000154,False,0.166
P2_tighten,672,1296706709,1296706708,1,1,1296706602,0x2000da82,-2.22845,-2.22856,0.000103,False,0.059
P2_tighten,673,1296706709,1296706708,0,1,1296706602,0x2000d9fc,-2.23191,-2.23204,0.000129,False,0.275
P2_tighten,674,1296706709,1296706708,0,1,1296706602,0x2000d976,-2.23538,-2.23551,0.00013,False,0.064
P2_tighten,675,1296706709,1296706708,0,1,1296706602,0x2000d8f0,-2.23886,-2.23899,0.00013,False,0.06
P2_tighten,676,1296706709,1296706708,0,1,1296706602,0x2000d86a,-2.24234,-2.24245,0.000104,False,0.12
P2_tighten,677,1296706709,1296706709,0,1,1296706602,0x2000d7e5,-2.24581,-2.24592,0.000104,False,0.173
P2_tighten,678,1296706710,1296706709,1,1,1296706602,0x2000d760,-2.24929,-2.24939,0.000105,False,0.064
P2_tighten,679,1296706710,1296706709,0,1,1296706602,0x2000d6dc,-2.25275,-2.25285,0.000105,False,0.119
P2_tighten,680,1296706710,1296706709,0,1,1296706602,0x2000d657,-2.25624,-2.25634,0.000105,False,0.115
P2_tighten,681,1296706710,1296706709,0,1,1296706602,0x2000d5d3,-2.25971,-2.25979,7.9e-05,False,0.064
P2_tighten,682,1296706710,1296706709,0,1,1296706602,0x2000d54f,-2.2632,-2.26328,7.9e-05,False,0.173
P2_tighten,683,1296706710,1296706710,0,1,1296706602,0x2000d4cc,-2.26666,-2.26674,7.9e-05,False,0.383
P2_tighten,684,1296706711,1296706710,1,1,1296706602,0x2000d449,-2.27013,-2.27021,8e-05,False,0.066
P2_tighten,685,1296706711,1296706710,0,1,1296706602,0x2000d3c6,-2.27362,-2.2737,8e-05,False,0.225
P2_tighten,686,1296706711,1296706710,0,1,1296706602,0x2000d344,-2.27708,-2.27716,8e-05,False,0.224
P2_tighten,687,1296706711,1296706710,0,1,1296706602,0x2000d2c2,-2.28055,-2.28063,8e-05,False,0.119
P2_tighten,688,1296706711,1296706710,0,1,1296706602,0x2000d240,-2.28403,-2.28411,8e-05,False,0.119
P2_tighten,689,1296706711,1296706711,0,1,1296706602,0x2000d1bf,-2.28749,-2.28757,8.1e-05,False,0.063
P2_tighten,690,1296706712,1296706711,1,1,1296706602,0x2000d13d,-2.29099,-2.29105,5.4e-05,False,0.062
P2_tighten,691,1296706712,1296706711,0,1,1296706602,0x2000d0bc,-2.29447,-2.29452,5.4e-05,False,0.281
P2_tighten,692,1296706712,1296706711,0,1,1296706602,0x2000d03c,-2.29793,-2.29798,5.4e-05,False,0.117
P2_tighten,693,1296706712,1296706711,0,1,1296706602,0x2000cfbc,-2.3014,-2.30145,5.4e-05,False,0.169
P2_tighten,694,1296706712,1296706711,0,1,1296706602,0x2000cf3b,-2.3049,-2.30493,2.7e-05,False,0.117
P2_tighten,695,1296706712,1296706712,0,1,1296706602,0x2000cebc,-2.30836,-2.30841,5.5e-05,False,0.224
P2_tighten,696,1296706713,1296706712,1,1,1296706602,0x2000ce3c,-2.31185,-2.31188,2.7e-05,False,0.061
P2_tighten,697,1296706713,1296706712,0,1,1296706602,0x2000cdbe,-2.3153,-2.31536,5.5e-05,False,0.064
P2_tighten,698,1296706713,1296706712,0,1,1296706602,0x2000cd3f,-2.31878,-2.31881,2.7e-05,False,0.064
P2_tighten,699,1296706713,1296706712,0,1,1296706602,0x2000ccc1,-2.32225,-2.32227,2.8e-05,False,0.117
P2_tighten,700,1296706713,1296706712,0,1,1296706602,0x2000cc42,-2.32575,-2.32575,0.0,False,0.063
P2_tighten,701,1296706713,1296706713,0,1,1296706602,0x2000cbc5,-2.3292,-2.32923,2.8e-05,False,0.604
P2_tighten,702,1296706714,1296706713,1,1,1296706602,0x2000cb47,-2.33269,-2.33272,2.8e-05,False,0.282
P2_tighten,703,1296706714,1296706713,0,1,1296706602,0x2000caca,-2.33616,-2.33616,0.0,False,0.445
P2_tighten,704,1296706714,1296706713,0,1,1296706602,0x2000ca4d,-2.33964,-2.33964,0.0,False,0.169
P2_tighten,705,1296706714,1296706713,0,1,1296706602,0x2000c9d0,-2.34312,-2.34312,0.0,False,0.117
P2_tighten,706,1296706714,1296706713,0,1,1296706602,0x2000c954,-2.34659,-2.34659,0.0,False,0.111
P2_tighten,707,1296706714,1296706714,0,1,1296706602,0x2000c8d8,-2.35006,-2.35006,0.0,False,0.064
P2_tighten,708,1296706715,1296706714,1,1,1296706602,0x2000c85c,-2.35355,-2.35352,-2.8e-05,False,0.227
P2_tighten,709,1296706715,1296706714,0,1,1296706602,0x2000c7e1,-2.35701,-2.35701,0.0,False,0.384
P2_tighten,710,1296706715,1296706714,0,1,1296706602,0x2000c766,-2.36048,-2.36048,0.0,False,0.063
P2_tighten,711,1296706715,1296706714,0,1,1296706602,0x2000c6eb,-2.36396,-2.36394,-2.8e-05,False,0.113
P2_tighten,712,1296706715,1296706714,0,1,1296706602,0x2000c670,-2.36745,-2.36743,-2.8e-05,False,0.06
P2_tighten,713,1296706715,1296706715,0,1,1296706602,0x2000c5f6,-2.37092,-2.37089,-2.8e-05,False,0.064
P2_tighten,714,1296706716,1296706715,1,1,1296706602,0x2000c57c,-2.3744,-2.37437,-2.9e-05,False,0.064
P2_tighten,715,1296706716,1296706715,0,1,1296706602,0x2000c503,-2.37786,-2.37783,-2.9e-05,False,0.063
P2_tighten,716,1296706716,1296706715,0,1,1296706602,0x2000c48a,-2.38132,-2.38129,-2.9e-05,False,0.228
P2_tighten,717,1296706716,1296706715,0,1,1296706602,0x2000c411,-2.3848,-2.38477,-2.9e-05,False,0.063
P2_tighten,718,1296706716,1296706715,0,1,1296706602,0x2000c398,-2.38828,-2.38825,-2.9e-05,False,0.064
P2_tighten,719,1296706716,1296706716,0,1,1296706602,0x2000c31f,-2.39177,-2.39171,-5.8e-05,False,0.119
P2_tighten,720,1296706717,1296706716,1,1,1296706602,0x2000c2a7,-2.39524,-2.39518,-5.8e-05,False,0.228
P2_tighten,721,1296706717,1296706716,0,1,1296706602,0x2000c22f,-2.39872,-2.39866,-5.8e-05,False,0.446
P2_tighten,722,1296706717,1296706716,0,1,1296706602,0x2000c1b8,-2.40217,-2.40212,-5.8e-05,False,0.174
P2_tighten,723,1296706717,1296706716,0,1,1296706602,0x2000c140,-2.40567,-2.40561,-5.8e-05,False,0.169
P2_tighten,724,1296706717,1296706716,0,1,1296706602,0x2000c0ca,-2.40912,-2.40909,-2.9e-05,False,0.339
P2_tighten,725,1296706717,1296706717,0,1,1296706602,0x2000c053,-2.4126,-2.41254,-5.9e-05,False,0.117
P2_tighten,726,1296706718,1296706717,1,1,1296706602,0x2000bfdc,-2.41609,-2.41603,-5.9e-05,False,0.381
P2_tighten,727,1296706718,1296706717,0,1,1296706602,0x2000bf66,-2.41956,-2.41947,-8.8e-05,False,0.282
P2_tighten,728,1296706718,1296706717,0,1,1296706602,0x2000bef1,-2.42301,-2.42295,-5.9e-05,False,0.061
P2_tighten,729,1296706718,1296706717,0,1,1296706602,0x2000be7b,-2.4265,-2.42644,-5.9e-05,False,0.119
P2_tighten,730,1296706718,1296706717,0,1,1296706602,0x2000be06,-2.42996,-2.4299,-5.9e-05,False,0.448
P2_tighten,731,1296706718,1296706718,0,1,1296706602,0x2000bd90,-2.43346,-2.43338,-8.9e-05,False,0.164
P2_tighten,732,1296706719,1296706718,1,1,1296706602,0x2000bd1b,-2.43695,-2.43686,-8.9e-05,False,0.063
P2_tighten,733,1296706719,1296706718,0,1,1296706602,0x2000bca7,-2.44041,-2.44032,-9e-05,False,0.066
P2_tighten,734,1296706719,1296706718,0,1,1296706602,0x2000bc33,-2.44388,-2.44379,-9e-05,False,0.119
P2_tighten,735,1296706719,1296706718,0,1,1296706602,0x2000bbbf,-2.44736,-2.44727,-9e-05,False,0.174
P2_tighten,736,1296706719,1296706718,0,1,1296706602,0x2000bb4c,-2.45081,-2.45072,-9e-05,False,0.119
P2_tighten,737,1296706719,1296706719,0,1,1296706602,0x2000bad8,-2.45431,-2.45419,-0.000121,False,0.064
P2_tighten,738,1296706720,1296706719,1,1,1296706602,0x2000ba66,-2.45775,-2.45766,-9.1e-05,False,0.064
P2_tighten,739,1296706720,1296706719,0,1,1296706602,0x2000b9f3,-2.46123,-2.46114,-9.1e-05,False,0.286
P2_tighten,740,1296706720,1296706719,0,1,1296706602,0x2000b980,-2.46472,-2.4646,-0.000122,False,0.063
P2_tighten,741,1296706720,1296706719,0,1,1296706602,0x2000b90e,-2.46819,-2.4681,-9.1e-05,False,0.117
P2_tighten,742,1296706720,1296706719,0,1,1296706602,0x2000b89c,-2.47166,-2.47154,-0.000122,False,0.06
P2_tighten,743,1296706720,1296706720,0,1,1296706602,0x2000b82a,-2.47515,-2.47502,-0.000122,False,0.174
P2_tighten,744,1296706721,1296706720,1,1,1296706602,0x2000b7b9,-2.47861,-2.47849,-0.000123,False,0.063
P2_tighten,745,1296706721,1296706720,0,1,1296706602,0x2000b748,-2.48208,-2.48196,-0.000123,False,0.228
P2_tighten,746,1296706721,1296706720,0,1,1296706602,0x2000b6d7,-2.48556,-2.48543,-0.000123,False,0.064
P2_tighten,747,1296706721,1296706720,0,1,1296706602,0x2000b667,-2.48901,-2.48892,-9.3e-05,False,0.115
P2_tighten,748,1296706721,1296706720,0,1,1296706602,0x2000b5f7,-2.49248,-2.49239,-9.3e-05,False,0.389
P2_tighten,749,1296706721,1296706721,0,1,1296706602,0x2000b586,-2.49598,-2.49586,-0.000124,False,0.336
P2_tighten,750,1296706722,1296706721,1,1,1296706602,0x2000b517,-2.49943,-2.49934,-9.3e-05,False,0.17
P2_tighten,751,1296706722,1296706721,0,1,1296706602,0x2000b4a7,-2.50292,-2.5028,-0.000125,False,0.064
P2_tighten,752,1296706722,1296706721,0,1,1296706602,0x2000b438,-2.50639,-2.50626,-0.000125,False,0.064
P2_tighten,753,1296706722,1296706721,0,1,1296706602,0x2000b3c9,-2.50986,-2.50974,-0.000125,False,0.063
P2_tighten,754,1296706722,1296706721,0,1,1296706602,0x2000b35b,-2.51332,-2.51322,-9.4e-05,False,0.226
P2_tighten,755,1296706722,1296706722,0,1,1296706602,0x2000b2ec,-2.51681,-2.51668,-0.000126,False,0.064
P2_tighten,756,1296706723,1296706722,1,1,1296706602,0x2000b27e,-2.52028,-2.52015,-0.000126,False,0.328
P2_tighten,757,1296706723,1296706722,0,1,1296706602,0x2000b211,-2.52372,-2.52363,-9.5e-05,False,0.119
P2_tighten,758,1296706723,1296706722,0,1,1296706602,0x2000b1a3,-2.52721,-2.52708,-0.000127,False,0.164
P2_tighten,759,1296706723,1296706722,0,1,1296706602,0x2000b135,-2.5307,-2.53058,-0.000127,False,0.228
P2_tighten,760,1296706723,1296706722,0,1,1296706602,0x2000b0c9,-2.53414,-2.53405,-9.6e-05,False,0.229
P2_tighten,761,1296706723,1296706723,0,1,1296706602,0x2000b05c,-2.53762,-2.53752,-9.6e-05,False,0.229
P2_tighten,762,1296706724,1296706723,1,1,1296706602,0x2000afef,-2.54111,-2.54098,-0.000128,False,0.064
P2_tighten,763,1296706724,1296706723,0,1,1296706602,0x2000af83,-2.54457,-2.54444,-0.000128,False,0.276
P2_tighten,764,1296706724,1296706723,0,1,1296706602,0x2000af17,-2.54804,-2.54791,-0.000129,False,0.281
P2_tighten,765,1296706724,1296706723,0,1,1296706602,0x2000aeab,-2.55152,-2.55139,-0.000129,False,0.064
P2_tighten,766,1296706724,1296706723,0,1,1296706602,0x2000ae40,-2.55498,-2.55485,-0.000129,False,0.064
P2_tighten,767,1296706724,1296706724,0,1,1296706602,0x2000add5,-2.55844,-2.55835,-9.7e-05,False,0.063
P2_tighten,768,1296706725,1296706724,1,1,1296706602,0x2000ad6a,-2.56192,-2.56182,-9.7e-05,False,0.115
P2_tighten,769,1296706725,1296706724,0,1,1296706602,0x2000acff,-2.5654,-2.56527,-0.00013,False,0.229
P2_tighten,770,1296706725,1296706724,0,1,1296706602,0x2000ac95,-2.56886,-2.56876,-9.8e-05,False,0.064
P2_tighten,771,1296706725,1296706724,0,1,1296706602,0x2000ac2a,-2.57235,-2.57222,-0.000131,False,0.279
P2_tighten,772,1296706725,1296706724,0,1,1296706602,0x2000abc1,-2.5758,-2.5757,-9.8e-05,False,0.12
P2_tighten,773,1296706725,1296706725,0,1,1296706602,0x2000ab57,-2.57928,-2.57918,-9.9e-05,False,0.119
P2_tighten,774,1296706726,1296706725,1,1,1296706602,0x2000aaee,-2.58274,-2.58264,-9.9e-05,False,0.381
P2_tighten,775,1296706726,1296706725,0,1,1296706602,0x2000aa85,-2.5862,-2.5861,-9.9e-05,False,0.064
P2_tighten,776,1296706726,1296706725,0,1,1296706602,0x2000aa1c,-2.58968,-2.58958,-9.9e-05,False,0.501
P2_tighten,777,1296706726,1296706725,0,1,1296706602,0x2000a9b3,-2.59316,-2.59306,-0.0001,False,0.17
P2_tighten,778,1296706726,1296706725,0,1,1296706602,0x2000a94b,-2.59662,-2.59652,-0.0001,False,0.777
P2_tighten,779,1296706726,1296706726,0,1,1296706602,0x2000a8e2,-2.60012,-2.59998,-0.000133,False,0.545
P2_tighten,780,1296706727,1296706726,1,1,1296706602,0x2000a87b,-2.60356,-2.60346,-0.0001,False,0.064
P2_tighten,781,1296706727,1296706726,0,1,1296706602,0x2000a813,-2.60704,-2.60694,-0.000101,False,0.174
P2_tighten,782,1296706727,1296706726,0,1,1296706602,0x2000a7ac,-2.6105,-2.6104,-0.000101,False,0.063
P2_tighten,783,1296706727,1296706726,0,1,1296706602,0x2000a745,-2.61396,-2.61386,-0.000101,False,0.064
P2_tighten,784,1296706727,1296706726,0,1,1296706602,0x2000a6de,-2.61744,-2.61734,-0.000101,False,0.337
P2_tighten,785,1296706727,1296706727,0,1,1296706602,0x2000a677,-2.62092,-2.62082,-0.000102,False,0.447
P2_tighten,786,1296706728,1296706727,1,1,1296706602,0x2000a611,-2.62438,-2.62431,-6.8e-05,False,0.063
P2_tighten,787,1296706728,1296706727,0,1,1296706602,0x2000a5ab,-2.62784,-2.62778,-6.8e-05,False,0.227
P2_tighten,788,1296706728,1296706727,0,1,1296706602,0x2000a545,-2.63132,-2.63125,-6.8e-05,False,0.115
P2_tighten,789,1296706728,1296706727,0,1,1296706602,0x2000a4e0,-2.63477,-2.6347,-6.8e-05,False,0.059
P2_tighten,790,1296706728,1296706727,0,1,1296706602,0x2000a47a,-2.63826,-2.63819,-6.9e-05,False,0.443
P2_tighten,791,1296706728,1296706728,0,1,1296706602,0x2000a415,-2.64172,-2.64165,-6.9e-05,False,0.229
P2_tighten,792,1296706729,1296706728,1,1,1296706602,0x2000a3b0,-2.64519,-2.64513,-6.9e-05,False,0.17
P2_tighten,793,1296706729,1296706728,0,1,1296706602,0x2000a34c,-2.64864,-2.64857,-6.9e-05,False,0.062
P2_tighten,794,1296706729,1296706728,0,1,1296706602,0x2000a2e7,-2.65213,-2.65206,-6.9e-05,False,0.55
P2_tighten,795,1296706729,1296706728,0,1,1296706602,0x2000a283,-2.65559,-2.65553,-6.9e-05,False,0.173
P2_tighten,796,1296706729,1296706728,0,1,1296706602,0x2000a21f,-2.65907,-2.659,-7e-05,False,0.171
P2_tighten,797,1296706729,1296706729,0,1,1296706602,0x2000a1bc,-2.66251,-2.66248,-3.5e-05,False,0.115
P2_tighten,798,1296706730,1296706729,1,1,1296706602,0x2000a158,-2.666,-2.66597,-3.5e-05,False,0.06
P2_tighten,799,1296706730,1296706729,0,1,1296706602,0x2000a0f5,-2.66946,-2.66943,-3.5e-05,False,0.383
P2_tighten,800,1296706730,1296706729,0,1,1296706602,0x2000a092,-2.67293,-2.6729,-3.5e-05,False,0.063
P2_tighten,801,1296706730,1296706729,0,1,1296706602,0x2000a02f,-2.67641,-2.67638,-3.5e-05,False,0.276
P2_tighten,802,1296706730,1296706729,0,1,1296706602,0x20009fcd,-2.67986,-2.67983,-3.5e-05,False,0.327
P2_tighten,803,1296706730,1296706730,0,1,1296706602,0x20009f6b,-2.68332,-2.68329,-3.5e-05,False,0.388
P2_tighten,804,1296706731,1296706730,1,1,1296706602,0x20009f09,-2.68679,-2.68679,0.0,False,0.116
P2_tighten,805,1296706731,1296706730,0,1,1296706602,0x20009ea7,-2.69027,-2.69023,-3.6e-05,False,0.064
P2_tighten,806,1296706731,1296706730,0,1,1296706602,0x20009e45,-2.69375,-2.69372,-3.6e-05,False,0.171
P2_tighten,807,1296706731,1296706730,0,1,1296706602,0x20009de4,-2.69721,-2.69718,-3.6e-05,False,0.064
P2_tighten,808,1296706731,1296706730,0,1,1296706602,0x20009d83,-2.70068,-2.70064,-3.6e-05,False,0.22
P2_tighten,809,1296706731,1296706731,0,1,1296706602,0x20009d22,-2.70415,-2.70412,-3.6e-05,False,0.118
P2_tighten,810,1296706732,1296706731,1,1,1296706602,0x20009cc2,-2.7076,-2.7076,0.0,False,0.064
P2_tighten,811,1296706732,1296706731,0,1,1296706602,0x20009c62,-2.71106,-2.71106,0.0,False,0.228
P2_tighten,812,1296706732,1296706731,0,1,1296706602,0x20009c01,-2.71456,-2.71456,0.0,False,0.281
P2_tighten,813,1296706732,1296706731,0,1,1296706602,0x20009ba2,-2.71799,-2.71803,3.6e-05,False,0.062
P2_tighten,814,1296706732,1296706731,0,1,1296706602,0x20009b42,-2.72147,-2.72147,0.0,False,0.171
P2_tighten,815,1296706732,1296706732,0,1,1296706602,0x20009ae3,-2.72492,-2.72496,3.6e-05,False,0.064
P2_tighten,816,1296706733,1296706732,1,1,1296706602,0x20009a83,-2.72842,-2.72842,0.0,False,0.064
P2_tighten,817,1296706733,1296706732,0,1,1296706602,0x20009a24,-2.73189,-2.73189,0.0,False,0.173
P2_tighten,818,1296706733,1296706732,0,1,1296706602,0x200099c5,-2.73537,-2.73537,0.0,False,0.067
P2_tighten,819,1296706733,1296706732,0,1,1296706602,0x20009967,-2.73882,-2.73885,3.7e-05,False,0.599
P2_tighten,820,1296706733,1296706732,0,1,1296706602,0x20009909,-2.74228,-2.74231,3.7e-05,False,0.064
P2_tighten,821,1296706733,1296706733,0,1,1296706602,0x200098ab,-2.74574,-2.74578,3.7e-05,False,0.121
P2_tighten,822,1296706734,1296706733,1,1,1296706602,0x2000984d,-2.74921,-2.74925,3.7e-05,False,0.111
P2_tighten,823,1296706734,1296706733,0,1,1296706602,0x200097ef,-2.7527,-2.75273,3.7e-05,False,0.28
P2_tighten,824,1296706734,1296706733,0,1,1296706602,0x20009792,-2.75615,-2.75619,3.7e-05,False,0.12
P2_tighten,825,1296706734,1296706733,0,1,1296706602,0x20009735,-2.75961,-2.75969,7.5e-05,False,0.119
P2_tighten,826,1296706734,1296706733,0,1,1296706602,0x200096d8,-2.76308,-2.76316,7.5e-05,False,0.063
P2_tighten,827,1296706734,1296706734,0,1,1296706602,0x2000967b,-2.76656,-2.7666,3.7e-05,False,0.283
P2_tighten,828,1296706735,1296706734,1,1,1296706602,0x2000961f,-2.77001,-2.77009,7.5e-05,False,0.283
P2_tighten,829,1296706735,1296706734,0,1,1296706602,0x200095c3,-2.77347,-2.77354,7.5e-05,False,0.172
P2_tighten,830,1296706735,1296706734,0,1,1296706602,0x20009566,-2.77697,-2.77701,3.8e-05,False,0.172
P2_tighten,831,1296706735,1296706734,0,1,1296706602,0x2000950b,-2.78041,-2.78049,7.6e-05,False,0.283
P2_tighten,832,1296706735,1296706734,0,1,1296706602,0x200094af,-2.78389,-2.78397,7.6e-05,False,0.119
P2_tighten,833,1296706735,1296706735,0,1,1296706602,0x20009454,-2.78735,-2.78746,0.000114,False,0.064
P2_tighten,834,1296706736,1296706735,1,1,1296706602,0x200093f8,-2.79085,-2.79092,7.6e-05,False,0.064
P2_tighten,835,1296706736,1296706735,0,1,1296706602,0x2000939e,-2.79428,-2.79439,0.000115,False,0.333
P2_tighten,836,1296706736,1296706735,0,1,1296706602,0x20009343,-2.79776,-2.79787,0.000115,False,0.119
P2_tighten,837,1296706736,1296706735,0,1,1296706602,0x200092e9,-2.8012,-2.80132,0.000115,False,0.496
P2_tighten,838,1296706736,1296706735,0,1,1296706602,0x2000928e,-2.8047,-2.80481,0.000115,False,0.122
P2_tighten,839,1296706736,1296706736,0,1,1296706602,0x20009234,-2.80816,-2.80828,0.000116,False,0.227
P2_tighten,840,1296706737,1296706736,1,1,1296706602,0x200091da,-2.81164,-2.81175,0.000116,False,0.28
P2_tighten,841,1296706737,1296706736,0,1,1296706602,0x20009181,-2.81508,-2.8152,0.000116,False,0.063
P2_tighten,842,1296706737,1296706736,0,1,1296706602,0x20009127,-2.81857,-2.81869,0.000116,False,0.117
P2_tighten,843,1296706737,1296706736,0,1,1296706602,0x200090ce,-2.82203,-2.82215,0.000117,False,0.114
P2_tighten,844,1296706737,1296706736,0,1,1296706602,0x20009075,-2.8255,-2.82561,0.000117,False,0.171
P2_tighten,845,1296706737,1296706737,0,1,1296706602,0x2000901c,-2.82897,-2.82909,0.000117,False,0.171
P2_tighten,846,1296706738,1296706737,1,1,1296706602,0x20008fc3,-2.83246,-2.83258,0.000118,False,0.065
P2_tighten,847,1296706738,1296706737,0,1,1296706602,0x20008f6b,-2.83591,-2.83603,0.000118,False,0.116
P2_tighten,848,1296706738,1296706737,0,1,1296706602,0x20008f13,-2.83937,-2.83949,0.000118,False,0.119
P2_tighten,849,1296706738,1296706737,0,1,1296706602,0x20008ebb,-2.84284,-2.84296,0.000118,False,0.065
P2_tighten,850,1296706738,1296706737,0,1,1296706602,0x20008e64,-2.84628,-2.84644,0.000158,False,0.063
P2_tighten,851,1296706738,1296706738,0,1,1296706602,0x20008e0c,-2.84977,-2.84993,0.000159,False,0.12
P2_tighten,852,1296706739,1296706738,1,1,1296706602,0x20008db4,-2.85327,-2.85339,0.000119,False,0.114
P2_tighten,853,1296706739,1296706738,0,1,1296706602,0x20008d5d,-2.85673,-2.85685,0.00012,False,0.06
P2_tighten,854,1296706739,1296706738,0,1,1296706602,0x20008d07,-2.86016,-2.86032,0.00016,False,0.063
P2_tighten,855,1296706739,1296706738,0,1,1296706602,0x20008cb0,-2.86364,-2.8638,0.00016,False,0.118
P2_tighten,856,1296706739,1296706738,0,1,1296706602,0x20008c59,-2.86713,-2.86729,0.000161,False,0.22
P2_tighten,857,1296706739,1296706739,0,1,1296706602,0x20008c03,-2.87059,-2.87075,0.000161,False,0.12
P2_tighten,858,1296706740,1296706739,1,1,1296706602,0x20008bad,-2.87406,-2.87422,0.000161,False,0.115
P2_tighten,859,1296706740,1296706739,0,1,1296706602,0x20008b57,-2.87753,-2.87769,0.000162,False,0.441
P2_tighten,860,1296706740,1296706739,0,1,1296706602,0x20008b01,-2.88101,-2.88118,0.000162,False,0.064
P2_tighten,861,1296706740,1296706739,0,1,1296706602,0x20008aac,-2.88446,-2.88463,0.000163,False,0.447
P2_tighten,862,1296706740,1296706739,0,1,1296706602,0x20008a56,-2.88796,-2.88813,0.000163,False,0.175
P2_tighten,863,1296706740,1296706740,0,1,1296706602,0x20008a01,-2.89143,-2.89159,0.000163,False,0.983
P2_tighten,864,1296706741,1296706740,1,1,1296706602,0x200089ac,-2.8949,-2.89507,0.000164,False,0.499
P2_tighten,865,1296706741,1296706740,0,1,1296706602,0x20008958,-2.89835,-2.89851,0.000164,False,0.225
P2_tighten,866,1296706741,1296706740,0,1,1296706602,0x20008903,-2.90184,-2.902,0.000165,False,0.542
P2_tighten,867,1296706741,1296706740,0,1,1296706602,0x200088af,-2.9053,-2.90546,0.000165,False,0.065
P2_tighten,868,1296706741,1296706740,0,1,1296706602,0x2000885b,-2.90877,-2.90893,0.000165,False,0.115
P2_tighten,869,1296706741,1296706741,0,1,1296706602,0x20008807,-2.91224,-2.91241,0.000166,False,0.067
P2_tighten,870,1296706742,1296706741,1,1,1296706602,0x200087b3,-2.91573,-2.91589,0.000166,False,0.169
P2_tighten,871,1296706742,1296706741,0,1,1296706602,0x2000875f,-2.91922,-2.91934,0.000125,False,0.227
P2_tighten,872,1296706742,1296706741,0,1,1296706602,0x2000870c,-2.92268,-2.9228,0.000125,False,0.343
P2_tighten,873,1296706742,1296706741,0,1,1296706602,0x200086b9,-2.92615,-2.92631,0.000167,False,0.19
P2_tighten,874,1296706742,1296706741,0,1,1296706602,0x20008666,-2.92962,-2.92975,0.000126,False,0.123
P2_tighten,875,1296706742,1296706742,0,1,1296706602,0x20008613,-2.93311,-2.93323,0.000126,False,0.237
P2_tighten,876,1296706743,1296706742,1,1,1296706602,0x200085c1,-2.93656,-2.93673,0.000169,False,0.444
P2_tighten,877,1296706743,1296706742,0,1,1296706602,0x2000856e,-2.94006,-2.94019,0.000127,False,0.661
P2_tighten,878,1296706743,1296706742,0,1,1296706602,0x2000851c,-2.94353,-2.94365,0.000127,False,0.327
P2_tighten,879,1296706743,1296706742,0,1,1296706602,0x200084ca,-2.947,-2.94713,0.000127,False,0.227
P2_tighten,880,1296706743,1296706742,0,1,1296706602,0x20008478,-2.95049,-2.95061,0.000128,False,0.716
P2_tighten,881,1296706743,1296706743,0,1,1296706602,0x20008427,-2.95394,-2.95406,0.000128,False,0.56
P2_tighten,882,1296706744,1296706743,1,1,1296706602,0x200083d5,-2.95744,-2.95752,8.5e-05,False,0.172
P2_tighten,883,1296706744,1296706743,0,1,1296706602,0x20008384,-2.9609,-2.96099,8.6e-05,False,0.228
P2_tighten,884,1296706744,1296706743,0,1,1296706602,0x20008333,-2.96438,-2.96447,8.6e-05,False,0.119
P2_tighten,885,1296706744,1296706743,0,1,1296706602,0x200082e2,-2.96786,-2.96795,8.6e-05,False,0.983
P2_tighten,886,1296706744,1296706743,0,1,1296706602,0x20008291,-2.97135,-2.97144,8.6e-05,False,0.061
P2_tighten,887,1296706744,1296706744,0,1,1296706602,0x20008241,-2.97481,-2.9749,8.7e-05,False,0.062
P2_tighten,888,1296706745,1296706744,1,1,1296706602,0x200081f1,-2.97828,-2.97836,8.7e-05,False,0.172
P2_tighten,889,1296706745,1296706744,0,1,1296706602,0x200081a1,-2.98175,-2.98184,8.7e-05,False,0.171
P2_tighten,890,1296706745,1296706744,0,1,1296706602,0x20008150,-2.98528,-2.98532,4.4e-05,False,0.441
P2_tighten,891,1296706745,1296706744,0,1,1296706602,0x20008100,-2.98877,-2.98877,0.0,False,0.391
P2_tighten,892,1296706745,1296706744,0,1,1296706602,0x200080b1,-2.99222,-2.99227,4.4e-05,False,0.065
P2_tighten,893,1296706745,1296706745,0,1,1296706602,0x20008061,-2.99573,-2.99573,0.0,False,0.282
P2_tighten,894,1296706746,1296706745,1,1,1296706602,0x20008012,-2.9992,-2.9992,0.0,False,0.276
P3_carrier,895,1296749945,1296706745,43199,43200,1297743402,0x1f7fc4a0,-3.00261,-3.00264,2.8e-05,False,0.119
P3_poststall,896,1296749945,1296706745,0,43200,1297743402,0x20009794,-2.75608,-2.75615,7.4e-05,False,0.119
P3_poststall,897,1296749945,1296706745,0,43200,1297743402,0x20009737,-2.75954,-2.75961,7.5e-05,False,0.066
P3_poststall,898,1296749945,1296706745,0,43200,1297743402,0x200096da,-2.76301,-2.76308,7.5e-05,False,0.119
P3_poststall,899,1296749945,1296706746,0,43200,1297743402,0x2000967d,-2.76649,-2.76656,7.5e-05,False,0.118
P3_poststall,900,1296749946,1296749945,1,43200,1297743402,0x20009620,-2.76997,-2.77001,3.8e-05,False,0.228
P3_poststall,901,1296793145,1296749945,43199,43200,1297743402,0x200095c4,-2.77343,-2.77351,7.5e-05,False,0.335
P3_poststall,902,1296793145,1296749945,0,43200,1297743402,0x2000b1a7,-2.52708,-2.52695,-0.000127,False,0.064
P3_poststall,903,1296793145,1296749945,0,43200,1297743402,0x2000b13a,-2.53054,-2.53045,-9.5e-05,False,0.059
P3_poststall,904,1296793145,1296749945,0,43200,1297743402,0x2000b0cc,-2.53405,-2.53392,-0.000127,False,0.065
P3_poststall,905,1296793145,1296749946,0,43200,1297743402,0x2000b060,-2.53749,-2.5374,-9.6e-05,False,0.065
P3_poststall,906,1296793146,1296793145,1,43200,1297743402,0x2000aff3,-2.54098,-2.54085,-0.000128,False,0.119
P3_poststall,907,1296836345,1296793145,43199,43200,1297743402,0x2000af87,-2.54444,-2.54431,-0.000128,False,0.337
P3_poststall,908,1296836345,1296793145,0,43200,1297743402,0x2000d043,-2.29774,-2.29779,5.4e-05,False,0.229
P3_poststall,909,1296836345,1296793145,0,43200,1297743402,0x2000cfc2,-2.30124,-2.30126,2.7e-05,False,0.171
P3_poststall,910,1296836345,1296793145,0,43200,1297743402,0x2000cf43,-2.30468,-2.30474,5.4e-05,False,0.065
P3_poststall,911,1296836345,1296793146,0,43200,1297743402,0x2000cec3,-2.30817,-2.30822,5.5e-05,False,0.063
P3_poststall,912,1296836346,1296836345,1,43200,1297743402,0x2000ce44,-2.31163,-2.31169,5.5e-05,False,0.174
P3_poststall,913,1296879545,1296836345,43199,43200,1297743402,0x2000cdc5,-2.31511,-2.31516,5.5e-05,False,0.063
P3_poststall,914,1296879545,1296836345,0,43200,1297743402,0x2000f421,-2.0685,-2.06863,0.000139,False,0.174
P3_poststall,915,1296879545,1296836345,0,43200,1297743402,0x2000f38b,-2.07196,-2.0721,0.000139,False,0.064
P3_poststall,916,1296879545,1296836345,0,43200,1297743402,0x2000f2f6,-2.07541,-2.07558,0.000162,False,0.06
P3_poststall,917,1296879545,1296836346,0,43200,1297743402,0x2000f260,-2.0789,-2.07904,0.00014,False,0.065
P3_poststall,918,1296879546,1296879545,1,43200,1297743402,0x2000f1cb,-2.08237,-2.08251,0.00014,False,0.122
P3_poststall,919,1296922745,1296879545,43199,43200,1297743402,0x2000f136,-2.08584,-2.08598,0.00014,False,0.117
P3_poststall,920,1296922745,1296879545,0,43200,1297743402,0x20011e29,-1.83932,-1.83945,0.000138,False,0.067
P3_poststall,921,1296922745,1296879545,0,43200,1297743402,0x20011d79,-1.84279,-1.84292,0.000138,False,0.12
P3_poststall,922,1296922745,1296879545,0,43200,1297743402,0x20011cc9,-1.84626,-1.8464,0.000139,False,0.064
P3_poststall,923,1296922745,1296879546,0,43200,1297743402,0x20011c1a,-1.84973,-1.84987,0.000139,False,0.175
P3_poststall,924,1296922746,1296922745,1,43200,1297743402,0x20011b6b,-1.85321,-1.85335,0.000139,False,0.063
P3_poststall,925,1296965945,1296922745,43199,43200,1297743402,0x20011abd,-1.85667,-1.85681,0.00014,False,0.174
P3_poststall,926,1296965945,1296922745,0,43200,1297743402,0x20014f5f,-1.61038,-1.6103,-8.4e-05,False,0.064
P3_poststall,927,1296965945,1296922745,0,43200,1297743402,0x20014e90,-1.61386,-1.61376,-0.000101,False,0.064
P3_poststall,928,1296965945,1296922745,0,43200,1297743402,0x20014dc3,-1.61732,-1.61724,-8.4e-05,False,0.17
P3_poststall,929,1296965945,1296922746,0,43200,1297743402,0x20014cf5,-1.6208,-1.6207,-0.000102,False,0.061
P3_poststall,930,1296965946,1296965945,1,43200,1297743402,0x20014c29,-1.62426,-1.62417,-8.5e-05,False,0.063
P3_poststall,931,1297009145,1296965945,43199,43200,1297743402,0x20014b5d,-1.62772,-1.62764,-8.5e-05,False,0.116
P3_poststall,932,1297009145,1296965945,0,43200,1297743402,0x20018920,-1.38115,-1.38112,-2.9e-05,False,0.119
P3_poststall,933,1297009145,1296965945,0,43200,1297743402,0x2001882d,-1.38464,-1.38459,-4.3e-05,False,0.064
P3_poststall,934,1297009145,1296965945,0,43200,1297743402,0x2001873c,-1.38811,-1.38806,-4.3e-05,False,0.118
P3_poststall,935,1297009145,1296965946,0,43200,1297743402,0x2001864b,-1.39158,-1.39154,-4.3e-05,False,0.12
P3_poststall,936,1297009146,1297009145,1,43200,1297743402,0x2001855a,-1.39506,-1.39501,-5.8e-05,False,0.063
P3_poststall,937,1297052345,1297009145,43199,43200,1297743402,0x2001846b,-1.39853,-1.39848,-4.4e-05,False,0.176
P3_poststall,938,1297052345,1297009145,0,43200,1297743402,0x2001ccdd,-1.1518,-1.15196,0.000159,False,0.12
P3_poststall,939,1297052345,1297009145,0,43200,1297743402,0x2001cbc2,-1.15526,-1.15542,0.000159,False,0.064
P3_poststall,940,1297052345,1297009145,0,43200,1297743402,0x2001caa7,-1.15874,-1.1589,0.00016,False,0.064
P3_poststall,941,1297052345,1297009146,0,43200,1297743402,0x2001c98d,-1.16221,-1.16238,0.000172,False,0.064
P3_poststall,942,1297052346,1297052345,1,43200,1297743402,0x2001c873,-1.16568,-1.16584,0.000161,False,0.065
P3_poststall,943,1297095545,1297052345,43199,43200,1297743402,0x2001c75b,-1.16915,-1.16931,0.000161,False,0.118
P3_poststall,944,1297095545,1297052345,0,43200,1297743402,0x20021c35,-0.92263,-0.92279,0.000167,False,0.068
P3_poststall,945,1297095545,1297052345,0,43200,1297743402,0x20021ae7,-0.92611,-0.92626,0.000146,False,0.116
P3_poststall,946,1297095545,1297052345,0,43200,1297743402,0x2002199d,-0.92957,-0.92974,0.000168,False,0.066
P3_poststall,947,1297095545,1297052346,0,43200,1297743402,0x20021851,-0.93305,-0.9332,0.000147,False,0.116
P3_poststall,948,1297095546,1297095545,1,43200,1297743402,0x20021707,-0.93653,-0.93667,0.000147,False,0.174
P3_poststall,949,1297138745,1297095545,43199,43200,1297743402,0x200215bd,-0.94001,-0.94014,0.000137,False,0.065
P3_poststall,950,1297138745,1297095545,0,43200,1297743402,0x20027921,-0.69364,-0.69362,-1.8e-05,False,0.065
P3_poststall,951,1297138745,1297095545,0,43200,1297743402,0x2002779b,-0.69711,-0.6971,-1.8e-05,False,0.065
P3_poststall,952,1297138745,1297095545,0,43200,1297743402,0x20027619,-0.70056,-0.70056,0.0,False,0.065
P3_poststall,953,1297138745,1297095546,0,43200,1297743402,0x20027495,-0.70404,-0.70404,0.0,False,0.064
P3_poststall,954,1297138746,1297138745,1,43200,1297743402,0x20027311,-0.70752,-0.70751,-9e-06,False,0.062
P3_poststall,955,1297181945,1297138745,43199,43200,1297743402,0x20027191,-0.71098,-0.71098,0.0,False,0.064
P3_poststall,956,1297181945,1297138745,0,43200,1297743402,0x2002e615,-0.46456,-0.46445,-0.000106,False,0.064
P3_poststall,957,1297181945,1297138745,0,43200,1297743402,0x2002e44f,-0.46801,-0.46793,-8.4e-05,False,0.065
P3_poststall,958,1297181945,1297138745,0,43200,1297743402,0x2002e285,-0.4715,-0.4714,-0.000107,False,0.118
P3_poststall,959,1297181945,1297138746,0,43200,1297743402,0x2002e0bf,-0.47497,-0.47487,-9.9e-05,False,0.064
P3_poststall,960,1297181946,1297181945,1,43200,1297743402,0x2002def9,-0.47845,-0.47834,-0.000107,False,0.063
P3_poststall,961,1297225145,1297181945,43199,43200,1297743402,0x2002dd35,-0.48192,-0.48181,-0.000108,False,0.064
P3_poststall,962,1297225145,1297181945,0,43200,1297743402,0x200365f9,-0.23517,-0.23528,0.000117,False,0.066
P3_poststall,963,1297225145,1297181945,0,43200,1297743402,0x200363e1,-0.23864,-0.23876,0.000117,False,0.064
P3_poststall,964,1297225145,1297181945,0,43200,1297743402,0x200361cb,-0.24212,-0.24223,0.000117,False,0.06
P3_poststall,965,1297225145,1297181946,0,43200,1297743402,0x20035fb5,-0.2456,-0.2457,0.000104,False,0.059
P3_poststall,966,1297225146,1297225145,1,43200,1297743402,0x20035da3,-0.24906,-0.24918,0.000118,False,0.06
P3_poststall,967,1297268345,1297225145,43199,43200,1297743402,0x20035b91,-0.25253,-0.25264,0.000111,False,0.064
P3_poststall,968,1297268345,1297225145,0,43200,1297743402,0x2003fbaf,-0.00609,-0.00612,3.3e-05,False,0.064
P3_poststall,969,1297268345,1297225145,0,43200,1297743402,0x2003f93d,-0.00955,-0.00959,3.9e-05,False,0.061
P3_poststall,970,1297268345,1297225145,0,43200,1297743402,0x2003f6cd,-0.01301,-0.01306,5e-05,False,0.064
P3_poststall,971,1297268345,1297225146,0,43200,1297743402,0x2003f45d,-0.01648,-0.01654,5.6e-05,False,0.114
P3_poststall,972,1297268346,1297268345,1,43200,1297743402,0x2003f1ef,-0.01995,-0.02001,6.1e-05,False,0.065
P3_poststall,973,1297311545,1297268345,43199,43200,1297743402,0x2003ef83,-0.02341,-0.02348,6.2e-05,False,0.067
P3_poststall,974,1297311545,1297268345,0,43200,1297743402,0x2003ffff,0.0,0.0,0.0,False,0.066
P3_poststall,975,1297311545,1297268345,0,43200,1297743402,0x2003ffff,0.0,0.0,0.0,False,0.064
P3_poststall,976,1297311545,1297268345,0,43200,1297743402,0x2003ffff,0.0,0.0,0.0,False,0.062
P3_poststall,977,1297311545,1297268346,0,43200,1297743402,0x2003ffff,0.0,0.0,0.0,False,0.064
P3_poststall,978,1297311546,1297311545,1,43200,1297743402,0x2003ffff,0.0,0.0,0.0,False,0.065
P3_poststall,979,1297354745,1297311545,43199,43200,1297743402,0x2003ffff,0.0,0.0,0.0,False,0.065
P3_poststall,980,1297354745,1297311545,0,43200,1297743402,0x2003ffff,0.0,0.0,0.0,False,0.06
P3_poststall,981,1297354745,1297311545,0,43200,1297743402,0x2003ffff,0.0,0.0,0.0,False,0.064
P3_poststall,982,1297354745,1297311545,0,43200,1297743402,0x2003ffff,0.0,0.0,0.0,False,0.065
P3_poststall,983,1297354745,1297311546,0,43200,1297743402,0x2003ffff,0.0,0.0,0.0,False,0.063
P3_poststall,984,1297354746,1297354745,1,43200,1297743402,0x2003ffff,0.0,0.0,0.0,False,0.06
P3_poststall,985,1297397945,1297354745,43199,43200,1297743402,0x2003ffff,0.0,0.0,0.0,False,0.06
P3_poststall,986,1297397945,1297354745,0,43200,1297743402,0x2003ffff,0.0,0.0,0.0,False,0.064
P3_poststall,987,1297397945,1297354745,0,43200,1297743402,0x2003ffff,0.0,0.0,0.0,False,0.119
P3_poststall,988,1297397945,1297354745,0,43200,1297743402,0x2003ffff,0.0,0.0,0.0,False,0.061
P3_poststall,989,1297397945,1297354746,0,43200,1297743402,0x2003ffff,0.0,0.0,0.0,False,0.065
P3_poststall,990,1297397946,1297397945,1,43200,1297743402,0x2003ffff,0.0,0.0,0.0,False,0.066
P3_poststall,991,1297441145,1297397945,43199,43200,1297743402,0x2003ffff,0.0,0.0,0.0,False,0.114
P3_poststall,992,1297441145,1297397945,0,43200,1297743402,0x2003ffff,0.0,0.0,0.0,False,0.064
P3_poststall,993,1297441145,1297397945,0,43200,1297743402,0x2003ffff,0.0,0.0,0.0,False,0.067
P3_poststall,994,1297441145,1297397945,0,43200,1297743402,0x2003ffff,0.0,0.0,0.0,False,0.067
P3_poststall,995,1297441145,1297397946,0,43200,1297743402,0x2003ffff,0.0,0.0,0.0,False,0.064
P3_poststall,996,1297441146,1297441145,1,43200,1297743402,0x2003ffff,0.0,0.0,0.0,False,0.065
P3_poststall,997,1297484345,1297441145,43199,43200,1297743402,0x2003ffff,0.0,0.0,0.0,False,0.065
P3_poststall,998,1297484345,1297441145,0,43200,1297743402,0x2003ffff,0.0,0.0,0.0,False,0.065
P3_poststall,999,1297484345,1297441145,0,43200,1297743402,0x2003ffff,0.0,0.0,0.0,False,0.06
P3_poststall,1000,1297484345,1297441145,0,43200,1297743402,0x2003ffff,0.0,0.0,0.0,False,0.064
P3_poststall,1001,1297484345,1297441146,0,43200,1297743402,0x2003ffff,0.0,0.0,0.0,False,0.13
P3_poststall,1002,1297484346,1297484345,1,43200,1297743402,0x2003ffff,0.0,0.0,0.0,False,0.064
P3_poststall,1003,1297527545,1297484345,43199,43200,1297743402,0x2003ffff,0.0,0.0,0.0,False,0.064
P3_poststall,1004,1297527545,1297484345,0,43200,1297743402,0x2003ffff,0.0,0.0,0.0,False,0.119
P3_poststall,1005,1297527545,1297484345,0,43200,1297743402,0x2003ffff,0.0,0.0,0.0,False,0.064
P3_poststall,1006,1297527545,1297484345,0,43200,1297743402,0x2003ffff,0.0,0.0,0.0,False,0.064
P3_poststall,1007,1297527545,1297484346,0,43200,1297743402,0x2003ffff,0.0,0.0,0.0,False,0.063
P3_poststall,1008,1297527546,1297527545,1,43200,1297743402,0x2003ffff,0.0,0.0,0.0,False,0.064
P3_poststall,1009,1297570745,1297527545,43199,43200,1297743402,0x2003ffff,0.0,0.0,0.0,False,0.064
P3_poststall,1010,1297570745,1297527545,0,43200,1297743402,0x2003ffff,0.0,0.0,0.0,False,0.064
P3_poststall,1011,1297570745,1297527545,0,43200,1297743402,0x2003ffff,0.0,0.0,0.0,False,0.065
P3_poststall,1012,1297570745,1297527545,0,43200,1297743402,0x2003ffff,0.0,0.0,0.0,False,0.063
P3_poststall,1013,1297570745,1297527546,0,43200,1297743402,0x2003ffff,0.0,0.0,0.0,False,0.12
P3_poststall,1014,1297570746,1297570745,1,43200,1297743402,0x2003ffff,0.0,0.0,0.0,False,0.064
P3_poststall,1015,1297613945,1297570745,43199,43200,1297743402,0x2003ffff,0.0,0.0,0.0,False,0.06
P3_poststall,1016,1297613945,1297570745,0,43200,1297743402,0x2003ffff,0.0,0.0,0.0,False,0.065
P3_poststall,1017,1297613945,1297570745,0,43200,1297743402,0x2003ffff,0.0,0.0,0.0,False,0.063
P3_poststall,1018,1297613945,1297570745,0,43200,1297743402,0x2003ffff,0.0,0.0,0.0,False,0.062
P3_poststall,1019,1297613945,1297570746,0,43200,1297743402,0x2003ffff,0.0,0.0,0.0,False,0.059
P3_poststall,1020,1297613946,1297613945,1,43200,1297743402,0x2003ffff,0.0,0.0,0.0,False,0.064
P3_poststall,1021,1297657145,1297613945,43199,43200,1297743402,0x2003ffff,0.0,0.0,0.0,False,0.06
P3_poststall,1022,1297657145,1297613945,0,43200,1297743402,0x2003ffff,0.0,0.0,0.0,False,0.064
P3_poststall,1023,1297657145,1297613945,0,43200,1297743402,0x2003ffff,0.0,0.0,0.0,False,0.061
P3_poststall,1024,1297657145,1297613945,0,43200,1297743402,0x2003ffff,0.0,0.0,0.0,False,0.065
P3_poststall,1025,1297657145,1297613946,0,43200,1297743402,0x2003ffff,0.0,0.0,0.0,False,0.063
P3_poststall,1026,1297657146,1297657145,1,43200,1297743402,0x2003ffff,0.0,0.0,0.0,False,0.065
P3_poststall,1027,1297700345,1297657145,43199,43200,1297743402,0x2003ffff,0.0,0.0,0.0,False,0.064
P3_poststall,1028,1297700345,1297657145,0,43200,1297743402,0x2003ffff,0.0,0.0,0.0,False,0.062
P3_poststall,1029,1297700345,1297657145,0,43200,1297743402,0x2003ffff,0.0,0.0,0.0,False,0.065
P3_poststall,1030,1297700345,1297657145,0,43200,1297743402,0x2003ffff,0.0,0.0,0.0,False,0.064
P3_poststall,1031,1297700345,1297657146,0,43200,1297743402,0x2003ffff,0.0,0.0,0.0,False,0.062
P3_poststall,1032,1297700346,1297700345,1,43200,1297743402,0x2003ffff,0.0,0.0,0.0,False,0.064
P3_poststall,1033,1297743402,1297700345,43056,43057,1297743402,0x2003ffff,0.0,0.0,0.0,False,0.064
P3_poststall,1034,1297743402,1297700345,0,43057,1297743402,0x2003ffff,0.0,0.0,0.0,False,0.065
P3_poststall,1035,1297743402,1297700345,0,43057,1297743402,0x2003ffff,0.0,0.0,0.0,False,0.066
P3_poststall,1036,1297743402,1297700345,0,43057,1297743402,0x2003ffff,0.0,0.0,0.0,False,0.064
P3_poststall,1037,1297743402,1297700346,0,43057,1297743402,0x2003ffff,0.0,0.0,0.0,False,0.062
P3_poststall,1038,1297743402,1297743402,0,43056,1297743402,0x2003ffff,0.0,0.0,0.0,False,0.067
P3_poststall,1039,1297743403,1297743402,1,1,1297743402,0x2003ffff,0.0,0.0,0.0,False,0.118
P3_poststall,1040,1297743403,1297743402,0,1,1297743402,0x2003ffff,0.0,0.0,0.0,False,0.063
P3_poststall,1041,1297743403,1297743402,0,1,1297743402,0x2003ffff,0.0,0.0,0.0,False,0.061
P3_poststall,1042,1297743403,1297743402,0,1,1297743402,0x2003ffff,0.0,0.0,0.0,False,0.063
P3_poststall,1043,1297743403,1297743402,0,1,1297743402,0x2003ffff,0.0,0.0,0.0,False,0.061
P3_poststall,1044,1297743403,1297743403,0,1,1297743402,0x2003ffff,0.0,0.0,0.0,False,0.062
P3_poststall,1045,1297743404,1297743403,1,1,1297743402,0x2003ffff,0.0,0.0,0.0,False,0.066
P3_poststall,1046,1297743404,1297743403,0,1,1297743402,0x2003ffff,0.0,0.0,0.0,False,0.23
P3_poststall,1047,1297743404,1297743403,0,1,1297743402,0x2003ffff,0.0,0.0,0.0,False,0.06
P3_poststall,1048,1297743404,1297743403,0,1,1297743402,0x2003ffff,0.0,0.0,0.0,False,0.064
P3_poststall,1049,1297743404,1297743403,0,1,1297743402,0x2003ffff,0.0,0.0,0.0,False,0.061
P3_poststall,1050,1297743404,1297743404,0,1,1297743402,0x2003ffff,0.0,0.0,0.0,False,0.064
P3_poststall,1051,1297743405,1297743404,1,1,1297743402,0x2003ffff,0.0,0.0,0.0,False,0.12
P3_poststall,1052,1297743405,1297743404,0,1,1297743402,0x2003ffff,0.0,0.0,0.0,False,0.063
P3_poststall,1053,1297743405,1297743404,0,1,1297743402,0x2003ffff,0.0,0.0,0.0,False,0.065
P3_poststall,1054,1297743405,1297743404,0,1,1297743402,0x2003ffff,0.0,0.0,0.0,False,0.064
P3_poststall,1055,1297743405,1297743404,0,1,1297743402,0x2003ffff,0.0,0.0,0.0,False,0.061
P3_poststall,1056,1297743405,1297743405,0,1,1297743402,0x2003ffff,0.0,0.0,0.0,False,0.064
P3_poststall,1057,1297743406,1297743405,1,1,1297743402,0x2003ffff,0.0,0.0,0.0,False,0.064
P3_poststall,1058,1297743406,1297743405,0,1,1297743402,0x2003ffff,0.0,0.0,0.0,False,0.063
P3_poststall,1059,1297743406,1297743405,0,1,1297743402,0x2003ffff,0.0,0.0,0.0,False,0.064
P3_poststall,1060,1297743406,1297743405,0,1,1297743402,0x2003ffff,0.0,0.0,0.0,False,0.06
P3_poststall,1061,1297743406,1297743405,0,1,1297743402,0x2003ffff,0.0,0.0,0.0,False,0.064
P3_poststall,1062,1297743406,1297743406,0,1,1297743402,0x2003ffff,0.0,0.0,0.0,False,0.061
P3_poststall,1063,1297743407,1297743406,1,1,1297743402,0x2003ffff,0.0,0.0,0.0,False,0.064
P3_poststall,1064,1297743407,1297743406,0,1,1297743402,0x2003ffff,0.0,0.0,0.0,False,0.065
P3_poststall,1065,1297743407,1297743406,0,1,1297743402,0x2003ffff,0.0,0.0,0.0,False,0.065
P3_poststall,1066,1297743407,1297743406,0,1,1297743402,0x2003ffff,0.0,0.0,0.0,False,0.066
P3_poststall,1067,1297743407,1297743406,0,1,1297743402,0x2003ffff,0.0,0.0,0.0,False,0.065
P3_poststall,1068,1297743407,1297743407,0,1,1297743402,0x2003ffff,0.0,0.0,0.0,False,0.066
P3_poststall,1069,1297743408,1297743407,1,1,1297743402,0x2003ffff,0.0,0.0,0.0,False,0.064
P3_poststall,1070,1297743408,1297743407,0,1,1297743402,0x2003ffff,0.0,0.0,0.0,False,0.064
P3_poststall,1071,1297743408,1297743407,0,1,1297743402,0x2003ffff,0.0,0.0,0.0,False,0.118
P3_poststall,1072,1297743408,1297743407,0,1,1297743402,0x2003ffff,0.0,0.0,0.0,False,0.064
P3_poststall,1073,1297743408,1297743407,0,1,1297743402,0x2003ffff,0.0,0.0,0.0,False,0.062
P3_poststall,1074,1297743408,1297743408,0,1,1297743402,0x2003ffff,0.0,0.0,0.0,False,0.116
P3_poststall,1075,1297743409,1297743408,1,1,1297743402,0x2003ffff,0.0,0.0,0.0,False,0.066
P3_poststall,1076,1297743409,1297743408,0,1,1297743402,0x2003ffff,0.0,0.0,0.0,False,0.064
P3_poststall,1077,1297743409,1297743408,0,1,1297743402,0x2003ffff,0.0,0.0,0.0,False,0.065
P3_poststall,1078,1297743409,1297743408,0,1,1297743402,0x2003ffff,0.0,0.0,0.0,False,0.119
P3_poststall,1079,1297743409,1297743408,0,1,1297743402,0x2003ffff,0.0,0.0,0.0,False,0.064
P3_poststall,1080,1297743409,1297743409,0,1,1297743402,0x2003ffff,0.0,0.0,0.0,False,0.062
P3_poststall,1081,1297743410,1297743409,1,1,1297743402,0x2003ffff,0.0,0.0,0.0,False,0.061
P3_poststall,1082,1297743410,1297743409,0,1,1297743402,0x2003ffff,0.0,0.0,0.0,False,0.12
P3_poststall,1083,1297743410,1297743409,0,1,1297743402,0x2003ffff,0.0,0.0,0.0,False,0.064
P3_poststall,1084,1297743410,1297743409,0,1,1297743402,0x2003ffff,0.0,0.0,0.0,False,0.065
P3_poststall,1085,1297743410,1297743409,0,1,1297743402,0x2003ffff,0.0,0.0,0.0,False,0.118
P3_poststall,1086,1297743410,1297743410,0,1,1297743402,0x2003ffff,0.0,0.0,0.0,False,0.064
P3_poststall,1087,1297743411,1297743410,1,1,1297743402,0x2003ffff,0.0,0.0,0.0,False,0.063
P3_poststall,1088,1297743411,1297743410,0,1,1297743402,0x2003ffff,0.0,0.0,0.0,False,0.064
P3_poststall,1089,1297743411,1297743410,0,1,1297743402,0x2003ffff,0.0,0.0,0.0,False,0.065
P3_poststall,1090,1297743411,1297743410,0,1,1297743402,0x2003ffff,0.0,0.0,0.0,False,0.064
P3_poststall,1091,1297743411,1297743410,0,1,1297743402,0x2003ffff,0.0,0.0,0.0,False,0.064
P3_poststall,1092,1297743411,1297743411,0,1,1297743402,0x2003ffff,0.0,0.0,0.0,False,0.065
P3_poststall,1093,1297743412,1297743411,1,1,1297743402,0x2003ffff,0.0,0.0,0.0,False,0.066
P3_poststall,1094,1297743412,1297743411,0,1,1297743402,0x2003ffff,0.0,0.0,0.0,False,0.063
P3_poststall,1095,1297743412,1297743411,0,1,1297743402,0x2003ffff,0.0,0.0,0.0,False,0.06
P3_poststall,1096,1297743412,1297743411,0,1,1297743402,0x2003ffff,0.0,0.0,0.0,False,0.06
P3_poststall,1097,1297743412,1297743411,0,1,1297743402,0x2003ffff,0.0,0.0,0.0,False,0.061
P3_poststall,1098,1297743412,1297743412,0,1,1297743402,0x2003ffff,0.0,0.0,0.0,False,0.064
P3_poststall,1099,1297743413,1297743412,1,1,1297743402,0x2003ffff,0.0,0.0,0.0,False,0.063
P3_poststall,1100,1297743413,1297743412,0,1,1297743402,0x2003ffff,0.0,0.0,0.0,False,0.116
P3_poststall,1101,1297743413,1297743412,0,1,1297743402,0x2003ffff,0.0,0.0,0.0,False,0.063
P3_poststall,1102,1297743413,1297743412,0,1,1297743402,0x2003ffff,0.0,0.0,0.0,False,0.119
P3_poststall,1103,1297743413,1297743412,0,1,1297743402,0x2003ffff,0.0,0.0,0.0,False,0.064
P3_poststall,1104,1297743413,1297743413,0,1,1297743402,0x2003ffff,0.0,0.0,0.0,False,0.114
P3_poststall,1105,1297743414,1297743413,1,1,1297743402,0x2003ffff,0.0,0.0,0.0,False,0.064
P3_poststall,1106,1297743414,1297743413,0,1,1297743402,0x2003ffff,0.0,0.0,0.0,False,0.062
P3_poststall,1107,1297743414,1297743413,0,1,1297743402,0x2003ffff,0.0,0.0,0.0,False,0.064
P3_poststall,1108,1297743414,1297743413,0,1,1297743402,0x2003ffff,0.0,0.0,0.0,False,0.06
P3_poststall,1109,1297743414,1297743413,0,1,1297743402,0x2003ffff,0.0,0.0,0.0,False,0.064
P3_poststall,1110,1297743414,1297743414,0,1,1297743402,0x2003ffff,0.0,0.0,0.0,False,0.067
P3_poststall,1111,1297743415,1297743414,1,1,1297743402,0x2003ffff,0.0,0.0,0.0,False,0.061
P3_poststall,1112,1297743415,1297743414,0,1,1297743402,0x2003ffff,0.0,0.0,0.0,False,0.064
P3_poststall,1113,1297743415,1297743414,0,1,1297743402,0x2003ffff,0.0,0.0,0.0,False,0.064
P3_poststall,1114,1297743415,1297743414,0,1,1297743402,0x2003ffff,0.0,0.0,0.0,False,0.066
P3_poststall,1115,1297743415,1297743414,0,1,1297743402,0x2003ffff,0.0,0.0,0.0,False,0.065
P3_poststall,1116,1297743415,1297743415,0,1,1297743402,0x2003ffff,0.0,0.0,0.0,False,0.064
P3_poststall,1117,1297743416,1297743415,1,1,1297743402,0x2003ffff,0.0,0.0,0.0,False,0.061
P3_poststall,1118,1297743416,1297743415,0,1,1297743402,0x2003ffff,0.0,0.0,0.0,False,0.064
P3_poststall,1119,1297743416,1297743415,0,1,1297743402,0x2003ffff,0.0,0.0,0.0,False,0.063
P3_poststall,1120,1297743416,1297743415,0,1,1297743402,0x2003ffff,0.0,0.0,0.0,False,0.064
P3_poststall,1121,1297743416,1297743415,0,1,1297743402,0x2003ffff,0.0,0.0,0.0,False,0.064
P3_poststall,1122,1297743416,1297743416,0,1,1297743402,0x2003ffff,0.0,0.0,0.0,False,0.066
P3_poststall,1123,1297743417,1297743416,1,1,1297743402,0x2003ffff,0.0,0.0,0.0,False,0.173
P3_poststall,1124,1297743417,1297743416,0,1,1297743402,0x2003ffff,0.0,0.0,0.0,False,0.064
P3_poststall,1125,1297743417,1297743416,0,1,1297743402,0x2003ffff,0.0,0.0,0.0,False,0.064
P3_poststall,1126,1297743417,1297743416,0,1,1297743402,0x2003ffff,0.0,0.0,0.0,False,0.064
P3_poststall,1127,1297743417,1297743416,0,1,1297743402,0x2003ffff,0.0,0.0,0.0,False,0.064
P3_poststall,1128,1297743417,1297743417,0,1,1297743402,0x2003ffff,0.0,0.0,0.0,False,0.063
P3_poststall,1129,1297743418,1297743417,1,1,1297743402,0x2003ffff,0.0,0.0,0.0,False,0.064
P3_poststall,1130,1297743418,1297743417,0,1,1297743402,0x2003ffff,0.0,0.0,0.0,False,0.064
P3_poststall,1131,1297743418,1297743417,0,1,1297743402,0x2003ffff,0.0,0.0,0.0,False,0.119
P3_poststall,1132,1297743418,1297743417,0,1,1297743402,0x2003ffff,0.0,0.0,0.0,False,0.064
P3_poststall,1133,1297743418,1297743417,0,1,1297743402,0x2003ffff,0.0,0.0,0.0,False,0.12
P3_poststall,1134,1297743418,1297743418,0,1,1297743402,0x2003ffff,0.0,0.0,0.0,False,0.064
P3_poststall,1135,1297743419,1297743418,1,1,1297743402,0x2003ffff,0.0,0.0,0.0,False,0.115
P3_poststall,1136,1297743419,1297743418,0,1,1297743402,0x2003ffff,0.0,0.0,0.0,False,0.174
P3_poststall,1137,1297743419,1297743418,0,1,1297743402,0x2003ffff,0.0,0.0,0.0,False,0.065
P3_poststall,1138,1297743419,1297743418,0,1,1297743402,0x2003ffff,0.0,0.0,0.0,False,0.064
P3_poststall,1139,1297743419,1297743418,0,1,1297743402,0x2003ffff,0.0,0.0,0.0,False,0.064
P3_poststall,1140,1297743419,1297743419,0,1,1297743402,0x2003ffff,0.0,0.0,0.0,False,0.064
P3_poststall,1141,1297743420,1297743419,1,1,1297743402,0x2003ffff,0.0,0.0,0.0,False,0.118
P3_poststall,1142,1297743420,1297743419,0,1,1297743402,0x2003ffff,0.0,0.0,0.0,False,0.064
P3_poststall,1143,1297743420,1297743419,0,1,1297743402,0x2003ffff,0.0,0.0,0.0,False,0.064
P3_poststall,1144,1297743420,1297743419,0,1,1297743402,0x2003ffff,0.0,0.0,0.0,False,0.063
P3_poststall,1145,1297743420,1297743419,0,1,1297743402,0x2003ffff,0.0,0.0,0.0,False,0.064
P3_poststall,1146,1297743420,1297743420,0,1,1297743402,0x2003ffff,0.0,0.0,0.0,False,0.064
P3_poststall,1147,1297743421,1297743420,1,1,1297743402,0x2003ffff,0.0,0.0,0.0,False,0.115
P3_poststall,1148,1297743421,1297743420,0,1,1297743402,0x2003ffff,0.0,0.0,0.0,False,0.06
P3_poststall,1149,1297743421,1297743420,0,1,1297743402,0x2003ffff,0.0,0.0,0.0,False,0.063
P3_poststall,1150,1297743421,1297743420,0,1,1297743402,0x2003ffff,0.0,0.0,0.0,False,0.061
P3_poststall,1151,1297743421,1297743420,0,1,1297743402,0x2003ffff,0.0,0.0,0.0,False,0.064
P3_poststall,1152,1297743421,1297743421,0,1,1297743402,0x2003ffff,0.0,0.0,0.0,False,0.115
P3_poststall,1153,1297743422,1297743421,1,1,1297743402,0x2003ffff,0.0,0.0,0.0,False,0.063
P3_poststall,1154,1297743422,1297743421,0,1,1297743402,0x2003ffff,0.0,0.0,0.0,False,0.063
P3_poststall,1155,1297743422,1297743421,0,1,1297743402,0x2003ffff,0.0,0.0,0.0,False,0.111
P3_poststall,1156,1297743422,1297743421,0,1,1297743402,0x2003ffff,0.0,0.0,0.0,False,0.063
P3_poststall,1157,1297743422,1297743421,0,1,1297743402,0x2003ffff,0.0,0.0,0.0,False,0.061
P3_poststall,1158,1297743422,1297743422,0,1,1297743402,0x2003ffff,0.0,0.0,0.0,False,0.063
P3_poststall,1159,1297743423,1297743422,1,1,1297743402,0x2003ffff,0.0,0.0,0.0,False,0.066
P3_poststall,1160,1297743423,1297743422,0,1,1297743402,0x2003ffff,0.0,0.0,0.0,False,0.061
P3_poststall,1161,1297743423,1297743422,0,1,1297743402,0x2003ffff,0.0,0.0,0.0,False,0.064
P3_poststall,1162,1297743423,1297743422,0,1,1297743402,0x2003ffff,0.0,0.0,0.0,False,0.064
P3_poststall,1163,1297743423,1297743422,0,1,1297743402,0x2003ffff,0.0,0.0,0.0,False,0.117
P3_poststall,1164,1297743423,1297743423,0,1,1297743402,0x2003ffff,0.0,0.0,0.0,False,0.064
P3_poststall,1165,1297743424,1297743423,1,1,1297743402,0x2003ffff,0.0,0.0,0.0,False,0.061
P3_poststall,1166,1297743424,1297743423,0,1,1297743402,0x2003ffff,0.0,0.0,0.0,False,0.064
P3_poststall,1167,1297743424,1297743423,0,1,1297743402,0x2003ffff,0.0,0.0,0.0,False,0.064
P3_poststall,1168,1297743424,1297743423,0,1,1297743402,0x2003ffff,0.0,0.0,0.0,False,0.063
P3_poststall,1169,1297743424,1297743423,0,1,1297743402,0x2003ffff,0.0,0.0,0.0,False,0.06
P3_poststall,1170,1297743424,1297743424,0,1,1297743402,0x2003ffff,0.0,0.0,0.0,False,0.064
P3_poststall,1171,1297743425,1297743424,1,1,1297743402,0x2003ffff,0.0,0.0,0.0,False,0.064
P3_poststall,1172,1297743425,1297743424,0,1,1297743402,0x2003ffff,0.0,0.0,0.0,False,0.061
P3_poststall,1173,1297743425,1297743424,0,1,1297743402,0x2003ffff,0.0,0.0,0.0,False,0.065
P3_poststall,1174,1297743425,1297743424,0,1,1297743402,0x2003ffff,0.0,0.0,0.0,False,0.064
P3_poststall,1175,1297743425,1297743424,0,1,1297743402,0x2003ffff,0.0,0.0,0.0,False,0.066
P3_poststall,1176,1297743425,1297743425,0,1,1297743402,0x2003ffff,0.0,0.0,0.0,False,0.119
P3_poststall,1177,1297743426,1297743425,1,1,1297743402,0x2003ffff,0.0,0.0,0.0,False,0.063
P3_poststall,1178,1297743426,1297743425,0,1,1297743402,0x2003ffff,0.0,0.0,0.0,False,0.119
P3_poststall,1179,1297743426,1297743425,0,1,1297743402,0x2003ffff,0.0,0.0,0.0,False,0.06
P3_poststall,1180,1297743426,1297743425,0,1,1297743402,0x2003ffff,0.0,0.0,0.0,False,0.065
P3_poststall,1181,1297743426,1297743425,0,1,1297743402,0x2003ffff,0.0,0.0,0.0,False,0.062
P3_poststall,1182,1297743426,1297743426,0,1,1297743402,0x2003ffff,0.0,0.0,0.0,False,0.064
P3_poststall,1183,1297743427,1297743426,1,1,1297743402,0x2003ffff,0.0,0.0,0.0,False,0.064
P3_poststall,1184,1297743427,1297743426,0,1,1297743402,0x2003ffff,0.0,0.0,0.0,False,0.064
P3_poststall,1185,1297743427,1297743426,0,1,1297743402,0x2003ffff,0.0,0.0,0.0,False,0.06
P3_poststall,1186,1297743427,1297743426,0,1,1297743402,0x2003ffff,0.0,0.0,0.0,False,0.061
P3_poststall,1187,1297743427,1297743426,0,1,1297743402,0x2003ffff,0.0,0.0,0.0,False,0.064
P3_poststall,1188,1297743427,1297743427,0,1,1297743402,0x2003ffff,0.0,0.0,0.0,False,0.062
P3_poststall,1189,1297743428,1297743427,1,1,1297743402,0x2003ffff,0.0,0.0,0.0,False,0.064
P3_poststall,1190,1297743428,1297743427,0,1,1297743402,0x2003ffff,0.0,0.0,0.0,False,0.06
P3_poststall,1191,1297743428,1297743427,0,1,1297743402,0x2003ffff,0.0,0.0,0.0,False,0.064
P3_poststall,1192,1297743428,1297743427,0,1,1297743402,0x2003ffff,0.0,0.0,0.0,False,0.059
P3_poststall,1193,1297743428,1297743427,0,1,1297743402,0x2003ffff,0.0,0.0,0.0,False,0.059
P3_poststall,1194,1297743428,1297743428,0,1,1297743402,0x2003ffff,0.0,0.0,0.0,False,0.064
P3_poststall,1195,1297743429,1297743428,1,1,1297743402,0x2003ffff,0.0,0.0,0.0,False,0.062
P3_poststall,1196,1297743429,1297743428,0,1,1297743402,0x2003ffff,0.0,0.0,0.0,False,0.063
P3_poststall,1197,1297743429,1297743428,0,1,1297743402,0x2003ffff,0.0,0.0,0.0,False,0.064
P3_poststall,1198,1297743429,1297743428,0,1,1297743402,0x2003ffff,0.0,0.0,0.0,False,0.063
P3_poststall,1199,1297743429,1297743428,0,1,1297743402,0x2003ffff,0.0,0.0,0.0,False,0.064
P3_poststall,1200,1297743429,1297743429,0,1,1297743402,0x2003ffff,0.0,0.0,0.0,False,0.064
P3_poststall,1201,1297743430,1297743429,1,1,1297743402,0x2003ffff,0.0,0.0,0.0,False,0.065
P3_poststall,1202,1297743430,1297743429,0,1,1297743402,0x2003ffff,0.0,0.0,0.0,False,0.064
P3_poststall,1203,1297743430,1297743429,0,1,1297743402,0x2003ffff,0.0,0.0,0.0,False,0.064
P3_poststall,1204,1297743430,1297743429,0,1,1297743402,0x2003ffff,0.0,0.0,0.0,False,0.064
P3_poststall,1205,1297743430,1297743429,0,1,1297743402,0x2003ffff,0.0,0.0,0.0,False,0.118
P3_poststall,1206,1297743430,1297743430,0,1,1297743402,0x2003ffff,0.0,0.0,0.0,False,0.063
P3_poststall,1207,1297743431,1297743430,1,1,1297743402,0x2003ffff,0.0,0.0,0.0,False,0.063
P3_poststall,1208,1297743431,1297743430,0,1,1297743402,0x2003ffff,0.0,0.0,0.0,False,0.061
P3_poststall,1209,1297743431,1297743430,0,1,1297743402,0x2003ffff,0.0,0.0,0.0,False,0.064
P3_poststall,1210,1297743431,1297743430,0,1,1297743402,0x2003ffff,0.0,0.0,0.0,False,0.064
P3_poststall,1211,1297743431,1297743430,0,1,1297743402,0x2003ffff,0.0,0.0,0.0,False,0.062
P3_poststall,1212,1297743431,1297743431,0,1,1297743402,0x2003ffff,0.0,0.0,0.0,False,0.065
P3_poststall,1213,1297743432,1297743431,1,1,1297743402,0x2003ffff,0.0,0.0,0.0,False,0.064
P3_poststall,1214,1297743432,1297743431,0,1,1297743402,0x2003ffff,0.0,0.0,0.0,False,0.063
P3_poststall,1215,1297743432,1297743431,0,1,1297743402,0x2003ffff,0.0,0.0,0.0,False,0.064
P3_poststall,1216,1297743432,1297743431,0,1,1297743402,0x2003ffff,0.0,0.0,0.0,False,0.063
P3_poststall,1217,1297743432,1297743431,0,1,1297743402,0x2003ffff,0.0,0.0,0.0,False,0.063
P3_poststall,1218,1297743432,1297743432,0,1,1297743402,0x2003ffff,0.0,0.0,0.0,False,0.064
P3_poststall,1219,1297743433,1297743432,1,1,1297743402,0x2003ffff,0.0,0.0,0.0,False,0.064
P3_poststall,1220,1297743433,1297743432,0,1,1297743402,0x2003ffff,0.0,0.0,0.0,False,0.062
P3_poststall,1221,1297743433,1297743432,0,1,1297743402,0x2003ffff,0.0,0.0,0.0,False,0.065
P3_poststall,1222,1297743433,1297743432,0,1,1297743402,0x2003ffff,0.0,0.0,0.0,False,0.066
P3_poststall,1223,1297743433,1297743432,0,1,1297743402,0x2003ffff,0.0,0.0,0.0,False,0.061
P3_poststall,1224,1297743433,1297743433,0,1,1297743402,0x2003ffff,0.0,0.0,0.0,False,0.065
P3_poststall,1225,1297743434,1297743433,1,1,1297743402,0x2003ffff,0.0,0.0,0.0,False,0.119
P3_poststall,1226,1297743434,1297743433,0,1,1297743402,0x2003ffff,0.0,0.0,0.0,False,0.064
P3_poststall,1227,1297743434,1297743433,0,1,1297743402,0x2003ffff,0.0,0.0,0.0,False,0.064
P3_poststall,1228,1297743434,1297743433,0,1,1297743402,0x2003ffff,0.0,0.0,0.0,False,0.064
P3_poststall,1229,1297743434,1297743433,0,1,1297743402,0x2003ffff,0.0,0.0,0.0,False,0.061
P3_poststall,1230,1297743434,1297743434,0,1,1297743402,0x2003ffff,0.0,0.0,0.0,False,0.065
P3_poststall,1231,1297743435,1297743434,1,1,1297743402,0x2003ffff,0.0,0.0,0.0,False,0.116
P3_poststall,1232,1297743435,1297743434,0,1,1297743402,0x2003ffff,0.0,0.0,0.0,False,0.065
P3_poststall,1233,1297743435,1297743434,0,1,1297743402,0x2003ffff,0.0,0.0,0.0,False,0.064
P3_poststall,1234,1297743435,1297743434,0,1,1297743402,0x2003ffff,0.0,0.0,0.0,False,0.062
P3_poststall,1235,1297743435,1297743434,0,1,1297743402,0x2003ffff,0.0,0.0,0.0,False,0.064
P3_poststall,1236,1297743435,1297743435,0,1,1297743402,0x2003ffff,0.0,0.0,0.0,False,0.065
P3_poststall,1237,1297743436,1297743435,1,1,1297743402,0x2003ffff,0.0,0.0,0.0,False,0.065
P3_poststall,1238,1297743436,1297743435,0,1,1297743402,0x2003ffff,0.0,0.0,0.0,False,0.065
P3_poststall,1239,1297743436,1297743435,0,1,1297743402,0x2003ffff,0.0,0.0,0.0,False,0.062
P3_poststall,1240,1297743436,1297743435,0,1,1297743402,0x2003ffff,0.0,0.0,0.0,False,0.064
P3_poststall,1241,1297743436,1297743435,0,1,1297743402,0x2003ffff,0.0,0.0,0.0,False,0.062
P3_poststall,1242,1297743436,1297743436,0,1,1297743402,0x2003ffff,0.0,0.0,0.0,False,0.062
P3_poststall,1243,1297743437,1297743436,1,1,1297743402,0x2003ffff,0.0,0.0,0.0,False,0.064
P3_poststall,1244,1297743437,1297743436,0,1,1297743402,0x2003ffff,0.0,0.0,0.0,False,0.062
P3_poststall,1245,1297743437,1297743436,0,1,1297743402,0x2003ffff,0.0,0.0,0.0,False,0.063
P3_poststall,1246,1297743437,1297743436,0,1,1297743402,0x2003ffff,0.0,0.0,0.0,False,0.065
P3_poststall,1247,1297743437,1297743436,0,1,1297743402,0x2003ffff,0.0,0.0,0.0,False,0.064
P3_poststall,1248,1297743437,1297743437,0,1,1297743402,0x2003ffff,0.0,0.0,0.0,False,0.06
P3_poststall,1249,1297743438,1297743437,1,1,1297743402,0x2003ffff,0.0,0.0,0.0,False,0.059
P3_poststall,1250,1297743438,1297743437,0,1,1297743402,0x2003ffff,0.0,0.0,0.0,False,0.119
P3_poststall,1251,1297743438,1297743437,0,1,1297743402,0x2003ffff,0.0,0.0,0.0,False,0.064
P3_poststall,1252,1297743438,1297743437,0,1,1297743402,0x2003ffff,0.0,0.0,0.0,False,0.065
P3_poststall,1253,1297743438,1297743437,0,1,1297743402,0x2003ffff,0.0,0.0,0.0,False,0.065
P3_poststall,1254,1297743438,1297743438,0,1,1297743402,0x2003ffff,0.0,0.0,0.0,False,0.12
P3_poststall,1255,1297743439,1297743438,1,1,1297743402,0x2003ffff,0.0,0.0,0.0,False,0.06
P3_poststall,1256,1297743439,1297743438,0,1,1297743402,0x2003ffff,0.0,0.0,0.0,False,0.117
P3_poststall,1257,1297743439,1297743438,0,1,1297743402,0x2003ffff,0.0,0.0,0.0,False,0.064
P3_poststall,1258,1297743439,1297743438,0,1,1297743402,0x2003ffff,0.0,0.0,0.0,False,0.064
P3_poststall,1259,1297743439,1297743438,0,1,1297743402,0x2003ffff,0.0,0.0,0.0,False,0.065
P3_poststall,1260,1297743439,1297743439,0,1,1297743402,0x2003ffff,0.0,0.0,0.0,False,0.063
P3_poststall,1261,1297743440,1297743439,1,1,1297743402,0x2003ffff,0.0,0.0,0.0,False,0.064
P3_poststall,1262,1297743440,1297743439,0,1,1297743402,0x2003ffff,0.0,0.0,0.0,False,0.061
P3_poststall,1263,1297743440,1297743439,0,1,1297743402,0x2003ffff,0.0,0.0,0.0,False,0.064
P3_poststall,1264,1297743440,1297743439,0,1,1297743402,0x2003ffff,0.0,0.0,0.0,False,0.06
P3_poststall,1265,1297743440,1297743439,0,1,1297743402,0x2003ffff,0.0,0.0,0.0,False,0.063
P3_poststall,1266,1297743440,1297743440,0,1,1297743402,0x2003ffff,0.0,0.0,0.0,False,0.064
P3_poststall,1267,1297743441,1297743440,1,1,1297743402,0x2003ffff,0.0,0.0,0.0,False,0.064
P3_poststall,1268,1297743441,1297743440,0,1,1297743402,0x2003ffff,0.0,0.0,0.0,False,0.06
P3_poststall,1269,1297743441,1297743440,0,1,1297743402,0x2003ffff,0.0,0.0,0.0,False,0.064
P3_poststall,1270,1297743441,1297743440,0,1,1297743402,0x2003ffff,0.0,0.0,0.0,False,0.059
P3_poststall,1271,1297743441,1297743440,0,1,1297743402,0x2003ffff,0.0,0.0,0.0,False,0.063
P3_poststall,1272,1297743441,1297743441,0,1,1297743402,0x2003ffff,0.0,0.0,0.0,False,0.064
P3_poststall,1273,1297743442,1297743441,1,1,1297743402,0x2003ffff,0.0,0.0,0.0,False,0.059
P3_poststall,1274,1297743442,1297743441,0,1,1297743402,0x2003ffff,0.0,0.0,0.0,False,0.061
P3_poststall,1275,1297743442,1297743441,0,1,1297743402,0x2003ffff,0.0,0.0,0.0,False,0.063
P3_poststall,1276,1297743442,1297743441,0,1,1297743402,0x2003ffff,0.0,0.0,0.0,False,0.064
P3_poststall,1277,1297743442,1297743441,0,1,1297743402,0x2003ffff,0.0,0.0,0.0,False,0.064
P3_poststall,1278,1297743442,1297743442,0,1,1297743402,0x2003ffff,0.0,0.0,0.0,False,0.063
P3_poststall,1279,1297743443,1297743442,1,1,1297743402,0x2003ffff,0.0,0.0,0.0,False,0.064
P3_poststall,1280,1297743443,1297743442,0,1,1297743402,0x2003ffff,0.0,0.0,0.0,False,0.064
P3_poststall,1281,1297743443,1297743442,0,1,1297743402,0x2003ffff,0.0,0.0,0.0,False,0.064
P3_poststall,1282,1297743443,1297743442,0,1,1297743402,0x2003ffff,0.0,0.0,0.0,False,0.063
P3_poststall,1283,1297743443,1297743442,0,1,1297743402,0x2003ffff,0.0,0.0,0.0,False,0.064
P3_poststall,1284,1297743443,1297743443,0,1,1297743402,0x2003ffff,0.0,0.0,0.0,False,0.064
P3_poststall,1285,1297743444,1297743443,1,1,1297743402,0x2003ffff,0.0,0.0,0.0,False,0.12
P3_poststall,1286,1297743444,1297743443,0,1,1297743402,0x2003ffff,0.0,0.0,0.0,False,0.061
P3_poststall,1287,1297743444,1297743443,0,1,1297743402,0x2003ffff,0.0,0.0,0.0,False,0.066
P3_poststall,1288,1297743444,1297743443,0,1,1297743402,0x2003ffff,0.0,0.0,0.0,False,0.065
P3_poststall,1289,1297743444,1297743443,0,1,1297743402,0x2003ffff,0.0,0.0,0.0,False,0.063
P3_poststall,1290,1297743444,1297743444,0,1,1297743402,0x2003ffff,0.0,0.0,0.0,False,0.062
P3_poststall,1291,1297743445,1297743444,1,1,1297743402,0x2003ffff,0.0,0.0,0.0,False,0.061
P3_poststall,1292,1297743445,1297743444,0,1,1297743402,0x2003ffff,0.0,0.0,0.0,False,0.064
P3_poststall,1293,1297743445,1297743444,0,1,1297743402,0x2003ffff,0.0,0.0,0.0,False,0.065
P3_poststall,1294,1297743445,1297743444,0,1,1297743402,0x2003ffff,0.0,0.0,0.0,False,0.065
P3_poststall,1295,1297743445,1297743444,0,1,1297743402,0x2003ffff,0.0,0.0,0.0,False,0.064
P3_poststall,1296,1297743445,1297743445,0,1,1297743402,0x2003ffff,0.0,0.0,0.0,False,0.066
P3_poststall,1297,1297743446,1297743445,1,1,1297743402,0x2003ffff,0.0,0.0,0.0,False,0.065
P3_poststall,1298,1297743446,1297743445,0,1,1297743402,0x2003ffff,0.0,0.0,0.0,False,0.119
P3_poststall,1299,1297743446,1297743445,0,1,1297743402,0x2003ffff,0.0,0.0,0.0,False,0.06
P3_poststall,1300,1297743446,1297743445,0,1,1297743402,0x2003ffff,0.0,0.0,0.0,False,0.068
P3_poststall,1301,1297743446,1297743445,0,1,1297743402,0x2003ffff,0.0,0.0,0.0,False,0.063
P3_poststall,1302,1297743446,1297743446,0,1,1297743402,0x2003ffff,0.0,0.0,0.0,False,0.064
P3_poststall,1303,1297743447,1297743446,1,1,1297743402,0x2003ffff,0.0,0.0,0.0,False,0.064
P3_poststall,1304,1297743447,1297743446,0,1,1297743402,0x2003ffff,0.0,0.0,0.0,False,0.062
P3_poststall,1305,1297743447,1297743446,0,1,1297743402,0x2003ffff,0.0,0.0,0.0,False,0.06
P3_poststall,1306,1297743447,1297743446,0,1,1297743402,0x2003ffff,0.0,0.0,0.0,False,0.065
P3_poststall,1307,1297743447,1297743446,0,1,1297743402,0x2003ffff,0.0,0.0,0.0,False,0.062
P3_poststall,1308,1297743447,1297743447,0,1,1297743402,0x2003ffff,0.0,0.0,0.0,False,0.065
P3_poststall,1309,1297743448,1297743447,1,1,1297743402,0x2003ffff,0.0,0.0,0.0,False,0.064
P3_poststall,1310,1297743448,1297743447,0,1,1297743402,0x2003ffff,0.0,0.0,0.0,False,0.064
P3_poststall,1311,1297743448,1297743447,0,1,1297743402,0x2003ffff,0.0,0.0,0.0,False,0.063
P3_poststall,1312,1297743448,1297743447,0,1,1297743402,0x2003ffff,0.0,0.0,0.0,False,0.064
P3_poststall,1313,1297743448,1297743447,0,1,1297743402,0x2003ffff,0.0,0.0,0.0,False,0.064
P3_poststall,1314,1297743448,1297743448,0,1,1297743402,0x2003ffff,0.0,0.0,0.0,False,0.064
P3_poststall,1315,1297743449,1297743448,1,1,1297743402,0x2003ffff,0.0,0.0,0.0,False,0.061
P3_poststall,1316,1297743449,1297743448,0,1,1297743402,0x2003ffff,0.0,0.0,0.0,False,0.063
P3_poststall,1317,1297743449,1297743448,0,1,1297743402,0x2003ffff,0.0,0.0,0.0,False,0.064
P3_poststall,1318,1297743449,1297743448,0,1,1297743402,0x2003ffff,0.0,0.0,0.0,False,0.063
P3_poststall,1319,1297743449,1297743448,0,1,1297743402,0x2003ffff,0.0,0.0,0.0,False,0.062
P3_poststall,1320,1297743449,1297743449,0,1,1297743402,0x2003ffff,0.0,0.0,0.0,False,0.062
P3_poststall,1321,1297743450,1297743449,1,1,1297743402,0x2003ffff,0.0,0.0,0.0,False,0.065
P3_poststall,1322,1297743450,1297743449,0,1,1297743402,0x2003ffff,0.0,0.0,0.0,False,0.063
P3_poststall,1323,1297743450,1297743449,0,1,1297743402,0x2003ffff,0.0,0.0,0.0,False,0.064
P3_poststall,1324,1297743450,1297743449,0,1,1297743402,0x2003ffff,0.0,0.0,0.0,False,0.063
P3_poststall,1325,1297743450,1297743449,0,1,1297743402,0x2003ffff,0.0,0.0,0.0,False,0.065
P3_poststall,1326,1297743450,1297743450,0,1,1297743402,0x2003ffff,0.0,0.0,0.0,False,0.061
P3_poststall,1327,1297743451,1297743450,1,1,1297743402,0x2003ffff,0.0,0.0,0.0,False,0.065
P3_poststall,1328,1297743451,1297743450,0,1,1297743402,0x2003ffff,0.0,0.0,0.0,False,0.06
P3_poststall,1329,1297743451,1297743450,0,1,1297743402,0x2003ffff,0.0,0.0,0.0,False,0.062
P3_poststall,1330,1297743451,1297743450,0,1,1297743402,0x2003ffff,0.0,0.0,0.0,False,0.172
P3_poststall,1331,1297743451,1297743450,0,1,1297743402,0x2003ffff,0.0,0.0,0.0,False,0.062
P3_poststall,1332,1297743451,1297743451,0,1,1297743402,0x2003ffff,0.0,0.0,0.0,False,0.064
P3_poststall,1333,1297743452,1297743451,1,1,1297743402,0x2003ffff,0.0,0.0,0.0,False,0.062
P3_poststall,1334,1297743452,1297743451,0,1,1297743402,0x2003ffff,0.0,0.0,0.0,False,0.064
P3_poststall,1335,1297743452,1297743451,0,1,1297743402,0x2003ffff,0.0,0.0,0.0,False,0.064
P3_poststall,1336,1297743452,1297743451,0,1,1297743402,0x2003ffff,0.0,0.0,0.0,False,0.064
P3_poststall,1337,1297743452,1297743451,0,1,1297743402,0x2003ffff,0.0,0.0,0.0,False,0.064
P3_poststall,1338,1297743452,1297743452,0,1,1297743402,0x2003ffff,0.0,0.0,0.0,False,0.065
P3_poststall,1339,1297743453,1297743452,1,1,1297743402,0x2003ffff,0.0,0.0,0.0,False,0.064
P3_poststall,1340,1297743453,1297743452,0,1,1297743402,0x2003ffff,0.0,0.0,0.0,False,0.061
P3_poststall,1341,1297743453,1297743452,0,1,1297743402,0x2003ffff,0.0,0.0,0.0,False,0.064
P3_poststall,1342,1297743453,1297743452,0,1,1297743402,0x2003ffff,0.0,0.0,0.0,False,0.064
P3_poststall,1343,1297743453,1297743452,0,1,1297743402,0x2003ffff,0.0,0.0,0.0,False,0.118
P3_poststall,1344,1297743453,1297743453,0,1,1297743402,0x2003ffff,0.0,0.0,0.0,False,0.065
P3_poststall,1345,1297743454,1297743453,1,1,1297743402,0x2003ffff,0.0,0.0,0.0,False,0.062
P3_poststall,1346,1297743454,1297743453,0,1,1297743402,0x2003ffff,0.0,0.0,0.0,False,0.059
P3_poststall,1347,1297743454,1297743453,0,1,1297743402,0x2003ffff,0.0,0.0,0.0,False,0.064
P3_poststall,1348,1297743454,1297743453,0,1,1297743402,0x2003ffff,0.0,0.0,0.0,False,0.066
P3_poststall,1349,1297743454,1297743453,0,1,1297743402,0x2003ffff,0.0,0.0,0.0,False,0.064
P3_poststall,1350,1297743454,1297743454,0,1,1297743402,0x2003ffff,0.0,0.0,0.0,False,0.064
P3_poststall,1351,1297743455,1297743454,1,1,1297743402,0x2003ffff,0.0,0.0,0.0,False,0.062
P3_poststall,1352,1297743455,1297743454,0,1,1297743402,0x2003ffff,0.0,0.0,0.0,False,0.064
P3_poststall,1353,1297743455,1297743454,0,1,1297743402,0x2003ffff,0.0,0.0,0.0,False,0.119
P3_poststall,1354,1297743455,1297743454,0,1,1297743402,0x2003ffff,0.0,0.0,0.0,False,0.065
P3_poststall,1355,1297743455,1297743454,0,1,1297743402,0x2003ffff,0.0,0.0,0.0,False,0.115
P3_poststall,1356,1297743455,1297743455,0,1,1297743402,0x2003ffff,0.0,0.0,0.0,False,0.064
P3_poststall,1357,1297743456,1297743455,1,1,1297743402,0x2003ffff,0.0,0.0,0.0,False,0.062
P3_poststall,1358,1297743456,1297743455,0,1,1297743402,0x2003ffff,0.0,0.0,0.0,False,0.064
P3_poststall,1359,1297743456,1297743455,0,1,1297743402,0x2003ffff,0.0,0.0,0.0,False,0.062
P3_poststall,1360,1297743456,1297743455,0,1,1297743402,0x2003ffff,0.0,0.0,0.0,False,0.064
P3_poststall,1361,1297743456,1297743455,0,1,1297743402,0x2003ffff,0.0,0.0,0.0,False,0.065
P3_poststall,1362,1297743456,1297743456,0,1,1297743402,0x2003ffff,0.0,0.0,0.0,False,0.064
P3_poststall,1363,1297743457,1297743456,1,1,1297743402,0x2003ffff,0.0,0.0,0.0,False,0.066
P3_poststall,1364,1297743457,1297743456,0,1,1297743402,0x2003ffff,0.0,0.0,0.0,False,0.064
P3_poststall,1365,1297743457,1297743456,0,1,1297743402,0x2003ffff,0.0,0.0,0.0,False,0.116
P3_poststall,1366,1297743457,1297743456,0,1,1297743402,0x2003ffff,0.0,0.0,0.0,False,0.065
P3_poststall,1367,1297743457,1297743456,0,1,1297743402,0x2003ffff,0.0,0.0,0.0,False,0.061
P3_poststall,1368,1297743457,1297743457,0,1,1297743402,0x2003ffff,0.0,0.0,0.0,False,0.12
P3_poststall,1369,1297743458,1297743457,1,1,1297743402,0x2003ffff,0.0,0.0,0.0,False,0.066
P3_poststall,1370,1297743458,1297743457,0,1,1297743402,0x2003ffff,0.0,0.0,0.0,False,0.065
P3_poststall,1371,1297743458,1297743457,0,1,1297743402,0x2003ffff,0.0,0.0,0.0,False,0.064
P3_poststall,1372,1297743458,1297743457,0,1,1297743402,0x2003ffff,0.0,0.0,0.0,False,0.064
P3_poststall,1373,1297743458,1297743457,0,1,1297743402,0x2003ffff,0.0,0.0,0.0,False,0.065
P3_poststall,1374,1297743458,1297743458,0,1,1297743402,0x2003ffff,0.0,0.0,0.0,False,0.06
P3_poststall,1375,1297743459,1297743458,1,1,1297743402,0x2003ffff,0.0,0.0,0.0,False,0.062
P3_poststall,1376,1297743459,1297743458,0,1,1297743402,0x2003ffff,0.0,0.0,0.0,False,0.065
P3_poststall,1377,1297743459,1297743458,0,1,1297743402,0x2003ffff,0.0,0.0,0.0,False,0.063
P3_poststall,1378,1297743459,1297743458,0,1,1297743402,0x2003ffff,0.0,0.0,0.0,False,0.065
P3_poststall,1379,1297743459,1297743458,0,1,1297743402,0x2003ffff,0.0,0.0,0.0,False,0.062
P3_poststall,1380,1297743459,1297743459,0,1,1297743402,0x2003ffff,0.0,0.0,0.0,False,0.119
P3_poststall,1381,1297743460,1297743459,1,1,1297743402,0x2003ffff,0.0,0.0,0.0,False,0.059
P3_poststall,1382,1297743460,1297743459,0,1,1297743402,0x2003ffff,0.0,0.0,0.0,False,0.06
P3_poststall,1383,1297743460,1297743459,0,1,1297743402,0x2003ffff,0.0,0.0,0.0,False,0.064
P3_poststall,1384,1297743460,1297743459,0,1,1297743402,0x2003ffff,0.0,0.0,0.0,False,0.065
P3_poststall,1385,1297743460,1297743459,0,1,1297743402,0x2003ffff,0.0,0.0,0.0,False,0.065
P3_poststall,1386,1297743460,1297743460,0,1,1297743402,0x2003ffff,0.0,0.0,0.0,False,0.065
P3_poststall,1387,1297743461,1297743460,1,1,1297743402,0x2003ffff,0.0,0.0,0.0,False,0.063
P3_poststall,1388,1297743461,1297743460,0,1,1297743402,0x2003ffff,0.0,0.0,0.0,False,0.064
P3_poststall,1389,1297743461,1297743460,0,1,1297743402,0x2003ffff,0.0,0.0,0.0,False,0.066
P3_poststall,1390,1297743461,1297743460,0,1,1297743402,0x2003ffff,0.0,0.0,0.0,False,0.065
P3_poststall,1391,1297743461,1297743460,0,1,1297743402,0x2003ffff,0.0,0.0,0.0,False,0.121
P3_poststall,1392,1297743461,1297743461,0,1,1297743402,0x2003ffff,0.0,0.0,0.0,False,0.062
P3_poststall,1393,1297743462,1297743461,1,1,1297743402,0x2003ffff,0.0,0.0,0.0,False,0.066
P3_poststall,1394,1297743462,1297743461,0,1,1297743402,0x2003ffff,0.0,0.0,0.0,False,0.064
P3_poststall,1395,1297743462,1297743461,0,1,1297743402,0x2003ffff,0.0,0.0,0.0,False,0.064
P3_poststall,1396,1297743462,1297743461,0,1,1297743402,0x2003ffff,0.0,0.0,0.0,False,0.067
P3_poststall,1397,1297743462,1297743461,0,1,1297743402,0x2003ffff,0.0,0.0,0.0,False,0.064
P3_poststall,1398,1297743462,1297743462,0,1,1297743402,0x2003ffff,0.0,0.0,0.0,False,0.064
P3_poststall,1399,1297743463,1297743462,1,1,1297743402,0x2003ffff,0.0,0.0,0.0,False,0.065
P3_poststall,1400,1297743463,1297743462,0,1,1297743402,0x2003ffff,0.0,0.0,0.0,False,0.061
P3_poststall,1401,1297743463,1297743462,0,1,1297743402,0x2003ffff,0.0,0.0,0.0,False,0.064
P3_poststall,1402,1297743463,1297743462,0,1,1297743402,0x2003ffff,0.0,0.0,0.0,False,0.066
P3_poststall,1403,1297743463,1297743462,0,1,1297743402,0x2003ffff,0.0,0.0,0.0,False,0.063
P3_poststall,1404,1297743463,1297743463,0,1,1297743402,0x2003ffff,0.0,0.0,0.0,False,0.065
P3_poststall,1405,1297743464,1297743463,1,1,1297743402,0x2003ffff,0.0,0.0,0.0,False,0.063
P3_poststall,1406,1297743464,1297743463,0,1,1297743402,0x2003ffff,0.0,0.0,0.0,False,0.067
P3_poststall,1407,1297743464,1297743463,0,1,1297743402,0x2003ffff,0.0,0.0,0.0,False,0.065
P3_poststall,1408,1297743464,1297743463,0,1,1297743402,0x2003ffff,0.0,0.0,0.0,False,0.064
P3_poststall,1409,1297743464,1297743463,0,1,1297743402,0x2003ffff,0.0,0.0,0.0,False,0.064
P3_poststall,1410,1297743464,1297743464,0,1,1297743402,0x2003ffff,0.0,0.0,0.0,False,0.066
P3_poststall,1411,1297743465,1297743464,1,1,1297743402,0x2003ffff,0.0,0.0,0.0,False,0.064
P3_poststall,1412,1297743465,1297743464,0,1,1297743402,0x2003ffff,0.0,0.0,0.0,False,0.066
P3_poststall,1413,1297743465,1297743464,0,1,1297743402,0x2003ffff,0.0,0.0,0.0,False,0.067
P3_poststall,1414,1297743465,1297743464,0,1,1297743402,0x2003ffff,0.0,0.0,0.0,False,0.064
P3_poststall,1415,1297743465,1297743464,0,1,1297743402,0x2003ffff,0.0,0.0,0.0,False,0.066
P3_poststall,1416,1297743465,1297743465,0,1,1297743402,0x2003ffff,0.0,0.0,0.0,False,0.065
P3_poststall,1417,1297743466,1297743465,1,1,1297743402,0x2003ffff,0.0,0.0,0.0,False,0.065
P3_poststall,1418,1297743466,1297743465,0,1,1297743402,0x2003ffff,0.0,0.0,0.0,False,0.064
P3_poststall,1419,1297743466,1297743465,0,1,1297743402,0x2003ffff,0.0,0.0,0.0,False,0.065
P3_poststall,1420,1297743466,1297743465,0,1,1297743402,0x2003ffff,0.0,0.0,0.0,False,0.066
P3_poststall,1421,1297743466,1297743465,0,1,1297743402,0x2003ffff,0.0,0.0,0.0,False,0.062
P3_poststall,1422,1297743466,1297743466,0,1,1297743402,0x2003ffff,0.0,0.0,0.0,False,0.064
P3_poststall,1423,1297743467,1297743466,1,1,1297743402,0x2003ffff,0.0,0.0,0.0,False,0.066
P3_poststall,1424,1297743467,1297743466,0,1,1297743402,0x2003ffff,0.0,0.0,0.0,False,0.064
P3_poststall,1425,1297743467,1297743466,0,1,1297743402,0x2003ffff,0.0,0.0,0.0,False,0.063
P3_poststall,1426,1297743467,1297743466,0,1,1297743402,0x2003ffff,0.0,0.0,0.0,False,0.064
P3_poststall,1427,1297743467,1297743466,0,1,1297743402,0x2003ffff,0.0,0.0,0.0,False,0.066
P3_poststall,1428,1297743467,1297743467,0,1,1297743402,0x2003ffff,0.0,0.0,0.0,False,0.06
P3_poststall,1429,1297743468,1297743467,1,1,1297743402,0x2003ffff,0.0,0.0,0.0,False,0.066
P3_poststall,1430,1297743468,1297743467,0,1,1297743402,0x2003ffff,0.0,0.0,0.0,False,0.064
P3_poststall,1431,1297743468,1297743467,0,1,1297743402,0x2003ffff,0.0,0.0,0.0,False,0.062
P3_poststall,1432,1297743468,1297743467,0,1,1297743402,0x2003ffff,0.0,0.0,0.0,False,0.065
P3_poststall,1433,1297743468,1297743467,0,1,1297743402,0x2003ffff,0.0,0.0,0.0,False,0.119
P3_poststall,1434,1297743468,1297743468,0,1,1297743402,0x2003ffff,0.0,0.0,0.0,False,0.062
P3_poststall,1435,1297743469,1297743468,1,1,1297743402,0x2003ffff,0.0,0.0,0.0,False,0.065
P3_poststall,1436,1297743469,1297743468,0,1,1297743402,0x2003ffff,0.0,0.0,0.0,False,0.066
P3_poststall,1437,1297743469,1297743468,0,1,1297743402,0x2003ffff,0.0,0.0,0.0,False,0.065
P3_poststall,1438,1297743469,1297743468,0,1,1297743402,0x2003ffff,0.0,0.0,0.0,False,0.065
P3_poststall,1439,1297743469,1297743468,0,1,1297743402,0x2003ffff,0.0,0.0,0.0,False,0.062
P3_poststall,1440,1297743469,1297743469,0,1,1297743402,0x2003ffff,0.0,0.0,0.0,False,0.118
P3_poststall,1441,1297743470,1297743469,1,1,1297743402,0x2003ffff,0.0,0.0,0.0,False,0.117
P3_poststall,1442,1297743470,1297743469,0,1,1297743402,0x2003ffff,0.0,0.0,0.0,False,0.065
P3_poststall,1443,1297743470,1297743469,0,1,1297743402,0x2003ffff,0.0,0.0,0.0,False,0.065
P3_poststall,1444,1297743470,1297743469,0,1,1297743402,0x2003ffff,0.0,0.0,0.0,False,0.064
P3_poststall,1445,1297743470,1297743469,0,1,1297743402,0x2003ffff,0.0,0.0,0.0,False,0.064
P3_poststall,1446,1297743470,1297743470,0,1,1297743402,0x2003ffff,0.0,0.0,0.0,False,0.064
P3_poststall,1447,1297743471,1297743470,1,1,1297743402,0x2003ffff,0.0,0.0,0.0,False,0.064
P3_poststall,1448,1297743471,1297743470,0,1,1297743402,0x2003ffff,0.0,0.0,0.0,False,0.065
P3_poststall,1449,1297743471,1297743470,0,1,1297743402,0x2003ffff,0.0,0.0,0.0,False,0.065
P3_poststall,1450,1297743471,1297743470,0,1,1297743402,0x2003ffff,0.0,0.0,0.0,False,0.063
P3_poststall,1451,1297743471,1297743470,0,1,1297743402,0x2003ffff,0.0,0.0,0.0,False,0.12
P3_poststall,1452,1297743471,1297743471,0,1,1297743402,0x2003ffff,0.0,0.0,0.0,False,0.063
P3_poststall,1453,1297743472,1297743471,1,1,1297743402,0x2003ffff,0.0,0.0,0.0,False,0.066
P3_poststall,1454,1297743472,1297743471,0,1,1297743402,0x2003ffff,0.0,0.0,0.0,False,0.062
P3_poststall,1455,1297743472,1297743471,0,1,1297743402,0x2003ffff,0.0,0.0,0.0,False,0.063
P3_poststall,1456,1297743472,1297743471,0,1,1297743402,0x2003ffff,0.0,0.0,0.0,False,0.061
P3_poststall,1457,1297743472,1297743471,0,1,1297743402,0x2003ffff,0.0,0.0,0.0,False,0.063
P3_poststall,1458,1297743472,1297743472,0,1,1297743402,0x2003ffff,0.0,0.0,0.0,False,0.064
P3_poststall,1459,1297743473,1297743472,1,1,1297743402,0x2003ffff,0.0,0.0,0.0,False,0.068
P3_poststall,1460,1297743473,1297743472,0,1,1297743402,0x2003ffff,0.0,0.0,0.0,False,0.059
P3_poststall,1461,1297743473,1297743472,0,1,1297743402,0x2003ffff,0.0,0.0,0.0,False,0.064
P3_poststall,1462,1297743473,1297743472,0,1,1297743402,0x2003ffff,0.0,0.0,0.0,False,0.067
P3_poststall,1463,1297743473,1297743472,0,1,1297743402,0x2003ffff,0.0,0.0,0.0,False,0.064
P3_poststall,1464,1297743473,1297743473,0,1,1297743402,0x2003ffff,0.0,0.0,0.0,False,0.063
P3_poststall,1465,1297743474,1297743473,1,1,1297743402,0x2003ffff,0.0,0.0,0.0,False,0.119
P3_poststall,1466,1297743474,1297743473,0,1,1297743402,0x2003ffff,0.0,0.0,0.0,False,0.063
P3_poststall,1467,1297743474,1297743473,0,1,1297743402,0x2003ffff,0.0,0.0,0.0,False,0.066
P3_poststall,1468,1297743474,1297743473,0,1,1297743402,0x2003ffff,0.0,0.0,0.0,False,0.063
P3_poststall,1469,1297743474,1297743473,0,1,1297743402,0x2003ffff,0.0,0.0,0.0,False,0.063
P3_poststall,1470,1297743474,1297743474,0,1,1297743402,0x2003ffff,0.0,0.0,0.0,False,0.065
P3_poststall,1471,1297743475,1297743474,1,1,1297743402,0x2003ffff,0.0,0.0,0.0,False,0.064
P3_poststall,1472,1297743475,1297743474,0,1,1297743402,0x2003ffff,0.0,0.0,0.0,False,0.066
P3_poststall,1473,1297743475,1297743474,0,1,1297743402,0x2003ffff,0.0,0.0,0.0,False,0.063
P3_poststall,1474,1297743475,1297743474,0,1,1297743402,0x2003ffff,0.0,0.0,0.0,False,0.063
P3_poststall,1475,1297743475,1297743474,0,1,1297743402,0x2003ffff,0.0,0.0,0.0,False,0.064
P3_poststall,1476,1297743475,1297743475,0,1,1297743402,0x2003ffff,0.0,0.0,0.0,False,0.065
P3_poststall,1477,1297743476,1297743475,1,1,1297743402,0x2003ffff,0.0,0.0,0.0,False,0.064
P3_poststall,1478,1297743476,1297743475,0,1,1297743402,0x2003ffff,0.0,0.0,0.0,False,0.063
P3_poststall,1479,1297743476,1297743475,0,1,1297743402,0x2003ffff,0.0,0.0,0.0,False,0.064
P3_poststall,1480,1297743476,1297743475,0,1,1297743402,0x2003ffff,0.0,0.0,0.0,False,0.118
P3_poststall,1481,1297743476,1297743475,0,1,1297743402,0x2003ffff,0.0,0.0,0.0,False,0.064
P3_poststall,1482,1297743476,1297743476,0,1,1297743402,0x2003ffff,0.0,0.0,0.0,False,0.062
P3_poststall,1483,1297743477,1297743476,1,1,1297743402,0x2003ffff,0.0,0.0,0.0,False,0.062
P3_poststall,1484,1297743477,1297743476,0,1,1297743402,0x2003ffff,0.0,0.0,0.0,False,0.064
P3_poststall,1485,1297743477,1297743476,0,1,1297743402,0x2003ffff,0.0,0.0,0.0,False,0.066
P3_poststall,1486,1297743477,1297743476,0,1,1297743402,0x2003ffff,0.0,0.0,0.0,False,0.064
P3_poststall,1487,1297743477,1297743476,0,1,1297743402,0x2003ffff,0.0,0.0,0.0,False,0.063
P3_poststall,1488,1297743477,1297743477,0,1,1297743402,0x2003ffff,0.0,0.0,0.0,False,0.121
P3_poststall,1489,1297743478,1297743477,1,1,1297743402,0x2003ffff,0.0,0.0,0.0,False,0.064
P3_poststall,1490,1297743478,1297743477,0,1,1297743402,0x2003ffff,0.0,0.0,0.0,False,0.064
P3_poststall,1491,1297743478,1297743477,0,1,1297743402,0x2003ffff,0.0,0.0,0.0,False,0.065
P3_poststall,1492,1297743478,1297743477,0,1,1297743402,0x2003ffff,0.0,0.0,0.0,False,0.069
P3_poststall,1493,1297743478,1297743477,0,1,1297743402,0x2003ffff,0.0,0.0,0.0,False,0.066
P3_poststall,1494,1297743478,1297743478,0,1,1297743402,0x2003ffff,0.0,0.0,0.0,False,0.174
P3_poststall,1495,1297743479,1297743478,1,1,1297743402,0x2003ffff,0.0,0.0,0.0,False,0.061
P3_poststall,1496,1297743479,1297743478,0,1,1297743402,0x2003ffff,0.0,0.0,0.0,False,0.066
P3_poststall,1497,1297743479,1297743478,0,1,1297743402,0x2003ffff,0.0,0.0,0.0,False,0.064
P3_poststall,1498,1297743479,1297743478,0,1,1297743402,0x2003ffff,0.0,0.0,0.0,False,0.068
P3_poststall,1499,1297743479,1297743478,0,1,1297743402,0x2003ffff,0.0,0.0,0.0,False,0.066
P3_poststall,1500,1297743479,1297743479,0,1,1297743402,0x2003ffff,0.0,0.0,0.0,False,0.061
P3_poststall,1501,1297743480,1297743479,1,1,1297743402,0x2003ffff,0.0,0.0,0.0,False,0.064
P3_poststall,1502,1297743480,1297743479,0,1,1297743402,0x2003ffff,0.0,0.0,0.0,False,0.064
P3_poststall,1503,1297743480,1297743479,0,1,1297743402,0x2003ffff,0.0,0.0,0.0,False,0.064
P3_poststall,1504,1297743480,1297743479,0,1,1297743402,0x2003ffff,0.0,0.0,0.0,False,0.12
P3_poststall,1505,1297743480,1297743479,0,1,1297743402,0x2003ffff,0.0,0.0,0.0,False,0.063
P3_poststall,1506,1297743480,1297743480,0,1,1297743402,0x2003ffff,0.0,0.0,0.0,False,0.064
P3_poststall,1507,1297743481,1297743480,1,1,1297743402,0x2003ffff,0.0,0.0,0.0,False,0.068
P3_poststall,1508,1297743481,1297743480,0,1,1297743402,0x2003ffff,0.0,0.0,0.0,False,0.064
P3_poststall,1509,1297743481,1297743480,0,1,1297743402,0x2003ffff,0.0,0.0,0.0,False,0.066
P3_poststall,1510,1297743481,1297743480,0,1,1297743402,0x2003ffff,0.0,0.0,0.0,False,0.064
P3_poststall,1511,1297743481,1297743480,0,1,1297743402,0x2003ffff,0.0,0.0,0.0,False,0.065
P3_poststall,1512,1297743481,1297743481,0,1,1297743402,0x2003ffff,0.0,0.0,0.0,False,0.066
P3_poststall,1513,1297743482,1297743481,1,1,1297743402,0x2003ffff,0.0,0.0,0.0,False,0.063
P3_poststall,1514,1297743482,1297743481,0,1,1297743402,0x2003ffff,0.0,0.0,0.0,False,0.121
P3_poststall,1515,1297743482,1297743481,0,1,1297743402,0x2003ffff,0.0,0.0,0.0,False,0.064
P3_poststall,1516,1297743482,1297743481,0,1,1297743402,0x2003ffff,0.0,0.0,0.0,False,0.06
P3_poststall,1517,1297743482,1297743481,0,1,1297743402,0x2003ffff,0.0,0.0,0.0,False,0.063
P3_poststall,1518,1297743482,1297743482,0,1,1297743402,0x2003ffff,0.0,0.0,0.0,False,0.06
P3_poststall,1519,1297743483,1297743482,1,1,1297743402,0x2003ffff,0.0,0.0,0.0,False,0.066
P3_poststall,1520,1297743483,1297743482,0,1,1297743402,0x2003ffff,0.0,0.0,0.0,False,0.062
P3_poststall,1521,1297743483,1297743482,0,1,1297743402,0x2003ffff,0.0,0.0,0.0,False,0.064
P3_poststall,1522,1297743483,1297743482,0,1,1297743402,0x2003ffff,0.0,0.0,0.0,False,0.065
P3_poststall,1523,1297743483,1297743482,0,1,1297743402,0x2003ffff,0.0,0.0,0.0,False,0.063
P3_poststall,1524,1297743483,1297743483,0,1,1297743402,0x2003ffff,0.0,0.0,0.0,False,0.064
P3_poststall,1525,1297743484,1297743483,1,1,1297743402,0x2003ffff,0.0,0.0,0.0,False,0.067
P3_poststall,1526,1297743484,1297743483,0,1,1297743402,0x2003ffff,0.0,0.0,0.0,False,0.063
P3_poststall,1527,1297743484,1297743483,0,1,1297743402,0x2003ffff,0.0,0.0,0.0,False,0.066
P3_poststall,1528,1297743484,1297743483,0,1,1297743402,0x2003ffff,0.0,0.0,0.0,False,0.066
P3_poststall,1529,1297743484,1297743483,0,1,1297743402,0x2003ffff,0.0,0.0,0.0,False,0.065
P3_poststall,1530,1297743484,1297743484,0,1,1297743402,0x2003ffff,0.0,0.0,0.0,False,0.069
P3_poststall,1531,1297743485,1297743484,1,1,1297743402,0x2003ffff,0.0,0.0,0.0,False,0.068
P3_poststall,1532,1297743485,1297743484,0,1,1297743402,0x2003ffff,0.0,0.0,0.0,False,0.064
P3_poststall,1533,1297743485,1297743484,0,1,1297743402,0x2003ffff,0.0,0.0,0.0,False,0.063
P3_poststall,1534,1297743485,1297743484,0,1,1297743402,0x2003ffff,0.0,0.0,0.0,False,0.063
P3_poststall,1535,1297743485,1297743484,0,1,1297743402,0x2003ffff,0.0,0.0,0.0,False,0.064
P3_poststall,1536,1297743485,1297743485,0,1,1297743402,0x2003ffff,0.0,0.0,0.0,False,0.065
P3_poststall,1537,1297743486,1297743485,1,1,1297743402,0x2003ffff,0.0,0.0,0.0,False,0.065
P3_poststall,1538,1297743486,1297743485,0,1,1297743402,0x2003ffff,0.0,0.0,0.0,False,0.068
P3_poststall,1539,1297743486,1297743485,0,1,1297743402,0x2003ffff,0.0,0.0,0.0,False,0.067
P3_poststall,1540,1297743486,1297743485,0,1,1297743402,0x2003ffff,0.0,0.0,0.0,False,0.064
P3_poststall,1541,1297743486,1297743485,0,1,1297743402,0x2003ffff,0.0,0.0,0.0,False,0.12
P3_poststall,1542,1297743486,1297743486,0,1,1297743402,0x2003ffff,0.0,0.0,0.0,False,0.065
P3_poststall,1543,1297743487,1297743486,1,1,1297743402,0x2003ffff,0.0,0.0,0.0,False,0.063
P3_poststall,1544,1297743487,1297743486,0,1,1297743402,0x2003ffff,0.0,0.0,0.0,False,0.174
P3_poststall,1545,1297743487,1297743486,0,1,1297743402,0x2003ffff,0.0,0.0,0.0,False,0.065
P3_poststall,1546,1297743487,1297743486,0,1,1297743402,0x2003ffff,0.0,0.0,0.0,False,0.063
P3_poststall,1547,1297743487,1297743486,0,1,1297743402,0x2003ffff,0.0,0.0,0.0,False,0.064
P3_poststall,1548,1297743487,1297743487,0,1,1297743402,0x2003ffff,0.0,0.0,0.0,False,0.065
P3_poststall,1549,1297743488,1297743487,1,1,1297743402,0x2003ffff,0.0,0.0,0.0,False,0.064
P3_poststall,1550,1297743488,1297743487,0,1,1297743402,0x2003ffff,0.0,0.0,0.0,False,0.169
P3_poststall,1551,1297743488,1297743487,0,1,1297743402,0x2003ffff,0.0,0.0,0.0,False,0.064
P3_poststall,1552,1297743488,1297743487,0,1,1297743402,0x2003ffff,0.0,0.0,0.0,False,0.064
P3_poststall,1553,1297743488,1297743487,0,1,1297743402,0x2003ffff,0.0,0.0,0.0,False,0.062
P3_poststall,1554,1297743488,1297743488,0,1,1297743402,0x2003ffff,0.0,0.0,0.0,False,0.065
P3_poststall,1555,1297743489,1297743488,1,1,1297743402,0x2003ffff,0.0,0.0,0.0,False,0.064
P3_poststall,1556,1297743489,1297743488,0,1,1297743402,0x2003ffff,0.0,0.0,0.0,False,0.064
P3_poststall,1557,1297743489,1297743488,0,1,1297743402,0x2003ffff,0.0,0.0,0.0,False,0.061
P3_poststall,1558,1297743489,1297743488,0,1,1297743402,0x2003ffff,0.0,0.0,0.0,False,0.064
P3_poststall,1559,1297743489,1297743488,0,1,1297743402,0x2003ffff,0.0,0.0,0.0,False,0.063
P3_poststall,1560,1297743489,1297743489,0,1,1297743402,0x2003ffff,0.0,0.0,0.0,False,0.065
P3_poststall,1561,1297743490,1297743489,1,1,1297743402,0x2003ffff,0.0,0.0,0.0,False,0.064
P3_poststall,1562,1297743490,1297743489,0,1,1297743402,0x2003ffff,0.0,0.0,0.0,False,0.064
P3_poststall,1563,1297743490,1297743489,0,1,1297743402,0x2003ffff,0.0,0.0,0.0,False,0.064
P3_poststall,1564,1297743490,1297743489,0,1,1297743402,0x2003ffff,0.0,0.0,0.0,False,0.064
P3_poststall,1565,1297743490,1297743489,0,1,1297743402,0x2003ffff,0.0,0.0,0.0,False,0.119
P3_poststall,1566,1297743490,1297743490,0,1,1297743402,0x2003ffff,0.0,0.0,0.0,False,0.063
P3_poststall,1567,1297743491,1297743490,1,1,1297743402,0x2003ffff,0.0,0.0,0.0,False,0.06
P3_poststall,1568,1297743491,1297743490,0,1,1297743402,0x2003ffff,0.0,0.0,0.0,False,0.115
P3_poststall,1569,1297743491,1297743490,0,1,1297743402,0x2003ffff,0.0,0.0,0.0,False,0.119
P3_poststall,1570,1297743491,1297743490,0,1,1297743402,0x2003ffff,0.0,0.0,0.0,False,0.064
P3_poststall,1571,1297743491,1297743490,0,1,1297743402,0x2003ffff,0.0,0.0,0.0,False,0.065
P3_poststall,1572,1297743491,1297743491,0,1,1297743402,0x2003ffff,0.0,0.0,0.0,False,0.062
P3_poststall,1573,1297743492,1297743491,1,1,1297743402,0x2003ffff,0.0,0.0,0.0,False,0.062
P3_poststall,1574,1297743492,1297743491,0,1,1297743402,0x2003ffff,0.0,0.0,0.0,False,0.063
P3_poststall,1575,1297743492,1297743491,0,1,1297743402,0x2003ffff,0.0,0.0,0.0,False,0.064
P3_poststall,1576,1297743492,1297743491,0,1,1297743402,0x2003ffff,0.0,0.0,0.0,False,0.063
P3_poststall,1577,1297743492,1297743491,0,1,1297743402,0x2003ffff,0.0,0.0,0.0,False,0.063
P3_poststall,1578,1297743492,1297743492,0,1,1297743402,0x2003ffff,0.0,0.0,0.0,False,0.062
P3_poststall,1579,1297743493,1297743492,1,1,1297743402,0x2003ffff,0.0,0.0,0.0,False,0.064
P3_poststall,1580,1297743493,1297743492,0,1,1297743402,0x2003ffff,0.0,0.0,0.0,False,0.062
P3_poststall,1581,1297743493,1297743492,0,1,1297743402,0x2003ffff,0.0,0.0,0.0,False,0.063
P3_poststall,1582,1297743493,1297743492,0,1,1297743402,0x2003ffff,0.0,0.0,0.0,False,0.064
P3_poststall,1583,1297743493,1297743492,0,1,1297743402,0x2003ffff,0.0,0.0,0.0,False,0.116
P3_poststall,1584,1297743493,1297743493,0,1,1297743402,0x2003ffff,0.0,0.0,0.0,False,0.064
P3_poststall,1585,1297743494,1297743493,1,1,1297743402,0x2003ffff,0.0,0.0,0.0,False,0.064
P3_poststall,1586,1297743494,1297743493,0,1,1297743402,0x2003ffff,0.0,0.0,0.0,False,0.063
P3_poststall,1587,1297743494,1297743493,0,1,1297743402,0x2003ffff,0.0,0.0,0.0,False,0.115
P3_poststall,1588,1297743494,1297743493,0,1,1297743402,0x2003ffff,0.0,0.0,0.0,False,0.064
P3_poststall,1589,1297743494,1297743493,0,1,1297743402,0x2003ffff,0.0,0.0,0.0,False,0.064
P3_poststall,1590,1297743494,1297743494,0,1,1297743402,0x2003ffff,0.0,0.0,0.0,False,0.119
P3_poststall,1591,1297743495,1297743494,1,1,1297743402,0x2003ffff,0.0,0.0,0.0,False,0.063
P3_poststall,1592,1297743495,1297743494,0,1,1297743402,0x2003ffff,0.0,0.0,0.0,False,0.06
P3_poststall,1593,1297743495,1297743494,0,1,1297743402,0x2003ffff,0.0,0.0,0.0,False,0.062
P3_poststall,1594,1297743495,1297743494,0,1,1297743402,0x2003ffff,0.0,0.0,0.0,False,0.063
P3_poststall,1595,1297743495,1297743494,0,1,1297743402,0x2003ffff,0.0,0.0,0.0,False,0.064
P3_poststall,1596,1297743495,1297743495,0,1,1297743402,0x2003ffff,0.0,0.0,0.0,False,0.064
P3_poststall,1597,1297743496,1297743495,1,1,1297743402,0x2003ffff,0.0,0.0,0.0,False,0.065
P3_poststall,1598,1297743496,1297743495,0,1,1297743402,0x2003ffff,0.0,0.0,0.0,False,0.062
P3_poststall,1599,1297743496,1297743495,0,1,1297743402,0x2003ffff,0.0,0.0,0.0,False,0.117
P3_poststall,1600,1297743496,1297743495,0,1,1297743402,0x2003ffff,0.0,0.0,0.0,False,0.061
P3_poststall,1601,1297743496,1297743495,0,1,1297743402,0x2003ffff,0.0,0.0,0.0,False,0.06
P3_poststall,1602,1297743496,1297743496,0,1,1297743402,0x2003ffff,0.0,0.0,0.0,False,0.065
P3_poststall,1603,1297743497,1297743496,1,1,1297743402,0x2003ffff,0.0,0.0,0.0,False,0.117
P3_poststall,1604,1297743497,1297743496,0,1,1297743402,0x2003ffff,0.0,0.0,0.0,False,0.065
P3_poststall,1605,1297743497,1297743496,0,1,1297743402,0x2003ffff,0.0,0.0,0.0,False,0.064
P3_poststall,1606,1297743497,1297743496,0,1,1297743402,0x2003ffff,0.0,0.0,0.0,False,0.119
P3_poststall,1607,1297743497,1297743496,0,1,1297743402,0x2003ffff,0.0,0.0,0.0,False,0.06
P3_poststall,1608,1297743497,1297743497,0,1,1297743402,0x2003ffff,0.0,0.0,0.0,False,0.066
P3_poststall,1609,1297743498,1297743497,1,1,1297743402,0x2003ffff,0.0,0.0,0.0,False,0.12
P3_poststall,1610,1297743498,1297743497,0,1,1297743402,0x2003ffff,0.0,0.0,0.0,False,0.065
P3_poststall,1611,1297743498,1297743497,0,1,1297743402,0x2003ffff,0.0,0.0,0.0,False,0.118
P3_poststall,1612,1297743498,1297743497,0,1,1297743402,0x2003ffff,0.0,0.0,0.0,False,0.064
P3_poststall,1613,1297743498,1297743497,0,1,1297743402,0x2003ffff,0.0,0.0,0.0,False,0.064
P3_poststall,1614,1297743498,1297743498,0,1,1297743402,0x2003ffff,0.0,0.0,0.0,False,0.063
P3_poststall,1615,1297743499,1297743498,1,1,1297743402,0x2003ffff,0.0,0.0,0.0,False,0.063
P3_poststall,1616,1297743499,1297743498,0,1,1297743402,0x2003ffff,0.0,0.0,0.0,False,0.065
P3_poststall,1617,1297743499,1297743498,0,1,1297743402,0x2003ffff,0.0,0.0,0.0,False,0.063
P3_poststall,1618,1297743499,1297743498,0,1,1297743402,0x2003ffff,0.0,0.0,0.0,False,0.065
P3_poststall,1619,1297743499,1297743498,0,1,1297743402,0x2003ffff,0.0,0.0,0.0,False,0.064
P3_poststall,1620,1297743499,1297743499,0,1,1297743402,0x2003ffff,0.0,0.0,0.0,False,0.062
P3_poststall,1621,1297743500,1297743499,1,1,1297743402,0x2003ffff,0.0,0.0,0.0,False,0.066
P3_poststall,1622,1297743500,1297743499,0,1,1297743402,0x2003ffff,0.0,0.0,0.0,False,0.064
P3_poststall,1623,1297743500,1297743499,0,1,1297743402,0x2003ffff,0.0,0.0,0.0,False,0.06
P3_poststall,1624,1297743500,1297743499,0,1,1297743402,0x2003ffff,0.0,0.0,0.0,False,0.065
P3_poststall,1625,1297743500,1297743499,0,1,1297743402,0x2003ffff,0.0,0.0,0.0,False,0.065
P3_poststall,1626,1297743500,1297743500,0,1,1297743402,0x2003ffff,0.0,0.0,0.0,False,0.062
P3_poststall,1627,1297743501,1297743500,1,1,1297743402,0x2003ffff,0.0,0.0,0.0,False,0.065
P3_poststall,1628,1297743501,1297743500,0,1,1297743402,0x2003ffff,0.0,0.0,0.0,False,0.12
P3_poststall,1629,1297743501,1297743500,0,1,1297743402,0x2003ffff,0.0,0.0,0.0,False,0.065
P3_poststall,1630,1297743501,1297743500,0,1,1297743402,0x2003ffff,0.0,0.0,0.0,False,0.063
P3_poststall,1631,1297743501,1297743500,0,1,1297743402,0x2003ffff,0.0,0.0,0.0,False,0.065
P3_poststall,1632,1297743501,1297743501,0,1,1297743402,0x2003ffff,0.0,0.0,0.0,False,0.064
P3_poststall,1633,1297743502,1297743501,1,1,1297743402,0x2003ffff,0.0,0.0,0.0,False,0.063
P3_poststall,1634,1297743502,1297743501,0,1,1297743402,0x2003ffff,0.0,0.0,0.0,False,0.059
P3_poststall,1635,1297743502,1297743501,0,1,1297743402,0x2003ffff,0.0,0.0,0.0,False,0.065
P3_poststall,1636,1297743502,1297743501,0,1,1297743402,0x2003ffff,0.0,0.0,0.0,False,0.067
P3_poststall,1637,1297743502,1297743501,0,1,1297743402,0x2003ffff,0.0,0.0,0.0,False,0.065
P3_poststall,1638,1297743502,1297743502,0,1,1297743402,0x2003ffff,0.0,0.0,0.0,False,0.063
P3_poststall,1639,1297743503,1297743502,1,1,1297743402,0x2003ffff,0.0,0.0,0.0,False,0.065
P3_poststall,1640,1297743503,1297743502,0,1,1297743402,0x2003ffff,0.0,0.0,0.0,False,0.064
P3_poststall,1641,1297743503,1297743502,0,1,1297743402,0x2003ffff,0.0,0.0,0.0,False,0.064
P3_poststall,1642,1297743503,1297743502,0,1,1297743402,0x2003ffff,0.0,0.0,0.0,False,0.065
P3_poststall,1643,1297743503,1297743502,0,1,1297743402,0x2003ffff,0.0,0.0,0.0,False,0.064
P3_poststall,1644,1297743503,1297743503,0,1,1297743402,0x2003ffff,0.0,0.0,0.0,False,0.063
P3_poststall,1645,1297743504,1297743503,1,1,1297743402,0x2003ffff,0.0,0.0,0.0,False,0.061
P3_poststall,1646,1297743504,1297743503,0,1,1297743402,0x2003ffff,0.0,0.0,0.0,False,0.063
P3_poststall,1647,1297743504,1297743503,0,1,1297743402,0x2003ffff,0.0,0.0,0.0,False,0.065
P3_poststall,1648,1297743504,1297743503,0,1,1297743402,0x2003ffff,0.0,0.0,0.0,False,0.066
P3_poststall,1649,1297743504,1297743503,0,1,1297743402,0x2003ffff,0.0,0.0,0.0,False,0.064
P3_poststall,1650,1297743504,1297743504,0,1,1297743402,0x2003ffff,0.0,0.0,0.0,False,0.061
P3_poststall,1651,1297743505,1297743504,1,1,1297743402,0x2003ffff,0.0,0.0,0.0,False,0.065
P3_poststall,1652,1297743505,1297743504,0,1,1297743402,0x2003ffff,0.0,0.0,0.0,False,0.064
P3_poststall,1653,1297743505,1297743504,0,1,1297743402,0x2003ffff,0.0,0.0,0.0,False,0.065
P3_poststall,1654,1297743505,1297743504,0,1,1297743402,0x2003ffff,0.0,0.0,0.0,False,0.065
P3_poststall,1655,1297743505,1297743504,0,1,1297743402,0x2003ffff,0.0,0.0,0.0,False,0.065
P3_poststall,1656,1297743505,1297743505,0,1,1297743402,0x2003ffff,0.0,0.0,0.0,False,0.067
P3_poststall,1657,1297743506,1297743505,1,1,1297743402,0x2003ffff,0.0,0.0,0.0,False,0.066
P3_poststall,1658,1297743506,1297743505,0,1,1297743402,0x2003ffff,0.0,0.0,0.0,False,0.063
P3_poststall,1659,1297743506,1297743505,0,1,1297743402,0x2003ffff,0.0,0.0,0.0,False,0.063
P3_poststall,1660,1297743506,1297743505,0,1,1297743402,0x2003ffff,0.0,0.0,0.0,False,0.065
P3_poststall,1661,1297743506,1297743505,0,1,1297743402,0x2003ffff,0.0,0.0,0.0,False,0.061
P3_poststall,1662,1297743506,1297743506,0,1,1297743402,0x2003ffff,0.0,0.0,0.0,False,0.065
P3_poststall,1663,1297743507,1297743506,1,1,1297743402,0x2003ffff,0.0,0.0,0.0,False,0.064
P3_poststall,1664,1297743507,1297743506,0,1,1297743402,0x2003ffff,0.0,0.0,0.0,False,0.062
P3_poststall,1665,1297743507,1297743506,0,1,1297743402,0x2003ffff,0.0,0.0,0.0,False,0.066
P3_poststall,1666,1297743507,1297743506,0,1,1297743402,0x2003ffff,0.0,0.0,0.0,False,0.065
P3_poststall,1667,1297743507,1297743506,0,1,1297743402,0x2003ffff,0.0,0.0,0.0,False,0.065
P3_poststall,1668,1297743507,1297743507,0,1,1297743402,0x2003ffff,0.0,0.0,0.0,False,0.064
P3_poststall,1669,1297743508,1297743507,1,1,1297743402,0x2003ffff,0.0,0.0,0.0,False,0.065
P3_poststall,1670,1297743508,1297743507,0,1,1297743402,0x2003ffff,0.0,0.0,0.0,False,0.119
P3_poststall,1671,1297743508,1297743507,0,1,1297743402,0x2003ffff,0.0,0.0,0.0,False,0.064
P3_poststall,1672,1297743508,1297743507,0,1,1297743402,0x2003ffff,0.0,0.0,0.0,False,0.066
P3_poststall,1673,1297743508,1297743507,0,1,1297743402,0x2003ffff,0.0,0.0,0.0,False,0.061
P3_poststall,1674,1297743508,1297743508,0,1,1297743402,0x2003ffff,0.0,0.0,0.0,False,0.065
P3_poststall,1675,1297743509,1297743508,1,1,1297743402,0x2003ffff,0.0,0.0,0.0,False,0.12
P3_poststall,1676,1297743509,1297743508,0,1,1297743402,0x2003ffff,0.0,0.0,0.0,False,0.066
P3_poststall,1677,1297743509,1297743508,0,1,1297743402,0x2003ffff,0.0,0.0,0.0,False,0.062
P3_poststall,1678,1297743509,1297743508,0,1,1297743402,0x2003ffff,0.0,0.0,0.0,False,0.064
P3_poststall,1679,1297743509,1297743508,0,1,1297743402,0x2003ffff,0.0,0.0,0.0,False,0.067
P3_poststall,1680,1297743509,1297743509,0,1,1297743402,0x2003ffff,0.0,0.0,0.0,False,0.066
P3_poststall,1681,1297743510,1297743509,1,1,1297743402,0x2003ffff,0.0,0.0,0.0,False,0.066
P3_poststall,1682,1297743510,1297743509,0,1,1297743402,0x2003ffff,0.0,0.0,0.0,False,0.068
P3_poststall,1683,1297743510,1297743509,0,1,1297743402,0x2003ffff,0.0,0.0,0.0,False,0.062
P3_poststall,1684,1297743510,1297743509,0,1,1297743402,0x2003ffff,0.0,0.0,0.0,False,0.065
P3_poststall,1685,1297743510,1297743509,0,1,1297743402,0x2003ffff,0.0,0.0,0.0,False,0.064
P3_poststall,1686,1297743510,1297743510,0,1,1297743402,0x2003ffff,0.0,0.0,0.0,False,0.065
P3_poststall,1687,1297743511,1297743510,1,1,1297743402,0x2003ffff,0.0,0.0,0.0,False,0.067
P3_poststall,1688,1297743511,1297743510,0,1,1297743402,0x2003ffff,0.0,0.0,0.0,False,0.066
P3_poststall,1689,1297743511,1297743510,0,1,1297743402,0x2003ffff,0.0,0.0,0.0,False,0.175
P3_poststall,1690,1297743511,1297743510,0,1,1297743402,0x2003ffff,0.0,0.0,0.0,False,0.064
P3_poststall,1691,1297743511,1297743510,0,1,1297743402,0x2003ffff,0.0,0.0,0.0,False,0.066
P3_poststall,1692,1297743511,1297743511,0,1,1297743402,0x2003ffff,0.0,0.0,0.0,False,0.063
P3_poststall,1693,1297743512,1297743511,1,1,1297743402,0x2003ffff,0.0,0.0,0.0,False,0.066
P3_poststall,1694,1297743512,1297743511,0,1,1297743402,0x2003ffff,0.0,0.0,0.0,False,0.064
P3_poststall,1695,1297743512,1297743511,0,1,1297743402,0x2003ffff,0.0,0.0,0.0,False,0.063
P3_poststall,1696,1297743512,1297743511,0,1,1297743402,0x2003ffff,0.0,0.0,0.0,False,0.12
P3_poststall,1697,1297743512,1297743511,0,1,1297743402,0x2003ffff,0.0,0.0,0.0,False,0.063
P3_poststall,1698,1297743512,1297743512,0,1,1297743402,0x2003ffff,0.0,0.0,0.0,False,0.065
P3_poststall,1699,1297743513,1297743512,1,1,1297743402,0x2003ffff,0.0,0.0,0.0,False,0.065
P3_poststall,1700,1297743513,1297743512,0,1,1297743402,0x2003ffff,0.0,0.0,0.0,False,0.066
P3_poststall,1701,1297743513,1297743512,0,1,1297743402,0x2003ffff,0.0,0.0,0.0,False,0.066
P3_poststall,1702,1297743513,1297743512,0,1,1297743402,0x2003ffff,0.0,0.0,0.0,False,0.062
P3_poststall,1703,1297743513,1297743512,0,1,1297743402,0x2003ffff,0.0,0.0,0.0,False,0.071
P3_poststall,1704,1297743513,1297743513,0,1,1297743402,0x2003ffff,0.0,0.0,0.0,False,0.067
P3_poststall,1705,1297743514,1297743513,1,1,1297743402,0x2003ffff,0.0,0.0,0.0,False,0.063
P3_poststall,1706,1297743514,1297743513,0,1,1297743402,0x2003ffff,0.0,0.0,0.0,False,0.065
P3_poststall,1707,1297743514,1297743513,0,1,1297743402,0x2003ffff,0.0,0.0,0.0,False,0.064
P3_poststall,1708,1297743514,1297743513,0,1,1297743402,0x2003ffff,0.0,0.0,0.0,False,0.065
P3_poststall,1709,1297743514,1297743513,0,1,1297743402,0x2003ffff,0.0,0.0,0.0,False,0.068
P3_poststall,1710,1297743514,1297743514,0,1,1297743402,0x2003ffff,0.0,0.0,0.0,False,0.065
P3_poststall,1711,1297743515,1297743514,1,1,1297743402,0x2003ffff,0.0,0.0,0.0,False,0.064
P3_poststall,1712,1297743515,1297743514,0,1,1297743402,0x2003ffff,0.0,0.0,0.0,False,0.067
P3_poststall,1713,1297743515,1297743514,0,1,1297743402,0x2003ffff,0.0,0.0,0.0,False,0.065
P3_poststall,1714,1297743515,1297743514,0,1,1297743402,0x2003ffff,0.0,0.0,0.0,False,0.068
P3_poststall,1715,1297743515,1297743514,0,1,1297743402,0x2003ffff,0.0,0.0,0.0,False,0.064
P3_poststall,1716,1297743515,1297743515,0,1,1297743402,0x2003ffff,0.0,0.0,0.0,False,0.062
P3_poststall,1717,1297743516,1297743515,1,1,1297743402,0x2003ffff,0.0,0.0,0.0,False,0.067
P3_poststall,1718,1297743516,1297743515,0,1,1297743402,0x2003ffff,0.0,0.0,0.0,False,0.118
P3_poststall,1719,1297743516,1297743515,0,1,1297743402,0x2003ffff,0.0,0.0,0.0,False,0.067
P3_poststall,1720,1297743516,1297743515,0,1,1297743402,0x2003ffff,0.0,0.0,0.0,False,0.119
P3_poststall,1721,1297743516,1297743515,0,1,1297743402,0x2003ffff,0.0,0.0,0.0,False,0.064
P3_poststall,1722,1297743516,1297743516,0,1,1297743402,0x2003ffff,0.0,0.0,0.0,False,0.065
P3_poststall,1723,1297743517,1297743516,1,1,1297743402,0x2003ffff,0.0,0.0,0.0,False,0.064
P3_poststall,1724,1297743517,1297743516,0,1,1297743402,0x2003ffff,0.0,0.0,0.0,False,0.065
P3_poststall,1725,1297743517,1297743516,0,1,1297743402,0x2003ffff,0.0,0.0,0.0,False,0.065
P3_poststall,1726,1297743517,1297743516,0,1,1297743402,0x2003ffff,0.0,0.0,0.0,False,0.066
P3_poststall,1727,1297743517,1297743516,0,1,1297743402,0x2003ffff,0.0,0.0,0.0,False,0.064
P3_poststall,1728,1297743517,1297743517,0,1,1297743402,0x2003ffff,0.0,0.0,0.0,False,0.065
P3_poststall,1729,1297743518,1297743517,1,1,1297743402,0x2003ffff,0.0,0.0,0.0,False,0.118
P3_poststall,1730,1297743518,1297743517,0,1,1297743402,0x2003ffff,0.0,0.0,0.0,False,0.06
P3_poststall,1731,1297743518,1297743517,0,1,1297743402,0x2003ffff,0.0,0.0,0.0,False,0.065
P3_poststall,1732,1297743518,1297743517,0,1,1297743402,0x2003ffff,0.0,0.0,0.0,False,0.066
P3_poststall,1733,1297743518,1297743517,0,1,1297743402,0x2003ffff,0.0,0.0,0.0,False,0.064
P3_poststall,1734,1297743518,1297743518,0,1,1297743402,0x2003ffff,0.0,0.0,0.0,False,0.065
P3_poststall,1735,1297743519,1297743518,1,1,1297743402,0x2003ffff,0.0,0.0,0.0,False,0.064
P3_poststall,1736,1297743519,1297743518,0,1,1297743402,0x2003ffff,0.0,0.0,0.0,False,0.066
P3_poststall,1737,1297743519,1297743518,0,1,1297743402,0x2003ffff,0.0,0.0,0.0,False,0.065
P3_poststall,1738,1297743519,1297743518,0,1,1297743402,0x2003ffff,0.0,0.0,0.0,False,0.117
P3_poststall,1739,1297743519,1297743518,0,1,1297743402,0x2003ffff,0.0,0.0,0.0,False,0.065
P3_poststall,1740,1297743519,1297743519,0,1,1297743402,0x2003ffff,0.0,0.0,0.0,False,0.064
P3_poststall,1741,1297743520,1297743519,1,1,1297743402,0x2003ffff,0.0,0.0,0.0,False,0.065
P3_poststall,1742,1297743520,1297743519,0,1,1297743402,0x2003ffff,0.0,0.0,0.0,False,0.064
P3_poststall,1743,1297743520,1297743519,0,1,1297743402,0x2003ffff,0.0,0.0,0.0,False,0.059
P3_poststall,1744,1297743520,1297743519,0,1,1297743402,0x2003ffff,0.0,0.0,0.0,False,0.064
P3_poststall,1745,1297743520,1297743519,0,1,1297743402,0x2003ffff,0.0,0.0,0.0,False,0.063
P3_poststall,1746,1297743520,1297743520,0,1,1297743402,0x2003ffff,0.0,0.0,0.0,False,0.06
P3_poststall,1747,1297743521,1297743520,1,1,1297743402,0x2003ffff,0.0,0.0,0.0,False,0.064
P3_poststall,1748,1297743521,1297743520,0,1,1297743402,0x2003ffff,0.0,0.0,0.0,False,0.119
P3_poststall,1749,1297743521,1297743520,0,1,1297743402,0x2003ffff,0.0,0.0,0.0,False,0.064
P3_poststall,1750,1297743521,1297743520,0,1,1297743402,0x2003ffff,0.0,0.0,0.0,False,0.06
P3_poststall,1751,1297743521,1297743520,0,1,1297743402,0x2003ffff,0.0,0.0,0.0,False,0.063
P3_poststall,1752,1297743521,1297743521,0,1,1297743402,0x2003ffff,0.0,0.0,0.0,False,0.063
P3_poststall,1753,1297743522,1297743521,1,1,1297743402,0x2003ffff,0.0,0.0,0.0,False,0.065
P3_poststall,1754,1297743522,1297743521,0,1,1297743402,0x2003ffff,0.0,0.0,0.0,False,0.063
P3_poststall,1755,1297743522,1297743521,0,1,1297743402,0x2003ffff,0.0,0.0,0.0,False,0.062
P3_poststall,1756,1297743522,1297743521,0,1,1297743402,0x2003ffff,0.0,0.0,0.0,False,0.117
P3_poststall,1757,1297743522,1297743521,0,1,1297743402,0x2003ffff,0.0,0.0,0.0,False,0.066
P3_poststall,1758,1297743522,1297743522,0,1,1297743402,0x2003ffff,0.0,0.0,0.0,False,0.065
P3_poststall,1759,1297743523,1297743522,1,1,1297743402,0x2003fe09,-0.00277,-0.00278,1.7e-05,False,0.064
P3_poststall,1760,1297743523,1297743522,0,1,1297743402,0x2003fb97,-0.00622,-0.00625,2.8e-05,False,0.064
P3_poststall,1761,1297743523,1297743522,0,1,1297743402,0x2003f927,-0.00967,-0.00972,4.4e-05,False,0.12
P3_poststall,1762,1297743523,1297743522,0,1,1297743402,0x2003f6b5,-0.01315,-0.01319,4.4e-05,False,0.062
P3_poststall,1763,1297743523,1297743522,0,1,1297743402,0x2003f447,-0.01661,-0.01666,5.6e-05,False,0.064
P3_poststall,1764,1297743523,1297743523,0,1,1297743402,0x2003f1d9,-0.02007,-0.02013,6.1e-05,False,0.062
P3_poststall,1765,1297743524,1297743523,1,1,1297743402,0x2003ef6d,-0.02354,-0.02361,7.3e-05,False,0.064
P3_poststall,1766,1297743524,1297743523,0,1,1297743402,0x2003ed01,-0.02701,-0.02708,6.7e-05,False,0.064
P3_poststall,1767,1297743524,1297743523,0,1,1297743402,0x2003ea99,-0.03047,-0.03055,7.9e-05,False,0.067
P3_poststall,1768,1297743524,1297743523,0,1,1297743402,0x2003e831,-0.03393,-0.03402,8.5e-05,False,0.064
P3_poststall,1769,1297743524,1297743523,0,1,1297743402,0x2003e5cb,-0.0374,-0.03749,9.6e-05,False,0.065
P3_poststall,1770,1297743524,1297743524,0,1,1297743402,0x2003e365,-0.04087,-0.04097,9.6e-05,False,0.116
P3_poststall,1771,1297743525,1297743524,1,1,1297743402,0x2003e103,-0.04433,-0.04444,0.000108,False,0.059
P3_poststall,1772,1297743525,1297743524,0,1,1297743402,0x2003dea1,-0.04779,-0.0479,0.000108,False,0.059
P3_poststall,1773,1297743525,1297743524,0,1,1297743402,0x2003dc41,-0.05126,-0.05138,0.00012,False,0.061
P3_poststall,1774,1297743525,1297743524,0,1,1297743402,0x2003d9e1,-0.05473,-0.05485,0.00012,False,0.062
P3_poststall,1775,1297743525,1297743524,0,1,1297743402,0x2003d783,-0.0582,-0.05832,0.00012,False,0.064
P3_poststall,1776,1297743525,1297743525,0,1,1297743402,0x2003d527,-0.06166,-0.06179,0.000132,False,0.06
P3_poststall,1777,1297743526,1297743525,1,1,1297743402,0x2003d2cd,-0.06512,-0.06526,0.000138,False,0.059
P3_poststall,1778,1297743526,1297743525,0,1,1297743402,0x2003d071,-0.0686,-0.06873,0.000127,False,0.064
P3_poststall,1779,1297743526,1297743525,0,1,1297743402,0x2003ce1b,-0.07206,-0.0722,0.000139,False,0.117
P3_poststall,1780,1297743526,1297743525,0,1,1297743402,0x2003cbc3,-0.07554,-0.07567,0.000139,False,0.059
P3_poststall,1781,1297743526,1297743525,0,1,1297743402,0x2003c96f,-0.079,-0.07915,0.000151,False,0.064
P3_poststall,1782,1297743526,1297743526,0,1,1297743402,0x2003c719,-0.08248,-0.08262,0.00014,False,0.064
P3_poststall,1783,1297743527,1297743526,1,1,1297743402,0x2003c4c9,-0.08593,-0.08609,0.000158,False,0.116
P3_poststall,1784,1297743527,1297743526,0,1,1297743402,0x2003c277,-0.0894,-0.08956,0.000152,False,0.064
P3_poststall,1785,1297743527,1297743526,0,1,1297743402,0x2003c027,-0.09287,-0.09303,0.000153,False,0.06
P3_poststall,1786,1297743527,1297743526,0,1,1297743402,0x2003bdd9,-0.09634,-0.0965,0.000159,False,0.064
P3_poststall,1787,1297743527,1297743526,0,1,1297743402,0x2003bb8d,-0.09981,-0.09998,0.000171,False,0.065
P3_poststall,1788,1297743527,1297743527,0,1,1297743402,0x2003b93f,-0.10329,-0.10344,0.000154,False,0.063
P3_poststall,1789,1297743528,1297743527,1,1,1297743402,0x2003b6f7,-0.10675,-0.10692,0.000172,False,0.064
P3_poststall,1790,1297743528,1297743527,0,1,1297743402,0x2003b4af,-0.11021,-0.11038,0.000172,False,0.116
P3_poststall,1791,1297743528,1297743527,0,1,1297743402,0x2003b267,-0.11368,-0.11386,0.000173,False,0.065
P3_poststall,1792,1297743528,1297743527,0,1,1297743402,0x2003b01f,-0.11717,-0.11733,0.000161,False,0.068
P3_poststall,1793,1297743528,1297743527,0,1,1297743402,0x2003addb,-0.12063,-0.1208,0.000168,False,0.066
P3_poststall,1794,1297743528,1297743528,0,1,1297743402,0x2003ab97,-0.12411,-0.12428,0.000168,False,0.229
P3_poststall,1795,1297743529,1297743528,1,1,1297743402,0x2003a957,-0.12757,-0.12775,0.00018,False,0.061
P3_poststall,1796,1297743529,1297743528,0,1,1297743402,0x2003a717,-0.13103,-0.13121,0.000181,False,0.064
P3_poststall,1797,1297743529,1297743528,0,1,1297743402,0x2003a4d7,-0.13451,-0.13468,0.000175,False,0.066
P3_poststall,1798,1297743529,1297743528,0,1,1297743402,0x2003a297,-0.13799,-0.13816,0.000164,False,0.062
P3_poststall,1799,1297743529,1297743528,0,1,1297743402,0x2003a05b,-0.14146,-0.14163,0.00017,False,0.064
P3_poststall,1800,1297743529,1297743529,0,1,1297743402,0x20039e1f,-0.14494,-0.1451,0.000164,False,0.064
P3_poststall,1801,1297743530,1297743529,1,1,1297743402,0x20039be7,-0.1484,-0.14857,0.000177,False,0.064
P3_poststall,1802,1297743530,1297743529,0,1,1297743402,0x200399af,-0.15187,-0.15204,0.000171,False,0.064
P3_poststall,1803,1297743530,1297743529,0,1,1297743402,0x20039777,-0.15534,-0.15551,0.000165,False,0.064
P3_poststall,1804,1297743530,1297743529,0,1,1297743402,0x2003953f,-0.15883,-0.15898,0.000154,False,0.064
P3_poststall,1805,1297743530,1297743529,0,1,1297743402,0x2003930d,-0.16229,-0.16246,0.000172,False,0.064
P3_poststall,1806,1297743530,1297743530,0,1,1297743402,0x200390d9,-0.16576,-0.16593,0.000167,False,0.119
P3_poststall,1807,1297743531,1297743530,1,1,1297743402,0x20038ea7,-0.16924,-0.1694,0.000161,False,0.063
P3_poststall,1808,1297743531,1297743530,0,1,1297743402,0x20038c79,-0.1727,-0.17287,0.000174,False,0.06
P3_poststall,1809,1297743531,1297743530,0,1,1297743402,0x20038a49,-0.17617,-0.17634,0.000168,False,0.065
P3_poststall,1810,1297743531,1297743530,0,1,1297743402,0x2003881b,-0.17965,-0.17981,0.000162,False,0.064
P3_poststall,1811,1297743531,1297743530,0,1,1297743402,0x200385ed,-0.18313,-0.18329,0.000156,False,0.065
P3_poststall,1812,1297743531,1297743531,0,1,1297743402,0x200383c1,-0.18661,-0.18676,0.00015,False,0.12
P3_poststall,1813,1297743532,1297743531,1,1,1297743402,0x20038199,-0.19007,-0.19023,0.000157,False,0.064
P3_poststall,1814,1297743532,1297743531,0,1,1297743402,0x20037f71,-0.19354,-0.1937,0.000157,False,0.064
P3_poststall,1815,1297743532,1297743531,0,1,1297743402,0x20037d49,-0.19702,-0.19717,0.000151,False,0.062
P3_poststall,1816,1297743532,1297743531,0,1,1297743402,0x20037b25,-0.20048,-0.20064,0.000158,False,0.119
P3_poststall,1817,1297743532,1297743531,0,1,1297743402,0x200378ff,-0.20396,-0.20411,0.000152,False,0.065
P3_poststall,1818,1297743532,1297743532,0,1,1297743402,0x200376d9,-0.20745,-0.20759,0.000133,False,0.064
P3_poststall,1819,1297743533,1297743532,1,1,1297743402,0x200374b9,-0.21091,-0.21106,0.000147,False,0.065
P3_poststall,1820,1297743533,1297743532,0,1,1297743402,0x20037299,-0.21438,-0.21452,0.00014,False,0.066
P3_poststall,1821,1297743533,1297743532,0,1,1297743402,0x20037079,-0.21786,-0.21799,0.000134,False,0.062
P3_poststall,1822,1297743533,1297743532,0,1,1297743402,0x20036e5b,-0.22133,-0.22147,0.000135,False,0.06
P3_poststall,1823,1297743533,1297743532,0,1,1297743402,0x20036c3d,-0.22482,-0.22494,0.000122,False,0.064
P3_poststall,1824,1297743533,1297743533,0,1,1297743402,0x20036a23,-0.22828,-0.22841,0.000135,False,0.117
P3_poststall,1825,1297743534,1297743533,1,1,1297743402,0x20036807,-0.23176,-0.23188,0.000116,False,0.064
P3_poststall,1826,1297743534,1297743533,0,1,1297743402,0x200365f1,-0.23522,-0.23535,0.00013,False,0.065
P3_poststall,1827,1297743534,1297743533,0,1,1297743402,0x200363d7,-0.23871,-0.23882,0.00011,False,0.062
P3_poststall,1828,1297743534,1297743533,0,1,1297743402,0x200361c3,-0.24217,-0.24229,0.000124,False,0.174
P3_poststall,1829,1297743534,1297743533,0,1,1297743402,0x20035fab,-0.24566,-0.24577,0.000104,False,0.063
P3_poststall,1830,1297743534,1297743534,0,1,1297743402,0x20035d99,-0.24912,-0.24924,0.000118,False,0.064
P3_poststall,1831,1297743535,1297743534,1,1,1297743402,0x20035b85,-0.25261,-0.25271,0.000105,False,0.064
P3_poststall,1832,1297743535,1297743534,0,1,1297743402,0x20035975,-0.25607,-0.25618,0.000105,False,0.06
P3_poststall,1833,1297743535,1297743534,0,1,1297743402,0x20035763,-0.25956,-0.25965,8.6e-05,False,0.121
P3_poststall,1834,1297743535,1297743534,0,1,1297743402,0x20035557,-0.26302,-0.26312,0.000106,False,0.061
P3_poststall,1835,1297743535,1297743534,0,1,1297743402,0x20035347,-0.26651,-0.2666,8.6e-05,False,0.065
P3_poststall,1836,1297743535,1297743535,0,1,1297743402,0x2003513d,-0.26997,-0.27007,0.0001,False,0.065
P3_poststall,1837,1297743536,1297743535,1,1,1297743402,0x20034f31,-0.27345,-0.27354,8.6e-05,False,0.065
P3_poststall,1838,1297743536,1297743535,0,1,1297743402,0x20034d27,-0.27693,-0.27701,8e-05,False,0.063
P3_poststall,1839,1297743536,1297743535,0,1,1297743402,0x20034b1d,-0.28041,-0.28048,6.7e-05,False,0.174
P3_poststall,1840,1297743536,1297743535,0,1,1297743402,0x20034917,-0.28388,-0.28395,7.4e-05,False,0.116
P3_poststall,1841,1297743536,1297743535,0,1,1297743402,0x20034711,-0.28735,-0.28742,6.7e-05,False,0.064
P3_poststall,1842,1297743536,1297743536,0,1,1297743402,0x2003450d,-0.29082,-0.2909,7.4e-05,False,0.064
P3_poststall,1843,1297743537,1297743536,1,1,1297743402,0x20034309,-0.2943,-0.29437,6.7e-05,False,0.066
P3_poststall,1844,1297743537,1297743536,0,1,1297743402,0x20034107,-0.29777,-0.29784,6.1e-05,False,0.116
P3_poststall,1845,1297743537,1297743536,0,1,1297743402,0x20033f05,-0.30126,-0.3013,4.7e-05,False,0.174
P3_poststall,1846,1297743537,1297743536,0,1,1297743402,0x20033d07,-0.30472,-0.30478,6.1e-05,False,0.112
P3_poststall,1847,1297743537,1297743536,0,1,1297743402,0x20033b07,-0.3082,-0.30825,4.8e-05,False,0.064
P3_poststall,1848,1297743537,1297743537,0,1,1297743402,0x2003390b,-0.31167,-0.31172,5.5e-05,False,0.065
P3_poststall,1849,1297743538,1297743537,1,1,1297743402,0x2003370d,-0.31516,-0.31519,3.4e-05,False,0.064
P3_poststall,1850,1297743538,1297743537,0,1,1297743402,0x20033513,-0.31863,-0.31866,3.4e-05,False,0.065
P3_poststall,1851,1297743538,1297743537,0,1,1297743402,0x20033319,-0.3221,-0.32213,2.8e-05,False,0.065
P3_poststall,1852,1297743538,1297743537,0,1,1297743402,0x20033121,-0.32557,-0.3256,2.8e-05,False,0.063
P3_poststall,1853,1297743538,1297743537,0,1,1297743402,0x20032f29,-0.32905,-0.32908,2.1e-05,False,0.064
P3_poststall,1854,1297743538,1297743538,0,1,1297743402,0x20032d33,-0.33253,-0.33255,2.1e-05,False,0.064
P3_poststall,1855,1297743539,1297743538,1,1,1297743402,0x20032b3d,-0.33601,-0.33602,7e-06,False,0.119
P3_poststall,1856,1297743539,1297743538,0,1,1297743402,0x2003294b,-0.33948,-0.33949,1.4e-05,False,0.117
P3_poststall,1857,1297743539,1297743538,0,1,1297743402,0x20032757,-0.34296,-0.34296,0.0,False,0.12
P3_poststall,1858,1297743539,1297743538,0,1,1297743402,0x20032567,-0.34643,-0.34644,7e-06,False,0.064
P3_poststall,1859,1297743539,1297743538,0,1,1297743402,0x20032377,-0.3499,-0.3499,0.0,False,0.064
P3_poststall,1860,1297743539,1297743539,0,1,1297743402,0x20032189,-0.35337,-0.35338,7e-06,False,0.064
P3_poststall,1861,1297743540,1297743539,1,1,1297743402,0x20031f99,-0.35686,-0.35685,-1.4e-05,False,0.064
P3_poststall,1862,1297743540,1297743539,0,1,1297743402,0x20031daf,-0.36032,-0.36031,-7e-06,False,0.115
P3_poststall,1863,1297743540,1297743539,0,1,1297743402,0x20031bc5,-0.36379,-0.36379,0.0,False,0.062
P3_poststall,1864,1297743540,1297743539,0,1,1297743402,0x200319d9,-0.36728,-0.36726,-1.4e-05,False,0.119
P3_poststall,1865,1297743540,1297743539,0,1,1297743402,0x200317ef,-0.37076,-0.37073,-2.8e-05,False,0.063
P3_poststall,1866,1297743540,1297743540,0,1,1297743402,0x20031609,-0.37422,-0.37421,-1.4e-05,False,0.065
P3_poststall,1867,1297743541,1297743540,1,1,1297743402,0x20031421,-0.37771,-0.37768,-2.9e-05,False,0.064
P3_poststall,1868,1297743541,1297743540,0,1,1297743402,0x2003123d,-0.38117,-0.38114,-2.9e-05,False,0.06
P3_poststall,1869,1297743541,1297743540,0,1,1297743402,0x20031059,-0.38465,-0.38462,-2.9e-05,False,0.065
P3_poststall,1870,1297743541,1297743540,0,1,1297743402,0x20030e75,-0.38813,-0.38809,-3.6e-05,False,0.064
P3_poststall,1871,1297743541,1297743540,0,1,1297743402,0x20030c93,-0.3916,-0.39156,-4.3e-05,False,0.065
P3_poststall,1872,1297743541,1297743541,0,1,1297743402,0x20030ab3,-0.39507,-0.39504,-3.6e-05,False,0.119
P3_poststall,1873,1297743542,1297743541,1,1,1297743402,0x200308d3,-0.39855,-0.39851,-4.4e-05,False,0.065
P3_poststall,1874,1297743542,1297743541,0,1,1297743402,0x200306f5,-0.40202,-0.40197,-5.1e-05,False,0.065
P3_poststall,1875,1297743542,1297743541,0,1,1297743402,0x20030519,-0.40549,-0.40544,-4.4e-05,False,0.12
P3_poststall,1876,1297743542,1297743541,0,1,1297743402,0x2003033b,-0.40898,-0.40892,-5.8e-05,False,0.065
P3_poststall,1877,1297743542,1297743541,0,1,1297743402,0x2003015f,-0.41246,-0.41239,-7.3e-05,False,0.064
P3_poststall,1878,1297743542,1297743542,0,1,1297743402,0x2002ff87,-0.41592,-0.41586,-5.9e-05,False,0.065
P3_poststall,1879,1297743543,1297743542,1,1,1297743402,0x2002fdad,-0.4194,-0.41933,-7.4e-05,False,0.074
P3_poststall,1880,1297743543,1297743542,0,1,1297743402,0x2002fbd7,-0.42287,-0.4228,-6.6e-05,False,0.065
P3_poststall,1881,1297743543,1297743542,0,1,1297743402,0x2002fa01,-0.42634,-0.42627,-6.7e-05,False,0.066
P3_poststall,1882,1297743543,1297743542,0,1,1297743402,0x2002f82b,-0.42982,-0.42975,-7.4e-05,False,0.065
P3_poststall,1883,1297743543,1297743542,0,1,1297743402,0x2002f659,-0.43328,-0.43321,-6.7e-05,False,0.065
P3_poststall,1884,1297743543,1297743543,0,1,1297743402,0x2002f485,-0.43676,-0.43669,-7.4e-05,False,0.061
P3_poststall,1885,1297743544,1297743543,1,1,1297743402,0x2002f2b1,-0.44025,-0.44016,-9e-05,False,0.064
P3_poststall,1886,1297743544,1297743543,0,1,1297743402,0x2002f0e3,-0.44371,-0.44362,-8.2e-05,False,0.06
P3_poststall,1887,1297743544,1297743543,0,1,1297743402,0x2002ef13,-0.44718,-0.4471,-8.3e-05,False,0.066
P3_poststall,1888,1297743544,1297743543,0,1,1297743402,0x2002ed45,-0.45065,-0.45057,-8.3e-05,False,0.065
P3_poststall,1889,1297743544,1297743543,0,1,1297743402,0x2002eb77,-0.45413,-0.45404,-9e-05,False,0.063
P3_poststall,1890,1297743544,1297743544,0,1,1297743402,0x2002e9ab,-0.4576,-0.45751,-9.1e-05,False,0.065
P3_poststall,1891,1297743545,1297743544,1,1,1297743402,0x2002e7df,-0.46109,-0.46099,-9.8e-05,False,0.064
P3_poststall,1892,1297743545,1297743544,0,1,1297743402,0x2002e615,-0.46456,-0.46445,-0.000106,False,0.061
P3_poststall,1893,1297743545,1297743544,0,1,1297743402,0x2002e44f,-0.46801,-0.46793,-8.4e-05,False,0.063
P3_poststall,1894,1297743545,1297743544,0,1,1297743402,0x2002e285,-0.4715,-0.4714,-0.000107,False,0.174
P3_poststall,1895,1297743545,1297743544,0,1,1297743402,0x2002e0bf,-0.47497,-0.47487,-9.9e-05,False,0.064
P3_poststall,1896,1297743545,1297743545,0,1,1297743402,0x2002def9,-0.47845,-0.47834,-0.000107,False,0.063
P3_poststall,1897,1297743546,1297743545,1,1,1297743402,0x2002dd35,-0.48192,-0.48182,-0.0001,False,0.064
P3_poststall,1898,1297743546,1297743545,0,1,1297743402,0x2002db71,-0.4854,-0.48528,-0.000116,False,0.064
P3_poststall,1899,1297743546,1297743545,0,1,1297743402,0x2002d9b1,-0.48885,-0.48875,-0.0001,False,0.064
P3_poststall,1900,1297743546,1297743545,0,1,1297743402,0x2002d7ef,-0.49233,-0.49222,-0.000108,False,0.064
P3_poststall,1901,1297743546,1297743545,0,1,1297743402,0x2002d62f,-0.4958,-0.4957,-0.000109,False,0.065
P3_poststall,1902,1297743546,1297743546,0,1,1297743402,0x2002d46f,-0.49928,-0.49917,-0.000117,False,0.065
P3_poststall,1903,1297743547,1297743546,1,1,1297743402,0x2002d2b3,-0.50274,-0.50264,-0.000101,False,0.062
P3_poststall,1904,1297743547,1297743546,0,1,1297743402,0x2002d0f5,-0.50623,-0.50611,-0.000117,False,0.064
P3_poststall,1905,1297743547,1297743546,0,1,1297743402,0x2002cf3b,-0.50968,-0.50958,-0.000102,False,0.065
P3_poststall,1906,1297743547,1297743546,0,1,1297743402,0x2002cd7f,-0.51317,-0.51306,-0.00011,False,0.064
P3_poststall,1907,1297743547,1297743546,0,1,1297743402,0x2002cbc7,-0.51663,-0.51653,-0.000102,False,0.064
P3_poststall,1908,1297743547,1297743547,0,1,1297743402,0x2002ca0d,-0.52011,-0.52,-0.00011,False,0.064
P3_poststall,1909,1297743548,1297743547,1,1,1297743402,0x2002c857,-0.52357,-0.52347,-0.000103,False,0.116
P3_poststall,1910,1297743548,1297743547,0,1,1297743402,0x2002c69f,-0.52706,-0.52694,-0.000119,False,0.062
P3_poststall,1911,1297743548,1297743547,0,1,1297743402,0x2002c4eb,-0.53052,-0.53041,-0.000111,False,0.064
P3_poststall,1912,1297743548,1297743547,0,1,1297743402,0x2002c335,-0.53401,-0.53388,-0.000127,False,0.167
P3_poststall,1913,1297743548,1297743547,0,1,1297743402,0x2002c183,-0.53747,-0.53736,-0.000112,False,0.065
P3_poststall,1914,1297743548,1297743548,0,1,1297743402,0x2002bfd1,-0.54094,-0.54083,-0.000112,False,0.065
P3_poststall,1915,1297743549,1297743548,1,1,1297743402,0x2002be21,-0.5444,-0.5443,-0.000104,False,0.119
P3_poststall,1916,1297743549,1297743548,0,1,1297743402,0x2002bc6f,-0.54789,-0.54776,-0.000129,False,0.114
P3_poststall,1917,1297743549,1297743548,0,1,1297743402,0x2002bac1,-0.55135,-0.55123,-0.000121,False,0.065
P3_poststall,1918,1297743549,1297743548,0,1,1297743402,0x2002b913,-0.55483,-0.55471,-0.000113,False,0.065
P3_poststall,1919,1297743549,1297743548,0,1,1297743402,0x2002b767,-0.55829,-0.55819,-0.000105,False,0.118
P3_poststall,1920,1297743549,1297743549,0,1,1297743402,0x2002b5bb,-0.56176,-0.56165,-0.000114,False,0.117
P3_poststall,1921,1297743550,1297743549,1,1,1297743402,0x2002b411,-0.56523,-0.56512,-0.000106,False,0.065
P3_poststall,1922,1297743550,1297743549,0,1,1297743402,0x2002b267,-0.5687,-0.56859,-0.000106,False,0.066
P3_poststall,1923,1297743550,1297743549,0,1,1297743402,0x2002b0bf,-0.57217,-0.57207,-9.8e-05,False,0.065
P3_poststall,1924,1297743550,1297743549,0,1,1297743402,0x2002af15,-0.57566,-0.57553,-0.000123,False,0.066
P3_poststall,1925,1297743550,1297743549,0,1,1297743402,0x2002ad71,-0.5791,-0.57901,-9.9e-05,False,0.065
P3_poststall,1926,1297743550,1297743550,0,1,1297743402,0x2002abc9,-0.5826,-0.58248,-0.000115,False,0.066
P3_poststall,1927,1297743551,1297743550,1,1,1297743402,0x2002aa25,-0.58606,-0.58595,-0.000107,False,0.065
P3_poststall,1928,1297743551,1297743550,0,1,1297743402,0x2002a883,-0.58952,-0.58942,-9.9e-05,False,0.064
P3_poststall,1929,1297743551,1297743550,0,1,1297743402,0x2002a6df,-0.593,-0.59289,-0.000108,False,0.065
P3_poststall,1930,1297743551,1297743550,0,1,1297743402,0x2002a53d,-0.59647,-0.59637,-0.000108,False,0.17
P3_poststall,1931,1297743551,1297743550,0,1,1297743402,0x2002a39f,-0.59992,-0.59983,-9.2e-05,False,0.065
P3_poststall,1932,1297743551,1297743551,0,1,1297743402,0x2002a1fd,-0.60341,-0.60331,-0.000109,False,0.064
P3_poststall,1933,1297743552,1297743551,1,1,1297743402,0x2002a061,-0.60686,-0.60678,-8.4e-05,False,0.064
P3_poststall,1934,1297743552,1297743551,0,1,1297743402,0x20029ec3,-0.61034,-0.61025,-9.2e-05,False,0.06
P3_poststall,1935,1297743552,1297743551,0,1,1297743402,0x20029d27,-0.6138,-0.61372,-8.4e-05,False,0.066
P3_poststall,1936,1297743552,1297743551,0,1,1297743402,0x20029b89,-0.61729,-0.61719,-0.000101,False,0.065
P3_poststall,1937,1297743552,1297743551,0,1,1297743402,0x200299f1,-0.62074,-0.62067,-7.6e-05,False,0.066
P3_poststall,1938,1297743552,1297743552,0,1,1297743402,0x20029857,-0.62422,-0.62413,-8.5e-05,False,0.064
P3_poststall,1939,1297743553,1297743552,1,1,1297743402,0x200296bf,-0.62768,-0.62761,-7.7e-05,False,0.063
P3_poststall,1940,1297743553,1297743552,0,1,1297743402,0x20029527,-0.63116,-0.63108,-7.7e-05,False,0.065
P3_poststall,1941,1297743553,1297743552,0,1,1297743402,0x20029391,-0.63462,-0.63454,-7.7e-05,False,0.065
P3_poststall,1942,1297743553,1297743552,0,1,1297743402,0x200291fd,-0.63808,-0.63802,-6e-05,False,0.064
P3_poststall,1943,1297743553,1297743552,0,1,1297743402,0x20029067,-0.64156,-0.64149,-6.9e-05,False,0.059
P3_poststall,1944,1297743553,1297743553,0,1,1297743402,0x20028ed3,-0.64503,-0.64496,-6.9e-05,False,0.064
P3_poststall,1945,1297743554,1297743553,1,1,1297743402,0x20028d41,-0.64849,-0.64843,-6e-05,False,0.12
P3_poststall,1946,1297743554,1297743553,0,1,1297743402,0x20028baf,-0.65197,-0.65191,-6.1e-05,False,0.065
P3_poststall,1947,1297743554,1297743553,0,1,1297743402,0x20028a1f,-0.65543,-0.65538,-5.2e-05,False,0.064
P3_poststall,1948,1297743554,1297743553,0,1,1297743402,0x2002888f,-0.6589,-0.65885,-5.2e-05,False,0.065
P3_poststall,1949,1297743554,1297743553,0,1,1297743402,0x20028701,-0.66236,-0.66232,-4.4e-05,False,0.064
P3_poststall,1950,1297743554,1297743554,0,1,1297743402,0x20028571,-0.66585,-0.66579,-6.1e-05,False,0.171
P3_poststall,1951,1297743555,1297743554,1,1,1297743402,0x200283e5,-0.66931,-0.66926,-5.3e-05,False,0.063
P3_poststall,1952,1297743555,1297743554,0,1,1297743402,0x2002825b,-0.67277,-0.67273,-3.5e-05,False,0.064
P3_poststall,1953,1297743555,1297743554,0,1,1297743402,0x200280cf,-0.67624,-0.6762,-4.4e-05,False,0.171
P3_poststall,1954,1297743555,1297743554,0,1,1297743402,0x20027f47,-0.6797,-0.67968,-1.8e-05,False,0.065
P3_poststall,1955,1297743555,1297743554,0,1,1297743402,0x20027dbd,-0.68317,-0.68315,-2.7e-05,False,0.062
P3_poststall,1956,1297743555,1297743555,0,1,1297743402,0x20027c35,-0.68664,-0.68662,-2.7e-05,False,0.065
P3_poststall,1957,1297743556,1297743555,1,1,1297743402,0x20027aad,-0.69012,-0.69009,-2.7e-05,False,0.065
P3_poststall,1958,1297743556,1297743555,0,1,1297743402,0x20027929,-0.69357,-0.69356,-9e-06,False,0.063
P3_poststall,1959,1297743556,1297743555,0,1,1297743402,0x200277a3,-0.69704,-0.69703,-9e-06,False,0.065
P3_poststall,1960,1297743556,1297743555,0,1,1297743402,0x2002761f,-0.70051,-0.7005,-9e-06,False,0.229
P3_poststall,1961,1297743556,1297743555,0,1,1297743402,0x2002749b,-0.70398,-0.70397,-9e-06,False,0.119
P3_poststall,1962,1297743556,1297743556,0,1,1297743402,0x20027319,-0.70745,-0.70745,0.0,False,0.113
P3_poststall,1963,1297743557,1297743556,1,1,1297743402,0x20027197,-0.71092,-0.71092,0.0,False,0.064
P3_poststall,1964,1297743557,1297743556,0,1,1297743402,0x20027017,-0.71438,-0.71438,0.0,False,0.064
P3_poststall,1965,1297743557,1297743556,0,1,1297743402,0x20026e97,-0.71786,-0.71786,0.0,False,0.062
P3_poststall,1966,1297743557,1297743556,0,1,1297743402,0x20026d19,-0.72132,-0.72133,9e-06,False,0.064
P3_poststall,1967,1297743557,1297743556,0,1,1297743402,0x20026b9b,-0.72479,-0.7248,9e-06,False,0.061
P3_poststall,1968,1297743557,1297743557,0,1,1297743402,0x20026a1f,-0.72825,-0.72828,2.7e-05,False,0.064
P3_poststall,1969,1297743558,1297743557,1,1,1297743402,0x200268a3,-0.73172,-0.73174,2.7e-05,False,0.121
P3_poststall,1970,1297743558,1297743557,0,1,1297743402,0x20026729,-0.73518,-0.73521,3.7e-05,False,0.165
P3_poststall,1971,1297743558,1297743557,0,1,1297743402,0x200265ad,-0.73866,-0.73869,2.8e-05,False,0.064
P3_poststall,1972,1297743558,1297743557,0,1,1297743402,0x20026435,-0.74212,-0.74216,3.7e-05,False,0.174
P3_poststall,1973,1297743558,1297743557,0,1,1297743402,0x200262bd,-0.74558,-0.74563,4.6e-05,False,0.064
P3_poststall,1974,1297743558,1297743558,0,1,1297743402,0x20026145,-0.74906,-0.7491,4.6e-05,False,0.062
P3_poststall,1975,1297743559,1297743558,1,1,1297743402,0x20025fcf,-0.75252,-0.75258,5.6e-05,False,0.063
P3_poststall,1976,1297743559,1297743558,0,1,1297743402,0x20025e59,-0.75599,-0.75604,4.6e-05,False,0.064
P3_poststall,1977,1297743559,1297743558,0,1,1297743402,0x20025ce5,-0.75945,-0.75951,5.6e-05,False,0.064
P3_poststall,1978,1297743559,1297743558,0,1,1297743402,0x20025b71,-0.76292,-0.76298,5.6e-05,False,0.065
P3_poststall,1979,1297743559,1297743558,0,1,1297743402,0x200259ff,-0.76638,-0.76646,7.5e-05,False,0.115
P3_poststall,1980,1297743559,1297743559,0,1,1297743402,0x2002588d,-0.76985,-0.76993,7.5e-05,False,0.117
P3_poststall,1981,1297743560,1297743559,1,1,1297743402,0x2002571b,-0.77333,-0.7734,7.5e-05,False,0.065
P3_poststall,1982,1297743560,1297743559,0,1,1297743402,0x200255ab,-0.77679,-0.77687,7.5e-05,False,0.12
P3_poststall,1983,1297743560,1297743559,0,1,1297743402,0x2002543b,-0.78027,-0.78034,7.6e-05,False,0.065
P3_poststall,1984,1297743560,1297743559,0,1,1297743402,0x200252cf,-0.78371,-0.78382,0.000104,False,0.063
P3_poststall,1985,1297743560,1297743559,0,1,1297743402,0x2002515f,-0.7872,-0.78729,8.5e-05,False,0.064
P3_poststall,1986,1297743560,1297743560,0,1,1297743402,0x20024ff3,-0.79066,-0.79076,9.5e-05,False,0.065
P3_poststall,1987,1297743561,1297743560,1,1,1297743402,0x20024e87,-0.79413,-0.79423,9.5e-05,False,0.065
P3_poststall,1988,1297743561,1297743560,0,1,1297743402,0x20024d1d,-0.79759,-0.7977,0.000105,False,0.065
P3_poststall,1989,1297743561,1297743560,0,1,1297743402,0x20024bb3,-0.80106,-0.80117,0.000105,False,0.065
P3_poststall,1990,1297743561,1297743560,0,1,1297743402,0x20024a49,-0.80454,-0.80464,0.000106,False,0.118
P3_poststall,1991,1297743561,1297743560,0,1,1297743402,0x200248e1,-0.808,-0.80812,0.000116,False,0.065
P3_poststall,1992,1297743561,1297743561,0,1,1297743402,0x2002477b,-0.81145,-0.81159,0.000135,False,0.17
P3_poststall,1993,1297743562,1297743561,1,1,1297743402,0x20024613,-0.81494,-0.81506,0.000126,False,0.114
P3_poststall,1994,1297743562,1297743561,0,1,1297743402,0x200244ad,-0.81841,-0.81852,0.000116,False,0.066
P4_ontime,1995,1297744162,1297743561,600,601,1297744162,0x20024349,-0.82186,-0.82199,0.000126,False,0.065
P4_ontime,1996,1297744762,1297743561,600,1201,1297744762,0x20024349,-0.82186,-0.82199,0.000126,False,0.063
P4_ontime,1997,1297745362,1297743561,600,1801,1297745362,0x20024349,-0.82186,-0.82199,0.000126,False,0.286
P4_ontime,1998,1297745962,1297743562,600,2401,1297745962,0x20024349,-0.82186,-0.82199,0.000126,False,0.064
P4_ontime,1999,1297746562,1297743562,600,3000,1297746562,0x20024349,-0.82186,-0.82199,0.000126,False,0.061
P4_ontime,2000,1297747162,1297744162,600,3600,1297747162,0x20024349,-0.82186,-0.82199,0.000126,False,0.065
P4_ontime,2001,1297747762,1297744762,600,3600,1297747762,0x20024349,-0.82186,-0.82199,0.000126,False,0.062
P4_ontime,2002,1297748362,1297745362,600,3600,1297748362,0x20024349,-0.82186,-0.82199,0.000126,False,0.081
P4_ontime,2003,1297748962,1297745962,600,3600,1297748962,0x20024349,-0.82186,-0.82199,0.000126,False,0.06
P4_ontime,2004,1297749562,1297746562,600,3600,1297749562,0x20024349,-0.82186,-0.82199,0.000126,False,0.064
P4_ontime,2005,1297750162,1297747162,600,3600,1297750162,0x20024349,-0.82186,-0.82199,0.000126,False,0.062
P4_ontime,2006,1297750762,1297747762,600,3600,1297750762,0x20024349,-0.82186,-0.82199,0.000126,False,0.065
P4_ontime,2007,1297751362,1297748362,600,3600,1297751362,0x20024349,-0.82186,-0.82199,0.000126,False,0.118
P4_ontime,2008,1297751962,1297748962,600,3600,1297751962,0x20024349,-0.82186,-0.82199,0.000126,False,0.116
P4_ontime,2009,1297752562,1297749562,600,3600,1297752562,0x20024349,-0.82186,-0.82199,0.000126,False,0.119
P4_ontime,2010,1297753162,1297750162,600,3600,1297753162,0x20024349,-0.82186,-0.82199,0.000126,False,0.174
P4_ontime,2011,1297753762,1297750762,600,3600,1297753762,0x20024349,-0.82186,-0.82199,0.000126,False,0.066
P4_ontime,2012,1297754362,1297751362,600,3600,1297754362,0x20024349,-0.82186,-0.82199,0.000126,False,0.064
P4_ontime,2013,1297754962,1297751962,600,3600,1297754962,0x20024349,-0.82186,-0.82199,0.000126,False,0.06
P4_ontime,2014,1297755562,1297752562,600,3600,1297755562,0x20024349,-0.82186,-0.82199,0.000126,False,0.06
P4_ontime,2015,1297756162,1297753162,600,3600,1297756162,0x20024349,-0.82186,-0.82199,0.000126,False,0.169
P4_ontime,2016,1297756762,1297753762,600,3600,1297756762,0x20024349,-0.82186,-0.82199,0.000126,False,0.064
P4_ontime,2017,1297757362,1297754362,600,3600,1297757362,0x20024349,-0.82186,-0.82199,0.000126,False,0.063
P4_ontime,2018,1297757962,1297754962,600,3600,1297757962,0x20024349,-0.82186,-0.82199,0.000126,False,0.064
P4_ontime,2019,1297758562,1297755562,600,3600,1297758562,0x20024349,-0.82186,-0.82199,0.000126,False,0.065
P4_ontime,2020,1297759162,1297756162,600,3600,1297759162,0x20024349,-0.82186,-0.82199,0.000126,False,0.062
P4_ontime,2021,1297759762,1297756762,600,3600,1297759762,0x20024349,-0.82186,-0.82199,0.000126,False,0.172
P4_ontime,2022,1297760362,1297757362,600,3600,1297760362,0x20024349,-0.82186,-0.82199,0.000126,False,0.171
P4_ontime,2023,1297760962,1297757962,600,3600,1297760962,0x20024349,-0.82186,-0.82199,0.000126,False,0.171
P4_ontime,2024,1297761562,1297758562,600,3600,1297761562,0x20024349,-0.82186,-0.82199,0.000126,False,0.064
