phase,height,time,mediantime,dt_prev,time_minus_prev_mtp,mocktime,bits,log2_ratio_obs,log2_ratio_expected,model_err,above_floor,wall_s
P1_ontime,1,1296688692,1296688692,90,90,1296688692,0x2003fb97,-0.00622,-0.00625,3.3e-05,False,0.065
P1_ontime,2,1296688782,1296688692,90,90,1296688782,0x2003fb97,-0.00622,-0.00625,3.3e-05,False,0.064
P1_ontime,3,1296688872,1296688782,90,180,1296688872,0x2003fb97,-0.00622,-0.00625,3.3e-05,False,0.065
P1_ontime,4,1296688962,1296688782,90,180,1296688962,0x2003fb97,-0.00622,-0.00625,3.3e-05,False,0.063
P1_ontime,5,1296689052,1296688872,90,270,1296689052,0x2003fb97,-0.00622,-0.00625,3.3e-05,False,0.064
P1_ontime,6,1296689142,1296688872,90,270,1296689142,0x2003fb97,-0.00622,-0.00625,3.3e-05,False,0.06
P1_ontime,7,1296689232,1296688962,90,360,1296689232,0x2003fb97,-0.00622,-0.00625,3.3e-05,False,0.059
P1_ontime,8,1296689322,1296688962,90,360,1296689322,0x2003fb97,-0.00622,-0.00625,3.3e-05,False,0.064
P1_ontime,9,1296689412,1296689052,90,450,1296689412,0x2003fb97,-0.00622,-0.00625,3.3e-05,False,0.119
P1_ontime,10,1296689502,1296689052,90,450,1296689502,0x2003fb97,-0.00622,-0.00625,3.3e-05,False,0.064
P1_ontime,11,1296689592,1296689142,90,540,1296689592,0x2003fb97,-0.00622,-0.00625,3.3e-05,False,0.064
P1_ontime,12,1296689682,1296689232,90,540,1296689682,0x2003fb97,-0.00622,-0.00625,3.3e-05,False,0.062
P1_ontime,13,1296689772,1296689322,90,540,1296689772,0x2003fb97,-0.00622,-0.00625,3.3e-05,False,0.117
P1_ontime,14,1296689862,1296689412,90,540,1296689862,0x2003fb97,-0.00622,-0.00625,3.3e-05,False,0.059
P1_ontime,15,1296689952,1296689502,90,540,1296689952,0x2003fb97,-0.00622,-0.00625,3.3e-05,False,0.064
P1_ontime,16,1296690042,1296689592,90,540,1296690042,0x2003fb97,-0.00622,-0.00625,3.3e-05,False,0.061
P1_ontime,17,1296690132,1296689682,90,540,1296690132,0x2003fb97,-0.00622,-0.00625,3.3e-05,False,0.064
P1_ontime,18,1296690222,1296689772,90,540,1296690222,0x2003fb97,-0.00622,-0.00625,3.3e-05,False,0.064
P1_ontime,19,1296690312,1296689862,90,540,1296690312,0x2003fb97,-0.00622,-0.00625,3.3e-05,False,0.06
P1_ontime,20,1296690402,1296689952,90,540,1296690402,0x2003fb97,-0.00622,-0.00625,3.3e-05,False,0.063
P1_ontime,21,1296690492,1296690042,90,540,1296690492,0x2003fb97,-0.00622,-0.00625,3.3e-05,False,0.063
P1_ontime,22,1296690582,1296690132,90,540,1296690582,0x2003fb97,-0.00622,-0.00625,3.3e-05,False,0.116
P1_ontime,23,1296690672,1296690222,90,540,1296690672,0x2003fb97,-0.00622,-0.00625,3.3e-05,False,0.061
P1_ontime,24,1296690762,1296690312,90,540,1296690762,0x2003fb97,-0.00622,-0.00625,3.3e-05,False,0.063
P1_ontime,25,1296690852,1296690402,90,540,1296690852,0x2003fb97,-0.00622,-0.00625,3.3e-05,False,0.061
P1_ontime,26,1296690942,1296690492,90,540,1296690942,0x2003fb97,-0.00622,-0.00625,3.3e-05,False,0.064
P1_ontime,27,1296691032,1296690582,90,540,1296691032,0x2003fb97,-0.00622,-0.00625,3.3e-05,False,0.063
P1_ontime,28,1296691122,1296690672,90,540,1296691122,0x2003fb97,-0.00622,-0.00625,3.3e-05,False,0.064
P1_ontime,29,1296691212,1296690762,90,540,1296691212,0x2003fb97,-0.00622,-0.00625,3.3e-05,False,0.062
P1_ontime,30,1296691302,1296690852,90,540,1296691302,0x2003fb97,-0.00622,-0.00625,3.3e-05,False,0.173
P2_tighten,31,1296691302,1296690942,0,450,1296691302,0x2003fb97,-0.00622,-0.00625,3.3e-05,False,0.063
P2_tighten,32,1296691302,1296691032,0,360,1296691302,0x2003f72f,-0.01247,-0.0125,3.3e-05,False,0.064
P2_tighten,33,1296691302,1296691122,0,270,1296691302,0x2003f2d1,-0.01869,-0.01875,6.1e-05,False,0.064
P2_tighten,34,1296691302,1296691212,0,180,1296691302,0x2003ee73,-0.02494,-0.025,6.7e-05,False,0.064
P2_tighten,35,1296691302,1296691302,0,90,1296691302,0x2003ea1b,-0.03118,-0.03125,7.9e-05,False,0.063
P2_tighten,36,1296691303,1296691302,1,1,1296691302,0x2003e5c9,-0.03741,-0.03751,9.6e-05,False,0.119
P2_tighten,37,1296691303,1296691302,0,1,1296691302,0x2003e187,-0.04358,-0.04368,0.000102,False,0.061
P2_tighten,38,1296691303,1296691302,0,1,1296691302,0x2003dd3d,-0.04982,-0.04993,0.000114,False,0.061
P2_tighten,39,1296691303,1296691302,0,1,1296691302,0x2003d8f9,-0.05605,-0.05619,0.000132,False,0.118
P2_tighten,40,1296691303,1296691302,0,1,1296691302,0x2003d4b7,-0.0623,-0.06243,0.000126,False,0.119
P2_tighten,41,1296691303,1296691303,0,1,1296691302,0x2003d079,-0.06856,-0.06869,0.000127,False,0.064
P2_tighten,42,1296691304,1296691303,1,1,1296691302,0x2003cc43,-0.07479,-0.07493,0.000139,False,0.06
P2_tighten,43,1296691304,1296691303,0,1,1296691302,0x2003c81d,-0.08096,-0.08111,0.000151,False,0.064
P2_tighten,44,1296691304,1296691303,0,1,1296691302,0x2003c3ed,-0.08722,-0.08736,0.000146,False,0.117
P2_tighten,45,1296691304,1296691303,0,1,1296691302,0x2003bfc5,-0.09345,-0.09361,0.000164,False,0.064
P2_tighten,46,1296691304,1296691303,0,1,1296691302,0x2003bb9f,-0.0997,-0.09986,0.000165,False,0.063
P2_tighten,47,1296691304,1296691304,0,1,1296691302,0x2003b77d,-0.10595,-0.10611,0.00016,False,0.063
P2_tighten,48,1296691305,1296691304,1,1,1296691302,0x2003b361,-0.1122,-0.11236,0.000167,False,0.06
P2_tighten,49,1296691305,1296691304,0,1,1296691302,0x2003af55,-0.11837,-0.11855,0.000173,False,0.064
P2_tighten,50,1296691305,1296691304,0,1,1296691302,0x2003ab41,-0.12462,-0.1248,0.000174,False,0.063
P2_tighten,51,1296691305,1296691304,0,1,1296691302,0x2003a733,-0.13086,-0.13105,0.000181,False,0.175
P2_tighten,52,1296691305,1296691304,0,1,1296691302,0x2003a327,-0.13712,-0.1373,0.000176,False,0.067
P2_tighten,53,1296691305,1296691305,0,1,1296691302,0x20039f1f,-0.14338,-0.14354,0.000164,False,0.064
P2_tighten,54,1296691306,1296691305,1,1,1296691302,0x20039b1f,-0.14962,-0.1498,0.000177,False,0.061
P2_tighten,55,1296691306,1296691305,0,1,1296691302,0x2003972d,-0.1558,-0.15598,0.000178,False,0.075
P2_tighten,56,1296691306,1296691305,0,1,1296691302,0x20039331,-0.16206,-0.16222,0.00016,False,0.059
P2_tighten,57,1296691306,1296691305,0,1,1296691302,0x20038f3f,-0.1683,-0.16848,0.000179,False,0.063
P2_tighten,58,1296691306,1296691305,0,1,1296691302,0x20038b4d,-0.17456,-0.17473,0.000168,False,0.063
P2_tighten,59,1296691306,1296691306,0,1,1296691302,0x2003875f,-0.18082,-0.18098,0.000156,False,0.063
P2_tighten,60,1296691307,1296691306,1,1,1296691302,0x20038379,-0.18706,-0.18723,0.000169,False,0.059
P2_tighten,61,1296691307,1296691306,0,1,1296691302,0x20037f9f,-0.19325,-0.19341,0.000157,False,0.063
P2_tighten,62,1296691307,1296691306,0,1,1296691302,0x20037bbf,-0.19951,-0.19966,0.000152,False,0.06
P2_tighten,63,1296691307,1296691306,0,1,1296691302,0x200377e3,-0.20576,-0.20591,0.000146,False,0.063
P2_tighten,64,1296691307,1296691306,0,1,1296691302,0x2003740d,-0.21201,-0.21216,0.000147,False,0.063
P2_tighten,65,1296691307,1296691307,0,1,1296691302,0x20037039,-0.21827,-0.2184,0.000134,False,0.066
P2_tighten,66,1296691308,1296691307,1,1,1296691302,0x20036c6b,-0.22452,-0.22465,0.000135,False,0.064
P2_tighten,67,1296691308,1296691307,0,1,1296691302,0x200368ab,-0.23071,-0.23083,0.000129,False,0.063
P2_tighten,68,1296691308,1296691307,0,1,1296691302,0x200364e3,-0.23697,-0.23709,0.000117,False,0.064
P2_tighten,69,1296691308,1296691307,0,1,1296691302,0x20036121,-0.24322,-0.24333,0.000111,False,0.114
P2_tighten,70,1296691308,1296691307,0,1,1296691302,0x20035d63,-0.24948,-0.24959,0.000111,False,0.064
P2_tighten,71,1296691308,1296691308,0,1,1296691302,0x200359a9,-0.25573,-0.25584,0.000105,False,0.063
P2_tighten,72,1296691309,1296691308,1,1,1296691302,0x200355f3,-0.26199,-0.26209,9.9e-05,False,0.063
P2_tighten,73,1296691309,1296691308,0,1,1296691302,0x2003524d,-0.26817,-0.26826,9.9e-05,False,0.064
P2_tighten,74,1296691309,1296691308,0,1,1296691302,0x20034e9d,-0.27444,-0.27452,8e-05,False,0.063
P2_tighten,75,1296691309,1296691308,0,1,1296691302,0x20034af3,-0.28069,-0.28077,7.4e-05,False,0.063
P2_tighten,76,1296691309,1296691308,0,1,1296691302,0x2003474f,-0.28694,-0.28702,8.1e-05,False,0.06
P2_tighten,77,1296691309,1296691309,0,1,1296691302,0x200343ab,-0.29321,-0.29327,6.1e-05,False,0.063
P2_tighten,78,1296691310,1296691309,1,1,1296691302,0x2003400f,-0.29945,-0.29951,6.1e-05,False,0.062
P2_tighten,79,1296691310,1296691309,0,1,1296691302,0x20033c7f,-0.30564,-0.3057,5.4e-05,False,0.063
P2_tighten,80,1296691310,1296691309,0,1,1296691302,0x200338e9,-0.3119,-0.31195,4.8e-05,False,0.224
P2_tighten,81,1296691310,1296691309,0,1,1296691302,0x20033555,-0.31817,-0.3182,2.7e-05,False,0.113
P2_tighten,82,1296691310,1296691309,0,1,1296691302,0x200331c9,-0.32442,-0.32445,3.4e-05,False,0.06
P2_tighten,83,1296691310,1296691310,0,1,1296691302,0x20032e3f,-0.33067,-0.3307,2.8e-05,False,0.06
P2_tighten,84,1296691311,1296691310,1,1,1296691302,0x20032ab9,-0.33693,-0.33695,2.1e-05,False,0.059
P2_tighten,85,1296691311,1296691310,0,1,1296691302,0x2003273f,-0.34313,-0.34313,0.0,False,0.066
P2_tighten,86,1296691311,1296691310,0,1,1296691302,0x200323c3,-0.34937,-0.34938,7e-06,False,0.06
P2_tighten,87,1296691311,1296691310,0,1,1296691302,0x20032047,-0.35564,-0.35563,-7e-06,False,0.115
P2_tighten,88,1296691311,1296691310,0,1,1296691302,0x20031cd1,-0.36189,-0.36188,-1.4e-05,False,0.063
P2_tighten,89,1296691311,1296691311,0,1,1296691302,0x2003195f,-0.36814,-0.36813,-1.4e-05,False,0.064
P2_tighten,90,1296691312,1296691311,1,1,1296691302,0x200315ef,-0.37441,-0.37438,-2.9e-05,False,0.06
P2_tighten,91,1296691312,1296691311,0,1,1296691302,0x2003128d,-0.3806,-0.38056,-3.6e-05,False,0.059
P2_tighten,92,1296691312,1296691311,0,1,1296691302,0x20030f27,-0.38685,-0.38681,-3.6e-05,False,0.061
P2_tighten,93,1296691312,1296691311,0,1,1296691302,0x20030bc3,-0.3931,-0.39306,-4.3e-05,False,0.062
P2_tighten,94,1296691312,1296691311,0,1,1296691302,0x20030865,-0.39935,-0.39931,-3.6e-05,False,0.06
P2_tighten,95,1296691312,1296691312,0,1,1296691302,0x20030507,-0.40562,-0.40556,-5.8e-05,False,0.059
P2_tighten,96,1296691313,1296691312,1,1,1296691302,0x200301af,-0.41187,-0.41181,-6.6e-05,False,0.062
P2_tighten,97,1296691313,1296691312,0,1,1296691302,0x2002fe63,-0.41807,-0.41799,-7.4e-05,False,0.061
P2_tighten,98,1296691313,1296691312,0,1,1296691302,0x2002fb15,-0.4243,-0.42424,-5.9e-05,False,0.064
P2_tighten,99,1296691313,1296691312,0,1,1296691302,0x2002f7c7,-0.43056,-0.43049,-7.4e-05,False,0.063
P2_tighten,100,1296691313,1296691312,0,1,1296691302,0x2002f47f,-0.43681,-0.43674,-6.7e-05,False,0.06
P2_tighten,101,1296691313,1296691313,0,1,1296691302,0x2002f137,-0.44308,-0.44299,-9e-05,False,0.06
P2_tighten,102,1296691314,1296691313,1,1,1296691302,0x2002edf5,-0.44933,-0.44924,-9e-05,False,0.114
P2_tighten,103,1296691314,1296691313,0,1,1296691302,0x2002eabf,-0.45552,-0.45542,-9.8e-05,False,0.059
P2_tighten,104,1296691314,1296691313,0,1,1296691302,0x2002e787,-0.46175,-0.46167,-8.3e-05,False,0.06
P2_tighten,105,1296691314,1296691313,0,1,1296691302,0x2002e44f,-0.46801,-0.46792,-9.1e-05,False,0.118
P2_tighten,106,1296691314,1296691313,0,1,1296691302,0x2002e11b,-0.47427,-0.47417,-9.9e-05,False,0.063
P2_tighten,107,1296691314,1296691314,0,1,1296691302,0x2002ddeb,-0.48052,-0.48042,-0.0001,False,0.061
P2_tighten,108,1296691315,1296691314,1,1,1296691302,0x2002dabd,-0.48678,-0.48667,-0.000116,False,0.115
P2_tighten,109,1296691315,1296691314,0,1,1296691302,0x2002d79d,-0.49297,-0.49285,-0.000116,False,0.059
P2_tighten,110,1296691315,1296691314,0,1,1296691302,0x2002d479,-0.49921,-0.4991,-0.000109,False,0.063
P2_tighten,111,1296691315,1296691314,0,1,1296691302,0x2002d157,-0.50546,-0.50535,-0.000109,False,0.062
P2_tighten,112,1296691315,1296691314,0,1,1296691302,0x2002ce37,-0.51172,-0.5116,-0.000126,False,0.067
P2_tighten,113,1296691315,1296691315,0,1,1296691302,0x2002cb1d,-0.51797,-0.51785,-0.000118,False,0.059
P2_tighten,114,1296691316,1296691315,1,1,1296691302,0x2002c805,-0.52422,-0.5241,-0.000119,False,0.063
P2_tighten,115,1296691316,1296691315,0,1,1296691302,0x2002c4fb,-0.53039,-0.53028,-0.000111,False,0.059
P2_tighten,116,1296691316,1296691315,0,1,1296691302,0x2002c1eb,-0.53664,-0.53653,-0.000104,False,0.063
P2_tighten,117,1296691316,1296691315,0,1,1296691302,0x2002bedd,-0.54289,-0.54278,-0.000112,False,0.063
P2_tighten,118,1296691316,1296691315,0,1,1296691302,0x2002bbd3,-0.54915,-0.54903,-0.000113,False,0.063
P2_tighten,119,1296691316,1296691316,0,1,1296691302,0x2002b8cd,-0.55539,-0.55528,-0.000113,False,0.067
P2_tighten,120,1296691317,1296691316,1,1,1296691302,0x2002b5c9,-0.56165,-0.56154,-0.000114,False,0.173
P2_tighten,121,1296691317,1296691316,0,1,1296691302,0x2002b2d3,-0.56782,-0.56771,-0.000106,False,0.063
P2_tighten,122,1296691317,1296691316,0,1,1296691302,0x2002afd7,-0.57407,-0.57396,-0.000107,False,0.122
P2_tighten,123,1296691317,1296691316,0,1,1296691302,0x2002acdd,-0.58032,-0.58022,-0.000107,False,0.061
P2_tighten,124,1296691317,1296691316,0,1,1296691302,0x2002a9e7,-0.58657,-0.58647,-0.000107,False,0.063
P2_tighten,125,1296691317,1296691317,0,1,1296691302,0x2002a6f7,-0.5928,-0.59271,-9.1e-05,False,0.064
P2_tighten,126,1296691318,1296691317,1,1,1296691302,0x2002a407,-0.59906,-0.59897,-9.2e-05,False,0.063
P2_tighten,127,1296691318,1296691317,0,1,1296691302,0x2002a123,-0.60524,-0.60515,-9.2e-05,False,0.06
P2_tighten,128,1296691318,1296691317,0,1,1296691302,0x20029e3b,-0.61148,-0.6114,-8.4e-05,False,0.115
P2_tighten,129,1296691318,1296691317,0,1,1296691302,0x20029b55,-0.61773,-0.61764,-9.3e-05,False,0.062
P2_tighten,130,1296691318,1296691317,0,1,1296691302,0x20029873,-0.62398,-0.62389,-8.5e-05,False,0.063
P2_tighten,131,1296691318,1296691318,0,1,1296691302,0x20029595,-0.63022,-0.63014,-7.7e-05,False,0.063
P2_tighten,132,1296691319,1296691318,1,1,1296691302,0x200292b9,-0.63647,-0.63639,-7.7e-05,False,0.068
P2_tighten,133,1296691319,1296691318,0,1,1296691302,0x20028fe9,-0.64264,-0.64257,-6.9e-05,False,0.064
P2_tighten,134,1296691319,1296691318,0,1,1296691302,0x20028d13,-0.64889,-0.64882,-6.9e-05,False,0.063
P2_tighten,135,1296691319,1296691318,0,1,1296691302,0x20028a41,-0.65514,-0.65507,-6.1e-05,False,0.064
P2_tighten,136,1296691319,1296691318,0,1,1296691302,0x20028773,-0.66137,-0.66133,-4.4e-05,False,0.117
P2_tighten,137,1296691319,1296691319,0,1,1296691302,0x200284a7,-0.66762,-0.66757,-4.4e-05,False,0.116
P2_tighten,138,1296691320,1296691319,1,1,1296691302,0x200281dd,-0.67387,-0.67382,-5.3e-05,False,0.063
P2_tighten,139,1296691320,1296691319,0,1,1296691302,0x20027f21,-0.68003,-0.68,-2.6e-05,False,0.062
P2_tighten,140,1296691320,1296691319,0,1,1296691302,0x20027c5d,-0.68629,-0.68625,-3.5e-05,False,0.062
P2_tighten,141,1296691320,1296691319,0,1,1296691302,0x2002799f,-0.69252,-0.6925,-1.8e-05,False,0.173
P2_tighten,142,1296691320,1296691319,0,1,1296691302,0x200276e1,-0.69878,-0.69876,-1.8e-05,False,0.063
P2_tighten,143,1296691320,1296691320,0,1,1296691302,0x20027429,-0.70501,-0.70501,0.0,False,0.064
P2_tighten,144,1296691321,1296691320,1,1,1296691302,0x20027173,-0.71125,-0.71125,9e-06,False,0.062
P2_tighten,145,1296691321,1296691320,0,1,1296691302,0x20026ec7,-0.71742,-0.71743,9e-06,False,0.063
P2_tighten,146,1296691321,1296691320,0,1,1296691302,0x20026c15,-0.72368,-0.72369,9e-06,False,0.062
P2_tighten,147,1296691321,1296691320,0,1,1296691302,0x20026969,-0.72991,-0.72994,2.7e-05,False,0.061
P2_tighten,148,1296691321,1296691320,0,1,1296691302,0x200266bf,-0.73615,-0.73618,3.7e-05,False,0.064
P2_tighten,149,1296691321,1296691321,0,1,1296691302,0x20026417,-0.74239,-0.74243,3.7e-05,False,0.063
P2_tighten,150,1296691322,1296691321,1,1,1296691302,0x20026173,-0.74863,-0.74869,5.5e-05,False,0.113
P2_tighten,151,1296691322,1296691321,0,1,1296691302,0x20025ed9,-0.7548,-0.75487,6.5e-05,False,0.112
P2_tighten,152,1296691322,1296691321,0,1,1296691302,0x20025c39,-0.76106,-0.76111,5.6e-05,False,0.065
P2_tighten,153,1296691322,1296691321,0,1,1296691302,0x2002599f,-0.76728,-0.76737,8.4e-05,False,0.063
P2_tighten,154,1296691322,1296691321,0,1,1296691302,0x20025705,-0.77354,-0.77362,8.5e-05,False,0.062
P2_tighten,155,1296691322,1296691322,0,1,1296691302,0x2002546f,-0.77978,-0.77986,8.5e-05,False,0.065
P2_tighten,156,1296691323,1296691322,1,1,1296691302,0x200251db,-0.78603,-0.78611,8.5e-05,False,0.063
P2_tighten,157,1296691323,1296691322,0,1,1296691302,0x20024f53,-0.79219,-0.79229,0.000105,False,0.064
P2_tighten,158,1296691323,1296691322,0,1,1296691302,0x20024cc3,-0.79845,-0.79855,9.6e-05,False,0.167
P2_tighten,159,1296691323,1296691322,0,1,1296691302,0x20024a3b,-0.80467,-0.8048,0.000125,False,0.119
P2_tighten,160,1296691323,1296691322,0,1,1296691302,0x200247b1,-0.81093,-0.81105,0.000116,False,0.119
P2_tighten,161,1296691323,1296691323,0,1,1296691302,0x2002452b,-0.81718,-0.8173,0.000116,False,0.064
P2_tighten,162,1296691324,1296691323,1,1,1296691302,0x200242a9,-0.82342,-0.82355,0.000127,False,0.063
P2_tighten,163,1296691324,1296691323,0,1,1296691302,0x20024031,-0.82959,-0.82973,0.000137,False,0.063
P2_tighten,164,1296691324,1296691323,0,1,1296691302,0x20023db3,-0.83584,-0.83598,0.000138,False,0.059
P2_tighten,165,1296691324,1296691323,0,1,1296691302,0x20023b3b,-0.84207,-0.84222,0.000158,False,0.111
P2_tighten,166,1296691324,1296691323,0,1,1296691302,0x200238c1,-0.84833,-0.84847,0.000139,False,0.063
P2_tighten,167,1296691324,1296691324,0,1,1296691302,0x2002364d,-0.85457,-0.85473,0.000159,False,0.113
P2_tighten,168,1296691325,1296691324,1,1,1296691302,0x200233db,-0.86081,-0.86097,0.00016,False,0.119
P2_tighten,169,1296691325,1296691324,0,1,1296691302,0x20023173,-0.86698,-0.86715,0.000171,False,0.063
P2_tighten,170,1296691325,1296691324,0,1,1296691302,0x20022f05,-0.87324,-0.87341,0.000171,False,0.066
P2_tighten,171,1296691325,1296691324,0,1,1296691302,0x20022c9b,-0.87948,-0.87966,0.000172,False,0.115
P2_tighten,172,1296691325,1296691324,0,1,1296691302,0x20022a33,-0.88573,-0.88591,0.000173,False,0.111
P2_tighten,173,1296691325,1296691325,0,1,1296691302,0x200227cd,-0.89199,-0.89215,0.000163,False,0.059
P2_tighten,174,1296691326,1296691325,1,1,1296691302,0x2002256b,-0.89823,-0.89841,0.000174,False,0.114
P2_tighten,175,1296691326,1296691325,0,1,1296691302,0x20022311,-0.90442,-0.90459,0.000165,False,0.061
P2_tighten,176,1296691326,1296691325,0,1,1296691302,0x200220b3,-0.91068,-0.91083,0.000155,False,0.064
P2_tighten,177,1296691326,1296691325,0,1,1296691302,0x20021e59,-0.91692,-0.91709,0.000166,False,0.169
P2_tighten,178,1296691326,1296691325,0,1,1296691302,0x20021bff,-0.92319,-0.92334,0.000146,False,0.062
P2_tighten,179,1296691326,1296691326,0,1,1296691302,0x200219a9,-0.92944,-0.92959,0.000147,False,0.06
P2_tighten,180,1296691327,1296691326,1,1,1296691302,0x20021757,-0.93568,-0.93584,0.000158,False,0.064
P2_tighten,181,1296691327,1296691326,0,1,1296691302,0x2002150b,-0.94189,-0.94202,0.000137,False,0.059
P2_tighten,182,1296691327,1296691326,0,1,1296691302,0x200212bd,-0.94814,-0.94827,0.000127,False,0.061
P2_tighten,183,1296691327,1296691326,0,1,1296691302,0x2002106f,-0.95442,-0.95452,0.000107,False,0.118
P2_tighten,184,1296691327,1296691326,0,1,1296691302,0x20020e27,-0.96066,-0.96076,0.000107,False,0.063
P2_tighten,185,1296691327,1296691327,0,1,1296691302,0x20020bdf,-0.96693,-0.96702,9.7e-05,False,0.061
P2_tighten,186,1296691328,1296691327,1,1,1296691302,0x2002099b,-0.97318,-0.97327,8.6e-05,False,0.063
P2_tighten,187,1296691328,1296691327,0,1,1296691302,0x2002075f,-0.97937,-0.97945,7.6e-05,False,0.063
P2_tighten,188,1296691328,1296691327,0,1,1296691302,0x2002051d,-0.98566,-0.9857,4.4e-05,False,0.063
P2_tighten,189,1296691328,1296691327,0,1,1296691302,0x200202df,-0.99193,-0.99195,2.2e-05,False,0.06
P2_tighten,190,1296691328,1296691327,0,1,1296691302,0x200200a5,-0.99818,-0.9982,2.2e-05,False,0.062
P2_tighten,191,1296691328,1296691328,0,1,1296691302,0x2001fe6d,-1.00444,-1.00445,1.1e-05,False,0.118
P2_tighten,192,1296691329,1296691328,1,1,1296691302,0x2001fc3b,-1.01066,-1.0107,4.4e-05,False,0.061
P2_tighten,193,1296691329,1296691328,0,1,1296691302,0x2001fa10,-1.01682,-1.01688,5.6e-05,False,0.06
P2_tighten,194,1296691329,1296691328,0,1,1296691302,0x2001f7e0,-1.02307,-1.02313,5.6e-05,False,0.059
P2_tighten,195,1296691329,1296691328,0,1,1296691302,0x2001f5b3,-1.02932,-1.02938,6.7e-05,False,0.117
P2_tighten,196,1296691329,1296691328,0,1,1296691302,0x2001f38a,-1.03554,-1.03563,9e-05,False,0.063
P2_tighten,197,1296691329,1296691329,0,1,1296691302,0x2001f162,-1.04178,-1.04188,0.000102,False,0.063
P2_tighten,198,1296691330,1296691329,1,1,1296691302,0x2001ef3d,-1.04802,-1.04813,0.000114,False,0.062
P2_tighten,199,1296691330,1296691329,0,1,1296691302,0x2001ed20,-1.05418,-1.05431,0.000126,False,0.11
P2_tighten,200,1296691330,1296691329,0,1,1296691302,0x2001eafe,-1.06044,-1.06056,0.000126,False,0.063
P2_tighten,201,1296691330,1296691329,0,1,1296691302,0x2001e8df,-1.06668,-1.06681,0.000127,False,0.168
P2_tighten,202,1296691330,1296691329,0,1,1296691302,0x2001e6c3,-1.07292,-1.07306,0.000139,False,0.059
P2_tighten,203,1296691330,1296691330,0,1,1296691302,0x2001e4a9,-1.07916,-1.07932,0.000151,False,0.116
P2_tighten,204,1296691331,1296691330,1,1,1296691302,0x2001e291,-1.08541,-1.08556,0.000152,False,0.062
P2_tighten,205,1296691331,1296691330,0,1,1296691302,0x2001e080,-1.0916,-1.09174,0.000141,False,0.117
P2_tighten,206,1296691331,1296691330,0,1,1296691302,0x2001de6e,-1.09783,-1.098,0.000165,False,0.062
P2_tighten,207,1296691331,1296691330,0,1,1296691302,0x2001dc5c,-1.10409,-1.10424,0.000154,False,0.061
P2_tighten,208,1296691331,1296691330,0,1,1296691302,0x2001da4e,-1.11032,-1.11049,0.000166,False,0.063
P2_tighten,209,1296691331,1296691331,0,1,1296691302,0x2001d841,-1.11658,-1.11674,0.000167,False,0.064
P2_tighten,210,1296691332,1296691331,1,1,1296691302,0x2001d636,-1.12283,-1.123,0.000168,False,0.116
P2_tighten,211,1296691332,1296691331,0,1,1296691302,0x2001d433,-1.12902,-1.12917,0.000156,False,0.063
P2_tighten,212,1296691332,1296691331,0,1,1296691302,0x2001d22e,-1.13525,-1.13542,0.000169,False,0.062
P2_tighten,213,1296691332,1296691331,0,1,1296691302,0x2001d02a,-1.1415,-1.14167,0.00017,False,0.116
P2_tighten,214,1296691332,1296691331,0,1,1296691302,0x2001ce29,-1.14775,-1.14793,0.000183,False,0.064
P2_tighten,215,1296691332,1296691332,0,1,1296691302,0x2001cc29,-1.154,-1.15417,0.000171,False,0.164
P2_tighten,216,1296691333,1296691332,1,1,1296691302,0x2001ca2b,-1.16026,-1.16042,0.00016,False,0.063
P2_tighten,217,1296691333,1296691332,0,1,1296691302,0x2001c835,-1.16645,-1.1666,0.000148,False,0.061
P2_tighten,218,1296691333,1296691332,0,1,1296691302,0x2001c63d,-1.17269,-1.17285,0.000161,False,0.064
P2_tighten,219,1296691333,1296691332,0,1,1296691302,0x2001c446,-1.17894,-1.17911,0.000162,False,0.113
P2_tighten,220,1296691333,1296691332,0,1,1296691302,0x2001c252,-1.18519,-1.18535,0.000163,False,0.066
P2_tighten,221,1296691333,1296691333,0,1,1296691302,0x2001c05e,-1.19146,-1.19161,0.000151,False,0.064
P2_tighten,222,1296691334,1296691333,1,1,1296691302,0x2001be6d,-1.19772,-1.19786,0.000139,False,0.063
P2_tighten,223,1296691334,1296691333,0,1,1296691302,0x2001bc85,-1.20389,-1.20403,0.000139,False,0.059
P2_tighten,224,1296691334,1296691333,0,1,1296691302,0x2001ba99,-1.21014,-1.21028,0.00014,False,0.114
P2_tighten,225,1296691334,1296691333,0,1,1296691302,0x2001b8ae,-1.21641,-1.21654,0.000128,False,0.164
P2_tighten,226,1296691334,1296691333,0,1,1296691302,0x2001b6c7,-1.22265,-1.22279,0.000141,False,0.115
P2_tighten,227,1296691334,1296691334,0,1,1296691302,0x2001b4e1,-1.2289,-1.22903,0.000129,False,0.173
P2_tighten,228,1296691335,1296691334,1,1,1296691302,0x2001b2fc,-1.23517,-1.23528,0.000104,False,0.059
P2_tighten,229,1296691335,1296691334,0,1,1296691302,0x2001b120,-1.24135,-1.24146,0.000104,False,0.061
P2_tighten,230,1296691335,1296691334,0,1,1296691302,0x2001af41,-1.2476,-1.24772,0.000118,False,0.116
P2_tighten,231,1296691335,1296691334,0,1,1296691302,0x2001ad63,-1.25386,-1.25397,0.000105,False,0.064
P2_tighten,232,1296691335,1296691334,0,1,1296691302,0x2001ab87,-1.26012,-1.26021,9.2e-05,False,0.118
P2_tighten,233,1296691335,1296691335,0,1,1296691302,0x2001a9ae,-1.26637,-1.26646,9.3e-05,False,0.063
P2_tighten,234,1296691336,1296691335,1,1,1296691302,0x2001a7d6,-1.27263,-1.27271,8e-05,False,0.059
P2_tighten,235,1296691336,1296691335,0,1,1296691302,0x2001a605,-1.27883,-1.2789,6.7e-05,False,0.063
P2_tighten,236,1296691336,1296691335,0,1,1296691302,0x2001a433,-1.28506,-1.28515,8e-05,False,0.225
P2_tighten,237,1296691336,1296691335,0,1,1296691302,0x2001a261,-1.29133,-1.2914,6.7e-05,False,0.062
P2_tighten,238,1296691336,1296691335,0,1,1296691302,0x2001a091,-1.29759,-1.29765,5.4e-05,False,0.062
P2_tighten,239,1296691336,1296691336,0,1,1296691302,0x20019ec4,-1.30384,-1.3039,5.4e-05,False,0.061
P2_tighten,240,1296691337,1296691336,1,1,1296691302,0x20019cf8,-1.31011,-1.31015,4.1e-05,False,0.117
P2_tighten,241,1296691337,1296691336,0,1,1296691302,0x20019b33,-1.3163,-1.31633,2.7e-05,False,0.119
P2_tighten,242,1296691337,1296691336,0,1,1296691302,0x2001996d,-1.32254,-1.32258,4.1e-05,False,0.118
P2_tighten,243,1296691337,1296691336,0,1,1296691302,0x200197a7,-1.3288,-1.32883,2.8e-05,False,0.118
P2_tighten,244,1296691337,1296691336,0,1,1296691302,0x200195e3,-1.33506,-1.33508,1.4e-05,False,0.173
P2_tighten,245,1296691337,1296691337,0,1,1296691302,0x20019422,-1.34131,-1.34132,1.4e-05,False,0.063
P2_tighten,246,1296691338,1296691337,1,1,1296691302,0x20019261,-1.34758,-1.34757,-1.4e-05,False,0.063
P2_tighten,247,1296691338,1296691337,0,1,1296691302,0x200190a9,-1.35376,-1.35376,0.0,False,0.117
P2_tighten,248,1296691338,1296691337,0,1,1296691302,0x20018eed,-1.36002,-1.36,-1.4e-05,False,0.119
P2_tighten,249,1296691338,1296691337,0,1,1296691302,0x20018d33,-1.36628,-1.36626,-1.4e-05,False,0.062
P2_tighten,250,1296691338,1296691337,0,1,1296691302,0x20018b7b,-1.37253,-1.3725,-2.8e-05,False,0.067
P2_tighten,251,1296691338,1296691338,0,1,1296691302,0x200189c5,-1.37879,-1.37876,-2.9e-05,False,0.391
P2_tighten,252,1296691339,1296691338,1,1,1296691302,0x20018811,-1.38504,-1.38501,-2.9e-05,False,0.229
P2_tighten,253,1296691339,1296691338,0,1,1296691302,0x20018663,-1.39123,-1.39119,-4.3e-05,False,0.065
P2_tighten,254,1296691339,1296691338,0,1,1296691302,0x200184b2,-1.3975,-1.39744,-5.8e-05,False,0.063
P2_tighten,255,1296691339,1296691338,0,1,1296691302,0x20018304,-1.40375,-1.40369,-5.8e-05,False,0.064
P2_tighten,256,1296691339,1296691338,0,1,1296691302,0x20018157,-1.41001,-1.40993,-7.3e-05,False,0.064
P2_tighten,257,1296691339,1296691339,0,1,1296691302,0x20017fad,-1.41625,-1.41619,-5.9e-05,False,0.115
P2_tighten,258,1296691340,1296691339,1,1,1296691302,0x20017e04,-1.42251,-1.42243,-7.4e-05,False,0.059
P2_tighten,259,1296691340,1296691339,0,1,1296691302,0x20017c61,-1.4287,-1.42861,-8.9e-05,False,0.063
P2_tighten,260,1296691340,1296691339,0,1,1296691302,0x20017abc,-1.43495,-1.43486,-8.9e-05,False,0.118
P2_tighten,261,1296691340,1296691339,0,1,1296691302,0x20017919,-1.4412,-1.44113,-7.5e-05,False,0.119
P2_tighten,262,1296691340,1296691339,0,1,1296691302,0x20017777,-1.44746,-1.44737,-9e-05,False,0.061
P2_tighten,263,1296691340,1296691340,0,1,1296691302,0x200175d8,-1.4537,-1.45361,-9e-05,False,0.163
P2_tighten,264,1296691341,1296691340,1,1,1296691302,0x20017439,-1.45997,-1.45987,-0.000106,False,0.063
P2_tighten,265,1296691341,1296691340,0,1,1296691302,0x200172a2,-1.46615,-1.46606,-9.1e-05,False,0.119
P2_tighten,266,1296691341,1296691340,0,1,1296691302,0x20017107,-1.47241,-1.4723,-0.000107,False,0.061
P2_tighten,267,1296691341,1296691340,0,1,1296691302,0x20016f6f,-1.47865,-1.47855,-0.000107,False,0.064
P2_tighten,268,1296691341,1296691340,0,1,1296691302,0x20016dd8,-1.48491,-1.4848,-0.000108,False,0.116
P2_tighten,269,1296691341,1296691341,0,1,1296691302,0x20016c44,-1.49115,-1.49105,-9.3e-05,False,0.063
P2_tighten,270,1296691342,1296691341,1,1,1296691302,0x20016ab0,-1.49741,-1.4973,-0.000109,False,0.063
P2_tighten,271,1296691342,1296691341,0,1,1296691302,0x20016923,-1.50359,-1.50348,-0.000109,False,0.217
P2_tighten,272,1296691342,1296691341,0,1,1296691302,0x20016793,-1.50985,-1.50972,-0.000125,False,0.11
P2_tighten,273,1296691342,1296691341,0,1,1296691302,0x20016605,-1.5161,-1.51597,-0.000126,False,0.062
P2_tighten,274,1296691342,1296691341,0,1,1296691302,0x20016479,-1.52235,-1.52224,-0.000111,False,0.059
P2_tighten,275,1296691342,1296691342,0,1,1296691302,0x200162ef,-1.52859,-1.52848,-0.000111,False,0.061
P2_tighten,276,1296691343,1296691342,1,1,1296691302,0x20016166,-1.53484,-1.53473,-0.000112,False,0.233
P2_tighten,277,1296691343,1296691342,0,1,1296691302,0x20015fe3,-1.54103,-1.54092,-0.000112,False,0.086
P2_tighten,278,1296691343,1296691342,0,1,1296691302,0x20015e5d,-1.54729,-1.54716,-0.000129,False,0.084
P2_tighten,279,1296691343,1296691342,0,1,1296691302,0x20015cda,-1.55353,-1.55341,-0.000113,False,0.069
P2_tighten,280,1296691343,1296691342,0,1,1296691302,0x20015b58,-1.55977,-1.55966,-0.000114,False,0.086
P2_tighten,281,1296691343,1296691343,0,1,1296691302,0x200159d7,-1.56603,-1.5659,-0.00013,False,0.124
P2_tighten,282,1296691344,1296691343,1,1,1296691302,0x20015859,-1.57227,-1.57216,-0.000115,False,0.141
P2_tighten,283,1296691344,1296691343,0,1,1296691302,0x200156e0,-1.57846,-1.57834,-0.000115,False,0.093
P2_tighten,284,1296691344,1296691343,0,1,1296691302,0x20015565,-1.5847,-1.5846,-9.9e-05,False,0.078
P2_tighten,285,1296691344,1296691343,0,1,1296691302,0x200153ec,-1.59094,-1.59084,-9.9e-05,False,0.067
P2_tighten,286,1296691344,1296691343,0,1,1296691302,0x20015273,-1.5972,-1.5971,-0.0001,False,0.065
P2_tighten,287,1296691344,1296691344,0,1,1296691302,0x200150fd,-1.60344,-1.60334,-0.0001,False,0.087
P2_tighten,288,1296691345,1296691344,1,1,1296691302,0x20014f88,-1.60969,-1.60959,-0.000101,False,0.12
P2_tighten,289,1296691345,1296691344,0,1,1296691302,0x20014e19,-1.61587,-1.61577,-0.000101,False,0.079
P2_tighten,290,1296691345,1296691344,0,1,1296691302,0x20014ca8,-1.62211,-1.62202,-8.5e-05,False,0.078
P2_tighten,291,1296691345,1296691344,0,1,1296691302,0x20014b38,-1.62835,-1.62827,-8.5e-05,False,0.071
P2_tighten,292,1296691345,1296691344,0,1,1296691302,0x200149ca,-1.63459,-1.63453,-6.8e-05,False,0.061
P2_tighten,293,1296691345,1296691345,0,1,1296691302,0x2001485d,-1.64085,-1.64078,-6.9e-05,False,0.117
P2_tighten,294,1296691346,1296691345,1,1,1296691302,0x200146f2,-1.64709,-1.64702,-6.9e-05,False,0.061
P2_tighten,295,1296691346,1296691345,0,1,1296691302,0x2001458d,-1.65326,-1.6532,-5.2e-05,False,0.064
P2_tighten,296,1296691346,1296691345,0,1,1296691302,0x20014424,-1.65952,-1.65945,-7e-05,False,0.112
P2_tighten,297,1296691346,1296691345,0,1,1296691302,0x200142be,-1.66576,-1.6657,-5.2e-05,False,0.382
P2_tighten,298,1296691346,1296691345,0,1,1296691302,0x20014159,-1.672,-1.67195,-5.3e-05,False,0.114
P2_tighten,299,1296691346,1296691346,0,1,1296691302,0x20013ff6,-1.67824,-1.67821,-3.5e-05,False,0.063
P2_tighten,300,1296691347,1296691346,1,1,1296691302,0x20013e94,-1.68449,-1.68446,-3.5e-05,False,0.062
P2_tighten,301,1296691347,1296691346,0,1,1296691302,0x20013d38,-1.69066,-1.69064,-1.8e-05,False,0.058
P2_tighten,302,1296691347,1296691346,0,1,1296691302,0x20013bd9,-1.69691,-1.69689,-1.8e-05,False,0.226
P2_tighten,303,1296691347,1296691346,0,1,1296691302,0x20013a7c,-1.70315,-1.70313,-1.8e-05,False,0.059
P2_tighten,304,1296691347,1296691346,0,1,1296691302,0x20013921,-1.70938,-1.70938,0.0,False,0.119
P2_tighten,305,1296691347,1296691347,0,1,1296691302,0x200137c6,-1.71564,-1.71564,0.0,False,0.063
P2_tighten,306,1296691348,1296691347,1,1,1296691302,0x2001366e,-1.72187,-1.72189,1.8e-05,False,0.384
P2_tighten,307,1296691348,1296691347,0,1,1296691302,0x2001351b,-1.72804,-1.72806,1.8e-05,False,0.168
P2_tighten,308,1296691348,1296691347,0,1,1296691302,0x200133c5,-1.73429,-1.73431,1.8e-05,False,0.17
P2_tighten,309,1296691348,1296691347,0,1,1296691302,0x20013270,-1.74055,-1.74056,1.8e-05,False,0.225
P2_tighten,310,1296691348,1296691347,0,1,1296691302,0x2001311e,-1.74677,-1.74681,3.7e-05,False,0.116
P2_tighten,311,1296691348,1296691348,0,1,1296691302,0x20012fcd,-1.75301,-1.75307,5.6e-05,False,0.28
P2_tighten,312,1296691349,1296691348,1,1,1296691302,0x20012e7d,-1.75926,-1.75931,5.6e-05,False,0.065
P2_tighten,313,1296691349,1296691348,0,1,1296691302,0x20012d33,-1.76542,-1.7655,7.5e-05,False,0.061
P2_tighten,314,1296691349,1296691348,0,1,1296691302,0x20012be5,-1.77168,-1.77174,5.6e-05,False,0.164
P2_tighten,315,1296691349,1296691348,0,1,1296691302,0x20012a9a,-1.77792,-1.77799,7.5e-05,False,0.178
P2_tighten,316,1296691349,1296691348,0,1,1296691302,0x20012950,-1.78416,-1.78425,9.5e-05,False,0.064
P2_tighten,317,1296691349,1296691349,0,1,1296691302,0x20012807,-1.79041,-1.7905,9.5e-05,False,0.172
P2_tighten,318,1296691350,1296691349,1,1,1296691302,0x200126c0,-1.79665,-1.79674,9.6e-05,False,0.171
P2_tighten,319,1296691350,1296691349,0,1,1296691302,0x2001257e,-1.80282,-1.80293,0.000115,False,0.061
P2_tighten,320,1296691350,1296691349,0,1,1296691302,0x20012439,-1.80907,-1.80917,9.6e-05,False,0.059
P2_tighten,321,1296691350,1296691349,0,1,1296691302,0x200122f6,-1.81531,-1.81543,0.000116,False,0.277
P2_tighten,322,1296691350,1296691349,0,1,1296691302,0x200121b5,-1.82154,-1.82168,0.000136,False,0.115
P2_tighten,323,1296691350,1296691350,0,1,1296691302,0x20012074,-1.8278,-1.82792,0.000117,False,0.274
P2_tighten,324,1296691351,1296691350,1,1,1296691302,0x20011f36,-1.83403,-1.83418,0.000157,False,0.064
P2_tighten,325,1296691351,1296691350,0,1,1296691302,0x20011dfc,-1.8402,-1.84036,0.000158,False,0.063
P2_tighten,326,1296691351,1296691350,0,1,1296691302,0x20011cbf,-1.84646,-1.8466,0.000139,False,0.117
P2_tighten,327,1296691351,1296691350,0,1,1296691302,0x20011b84,-1.85271,-1.85285,0.000139,False,0.063
P2_tighten,328,1296691351,1296691350,0,1,1296691302,0x20011a4b,-1.85895,-1.8591,0.00016,False,0.064
P2_tighten,329,1296691351,1296691351,0,1,1296691302,0x20011912,-1.86521,-1.86535,0.00014,False,0.227
P2_tighten,330,1296691352,1296691351,1,1,1296691302,0x200117dc,-1.87144,-1.8716,0.000161,False,0.061
P2_tighten,331,1296691352,1296691351,0,1,1296691302,0x200116a9,-1.87763,-1.87779,0.000162,False,0.113
P2_tighten,332,1296691352,1296691351,0,1,1296691302,0x20011575,-1.88387,-1.88404,0.000162,False,0.062
P2_tighten,333,1296691352,1296691351,0,1,1296691302,0x20011442,-1.89012,-1.89029,0.000163,False,0.328
P2_tighten,334,1296691352,1296691351,0,1,1296691302,0x20011310,-1.89638,-1.89654,0.000164,False,0.222
P2_tighten,335,1296691352,1296691352,0,1,1296691302,0x200111e0,-1.90262,-1.90279,0.000165,False,0.064
P2_tighten,336,1296691353,1296691352,1,1,1296691302,0x200110b0,-1.90889,-1.90903,0.000145,False,0.063
P2_tighten,337,1296691353,1296691352,0,1,1296691302,0x20010f86,-1.91506,-1.91523,0.000166,False,0.06
P2_tighten,338,1296691353,1296691352,0,1,1296691302,0x20010e59,-1.92132,-1.92147,0.000146,False,0.387
P2_tighten,339,1296691353,1296691352,0,1,1296691302,0x20010d2e,-1.92757,-1.92772,0.000147,False,0.061
P2_tighten,340,1296691353,1296691352,0,1,1296691302,0x20010c04,-1.93382,-1.93397,0.000147,False,0.063
P2_tighten,341,1296691353,1296691353,0,1,1296691302,0x20010adb,-1.94008,-1.94023,0.000148,False,0.118
P2_tighten,342,1296691354,1296691353,1,1,1296691302,0x200109b3,-1.94634,-1.94647,0.000127,False,0.176
P2_tighten,343,1296691354,1296691353,0,1,1296691302,0x20010890,-1.95253,-1.95266,0.000128,False,0.171
P2_tighten,344,1296691354,1296691353,0,1,1296691302,0x2001076b,-1.95878,-1.95889,0.000107,False,0.06
P2_tighten,345,1296691354,1296691353,0,1,1296691302,0x20010646,-1.96507,-1.96515,8.6e-05,False,0.06
P2_tighten,346,1296691354,1296691353,0,1,1296691302,0x20010524,-1.97131,-1.9714,8.6e-05,False,0.061
P2_tighten,347,1296691354,1296691354,0,1,1296691302,0x20010402,-1.97758,-1.97765,6.5e-05,False,0.059
P2_tighten,348,1296691355,1296691354,1,1,1296691302,0x200102e1,-1.98386,-1.9839,4.4e-05,False,0.063
P2_tighten,349,1296691355,1296691354,0,1,1296691302,0x200101c5,-1.99006,-1.99008,2.2e-05,False,0.061
P2_tighten,350,1296691355,1296691354,0,1,1296691302,0x200100a8,-1.9963,-1.99632,2.2e-05,False,0.063
P2_tighten,351,1296691355,1296691354,0,1,1296691302,0x2000ff8b,-2.00257,-2.00257,0.0,False,0.063
P2_tighten,352,1296691355,1296691354,0,1,1296691302,0x2000fe72,-2.00878,-2.00883,4.4e-05,False,0.171
P2_tighten,353,1296691355,1296691355,0,1,1296691302,0x2000fd58,-2.01504,-2.01509,4.4e-05,False,0.223
P2_tighten,354,1296691356,1296691355,1,1,1296691302,0x2000fc40,-2.02128,-2.02133,4.5e-05,False,0.062
P2_tighten,355,1296691356,1296691355,0,1,1296691302,0x2000fb2d,-2.02744,-2.02751,6.7e-05,False,0.061
P2_tighten,356,1296691356,1296691355,0,1,1296691302,0x2000fa18,-2.03367,-2.03376,9e-05,False,0.059
P2_tighten,357,1296691356,1296691355,0,1,1296691302,0x2000f903,-2.03992,-2.04002,9.1e-05,False,0.169
P2_tighten,358,1296691356,1296691355,0,1,1296691302,0x2000f7f0,-2.04616,-2.04625,9.1e-05,False,0.063
P2_tighten,359,1296691356,1296691356,0,1,1296691302,0x2000f6de,-2.0524,-2.05252,0.000114,False,0.063
P2_tighten,360,1296691357,1296691356,1,1,1296691302,0x2000f5cd,-2.05865,-2.05876,0.000115,False,0.063
P2_tighten,361,1296691357,1296691356,0,1,1296691302,0x2000f4c1,-2.06481,-2.06494,0.000138,False,0.058
P2_tighten,362,1296691357,1296691356,0,1,1296691302,0x2000f3b2,-2.07106,-2.0712,0.000139,False,0.224
P2_tighten,363,1296691357,1296691356,0,1,1296691302,0x2000f2a5,-2.07729,-2.07743,0.000139,False,0.12
P2_tighten,364,1296691357,1296691356,0,1,1296691302,0x2000f198,-2.08356,-2.0837,0.00014,False,0.118
P2_tighten,365,1296691357,1296691357,0,1,1296691302,0x2000f08d,-2.0898,-2.08994,0.000141,False,0.224
P2_tighten,366,1296691358,1296691357,1,1,1296691302,0x2000ef83,-2.09604,-2.09618,0.000141,False,0.117
P2_tighten,367,1296691358,1296691357,0,1,1296691302,0x2000ee7d,-2.10222,-2.10236,0.000142,False,0.061
P2_tighten,368,1296691358,1296691357,0,1,1296691302,0x2000ed76,-2.10845,-2.10861,0.000166,False,0.161
P2_tighten,369,1296691358,1296691357,0,1,1296691302,0x2000ec6f,-2.1147,-2.11487,0.000167,False,0.063
P2_tighten,370,1296691358,1296691357,0,1,1296691302,0x2000eb69,-2.12096,-2.12113,0.000168,False,0.174
P2_tighten,371,1296691358,1296691358,0,1,1296691302,0x2000ea65,-2.1272,-2.12737,0.000168,False,0.213
P2_tighten,372,1296691359,1296691358,1,1,1296691302,0x2000e961,-2.13346,-2.13363,0.000169,False,0.061
P2_tighten,373,1296691359,1296691358,0,1,1296691302,0x2000e862,-2.13963,-2.1398,0.00017,False,0.281
P2_tighten,374,1296691359,1296691358,0,1,1296691302,0x2000e761,-2.14588,-2.14605,0.000171,False,0.222
P2_tighten,375,1296691359,1296691358,0,1,1296691302,0x2000e661,-2.15213,-2.1523,0.000171,False,0.115
P2_tighten,376,1296691359,1296691358,0,1,1296691302,0x2000e561,-2.15841,-2.15855,0.000147,False,0.283
P2_tighten,377,1296691359,1296691359,0,1,1296691302,0x2000e464,-2.16463,-2.16481,0.000173,False,0.062
P2_tighten,378,1296691360,1296691359,1,1,1296691302,0x2000e367,-2.17089,-2.17106,0.000173,False,0.061
P2_tighten,379,1296691360,1296691359,0,1,1296691302,0x2000e26e,-2.17708,-2.17722,0.000149,False,0.06
P2_tighten,380,1296691360,1296691359,0,1,1296691302,0x2000e173,-2.18334,-2.18349,0.00015,False,0.065
P2_tighten,381,1296691360,1296691359,0,1,1296691302,0x2000e07a,-2.18957,-2.18972,0.000151,False,0.228
P2_tighten,382,1296691360,1296691359,0,1,1296691302,0x2000df81,-2.19584,-2.19599,0.000151,False,0.063
P2_tighten,383,1296691360,1296691360,0,1,1296691302,0x2000de8a,-2.20208,-2.20223,0.000152,False,0.224
P2_tighten,384,1296691361,1296691360,1,1,1296691302,0x2000dd93,-2.20835,-2.20848,0.000127,False,0.275
P2_tighten,385,1296691361,1296691360,0,1,1296691302,0x2000dca0,-2.21454,-2.21467,0.000128,False,0.173
P2_tighten,386,1296691361,1296691360,0,1,1296691302,0x2000dbac,-2.22079,-2.22092,0.000128,False,0.224
P2_tighten,387,1296691361,1296691360,0,1,1296691302,0x2000dab9,-2.22704,-2.22716,0.000129,False,0.062
P2_tighten,388,1296691361,1296691360,0,1,1296691302,0x2000d9c6,-2.23331,-2.23341,0.000104,False,0.225
P2_tighten,389,1296691361,1296691361,0,1,1296691302,0x2000d8d6,-2.23953,-2.23966,0.00013,False,0.064
P2_tighten,390,1296691362,1296691361,1,1,1296691302,0x2000d7e5,-2.24581,-2.24592,0.000104,False,0.171
P2_tighten,391,1296691362,1296691361,0,1,1296691302,0x2000d6f9,-2.25199,-2.25209,0.000105,False,0.063
P2_tighten,392,1296691362,1296691361,0,1,1296691302,0x2000d60a,-2.25826,-2.25834,7.9e-05,False,0.281
P2_tighten,393,1296691362,1296691361,0,1,1296691302,0x2000d51e,-2.26449,-2.2646,0.000106,False,0.173
P2_tighten,394,1296691362,1296691361,0,1,1296691302,0x2000d431,-2.27077,-2.27085,8e-05,False,0.338
P2_tighten,395,1296691362,1296691362,0,1,1296691302,0x2000d347,-2.277,-2.27711,0.000107,False,0.281
P2_tighten,396,1296691363,1296691362,1,1,1296691302,0x2000d25c,-2.28328,-2.28334,5.4e-05,False,0.063
P2_tighten,397,1296691363,1296691362,0,1,1296691302,0x2000d176,-2.28946,-2.28954,8.1e-05,False,0.225
P2_tighten,398,1296691363,1296691362,0,1,1296691302,0x2000d08e,-2.29571,-2.29577,5.4e-05,False,0.063
P2_tighten,399,1296691363,1296691362,0,1,1296691302,0x2000cfa7,-2.30197,-2.30202,5.4e-05,False,0.062
P2_tighten,400,1296691363,1296691362,0,1,1296691302,0x2000cec1,-2.30822,-2.30828,5.5e-05,False,0.442
P2_tighten,401,1296691363,1296691363,0,1,1296691302,0x2000cddc,-2.31448,-2.31453,5.5e-05,False,0.272
P2_tighten,402,1296691364,1296691363,1,1,1296691302,0x2000ccf8,-2.32073,-2.32079,5.5e-05,False,0.548
P2_tighten,403,1296691364,1296691363,0,1,1296691302,0x2000cc17,-2.32693,-2.32696,2.8e-05,False,0.173
P2_tighten,404,1296691364,1296691363,0,1,1296691302,0x2000cb35,-2.33319,-2.33322,2.8e-05,False,0.063
P2_tighten,405,1296691364,1296691363,0,1,1296691302,0x2000ca54,-2.33944,-2.33947,2.8e-05,False,0.337
P2_tighten,406,1296691364,1296691363,0,1,1296691302,0x2000c974,-2.34569,-2.34572,2.8e-05,False,0.116
P2_tighten,407,1296691364,1296691364,0,1,1296691302,0x2000c894,-2.35197,-2.35195,-2.8e-05,False,0.063
P2_tighten,408,1296691365,1296691364,1,1,1296691302,0x2000c7b6,-2.35822,-2.3582,-2.8e-05,False,0.115
P2_tighten,409,1296691365,1296691364,0,1,1296691302,0x2000c6dc,-2.36439,-2.36439,0.0,False,0.551
P2_tighten,410,1296691365,1296691364,0,1,1296691302,0x2000c5ff,-2.37067,-2.37064,-2.8e-05,False,0.063
P2_tighten,411,1296691365,1296691364,0,1,1296691302,0x2000c524,-2.37691,-2.37688,-2.9e-05,False,0.228
P2_tighten,412,1296691365,1296691364,0,1,1296691302,0x2000c449,-2.38319,-2.38313,-5.7e-05,False,0.22
P2_tighten,413,1296691365,1296691365,0,1,1296691302,0x2000c370,-2.38943,-2.3894,-2.9e-05,False,0.063
P2_tighten,414,1296691366,1296691365,1,1,1296691302,0x2000c298,-2.39567,-2.39564,-2.9e-05,False,0.283
P2_tighten,415,1296691366,1296691365,0,1,1296691302,0x2000c1c2,-2.40188,-2.40183,-5.8e-05,False,0.437
P2_tighten,416,1296691366,1296691365,0,1,1296691302,0x2000c0ec,-2.40812,-2.40806,-5.8e-05,False,0.225
P2_tighten,417,1296691366,1296691365,0,1,1296691302,0x2000c016,-2.41439,-2.41433,-5.9e-05,False,0.279
P2_tighten,418,1296691366,1296691365,0,1,1296691302,0x2000bf41,-2.42065,-2.42056,-8.8e-05,False,0.064
P2_tighten,419,1296691366,1296691366,0,1,1296691302,0x2000be6d,-2.42691,-2.42682,-8.9e-05,False,0.557
P2_tighten,420,1296691367,1296691366,1,1,1296691302,0x2000bd9b,-2.43314,-2.43308,-5.9e-05,False,0.115
P2_tighten,421,1296691367,1296691366,0,1,1296691302,0x2000bccb,-2.43933,-2.43924,-9e-05,False,0.063
P2_tighten,422,1296691367,1296691366,0,1,1296691302,0x2000bbfa,-2.44559,-2.4455,-9e-05,False,0.335
P2_tighten,423,1296691367,1296691366,0,1,1296691302,0x2000bb2a,-2.45183,-2.45174,-9e-05,False,0.228
P2_tighten,424,1296691367,1296691366,0,1,1296691302,0x2000ba5b,-2.45808,-2.45799,-9.1e-05,False,0.06
P2_tighten,425,1296691367,1296691367,0,1,1296691302,0x2000b98c,-2.46435,-2.46426,-9.1e-05,False,0.664
P2_tighten,426,1296691368,1296691367,1,1,1296691302,0x2000b8bf,-2.47059,-2.4705,-9.2e-05,False,0.226
P2_tighten,427,1296691368,1296691367,0,1,1296691302,0x2000b7f5,-2.47677,-2.47668,-9.2e-05,False,0.117
P2_tighten,428,1296691368,1296691367,0,1,1296691302,0x2000b729,-2.48303,-2.48294,-9.2e-05,False,0.224
P2_tighten,429,1296691368,1296691367,0,1,1296691302,0x2000b65e,-2.48929,-2.48917,-0.000124,False,0.323
P2_tighten,430,1296691368,1296691367,0,1,1296691302,0x2000b594,-2.49555,-2.49542,-0.000124,False,0.115
P2_tighten,431,1296691368,1296691368,0,1,1296691302,0x2000b4cb,-2.5018,-2.50168,-0.000125,False,0.169
P2_tighten,432,1296691369,1296691368,1,1,1296691302,0x2000b403,-2.50805,-2.50792,-0.000125,False,0.116
P2_tighten,433,1296691369,1296691368,0,1,1296691302,0x2000b33e,-2.51423,-2.5141,-0.000126,False,0.063
P2_tighten,434,1296691369,1296691368,0,1,1296691302,0x2000b278,-2.52047,-2.52037,-9.5e-05,False,0.118
P2_tighten,435,1296691369,1296691368,0,1,1296691302,0x2000b1b2,-2.52673,-2.52661,-0.000127,False,0.174
P2_tighten,436,1296691369,1296691368,0,1,1296691302,0x2000b0ed,-2.53299,-2.53287,-0.000127,False,0.118
P2_tighten,437,1296691369,1296691369,0,1,1296691302,0x2000b029,-2.53925,-2.53912,-0.000128,False,0.114
P2_tighten,438,1296691370,1296691369,1,1,1296691302,0x2000af67,-2.54547,-2.54537,-9.6e-05,False,0.061
P2_tighten,439,1296691370,1296691369,0,1,1296691302,0x2000aea7,-2.55165,-2.55156,-9.7e-05,False,0.382
P2_tighten,440,1296691370,1296691369,0,1,1296691302,0x2000ade5,-2.55793,-2.5578,-0.00013,False,0.165
P2_tighten,441,1296691370,1296691369,0,1,1296691302,0x2000ad25,-2.56416,-2.56403,-0.00013,False,0.227
P2_tighten,442,1296691370,1296691369,0,1,1296691302,0x2000ac66,-2.57039,-2.57029,-9.8e-05,False,0.226
P2_tighten,443,1296691370,1296691370,0,1,1296691302,0x2000aba7,-2.57665,-2.57655,-9.8e-05,False,0.115
P2_tighten,444,1296691371,1296691370,1,1,1296691302,0x2000aae9,-2.5829,-2.5828,-9.9e-05,False,0.659
P2_tighten,445,1296691371,1296691370,0,1,1296691302,0x2000aa2e,-2.58908,-2.58898,-9.9e-05,False,0.063
P2_tighten,446,1296691371,1296691370,0,1,1296691302,0x2000a972,-2.59532,-2.59522,-0.0001,False,0.118
P2_tighten,447,1296691371,1296691370,0,1,1296691302,0x2000a8b6,-2.60158,-2.60148,-0.0001,False,0.169
P2_tighten,448,1296691371,1296691370,0,1,1296691302,0x2000a7fc,-2.60781,-2.60771,-0.000101,False,0.17
P2_tighten,449,1296691371,1296691371,0,1,1296691302,0x2000a742,-2.61406,-2.61396,-0.000101,False,0.174
P2_tighten,450,1296691372,1296691371,1,1,1296691302,0x2000a689,-2.62031,-2.62021,-0.000102,False,0.227
P2_tighten,451,1296691372,1296691371,0,1,1296691302,0x2000a5d3,-2.62648,-2.62642,-6.8e-05,False,0.063
P2_tighten,452,1296691372,1296691371,0,1,1296691302,0x2000a51b,-2.63275,-2.63265,-0.000102,False,0.169
P2_tighten,453,1296691372,1296691371,0,1,1296691302,0x2000a465,-2.63898,-2.63891,-6.9e-05,False,0.555
P2_tighten,454,1296691372,1296691371,0,1,1296691302,0x2000a3af,-2.64523,-2.64516,-6.9e-05,False,0.114
P2_tighten,455,1296691372,1296691372,0,1,1296691302,0x2000a2fa,-2.65147,-2.6514,-6.9e-05,False,0.059
P2_tighten,456,1296691373,1296691372,1,1,1296691302,0x2000a246,-2.65771,-2.65764,-6.9e-05,False,0.219
P2_tighten,457,1296691373,1296691372,0,1,1296691302,0x2000a194,-2.66391,-2.66384,-7e-05,False,0.448
P2_tighten,458,1296691373,1296691372,0,1,1296691302,0x2000a0e2,-2.67013,-2.67009,-3.5e-05,False,0.173
P2_tighten,459,1296691373,1296691372,0,1,1296691302,0x2000a030,-2.67638,-2.67634,-3.5e-05,False,0.329
P2_tighten,460,1296691373,1296691372,0,1,1296691302,0x20009f7f,-2.68262,-2.68258,-3.5e-05,False,0.059
P2_tighten,461,1296691373,1296691373,0,1,1296691302,0x20009ecf,-2.68885,-2.68885,0.0,False,0.174
P2_tighten,462,1296691374,1296691373,1,1,1296691302,0x20009e1f,-2.69511,-2.69507,-3.6e-05,False,0.06
P2_tighten,463,1296691374,1296691373,0,1,1296691302,0x20009d72,-2.70129,-2.70125,-3.6e-05,False,0.112
P2_tighten,464,1296691374,1296691373,0,1,1296691302,0x20009cc4,-2.70753,-2.70753,0.0,False,0.117
P2_tighten,465,1296691374,1296691373,0,1,1296691302,0x20009c17,-2.71376,-2.71376,0.0,False,0.433
P2_tighten,466,1296691374,1296691373,0,1,1296691302,0x20009b6a,-2.72002,-2.72002,0.0,False,0.169
P2_tighten,467,1296691374,1296691374,0,1,1296691302,0x20009abf,-2.72624,-2.72627,3.6e-05,False,0.064
P2_tighten,468,1296691375,1296691374,1,1,1296691302,0x20009a13,-2.73251,-2.73251,0.0,False,0.225
P2_tighten,469,1296691375,1296691374,0,1,1296691302,0x2000996b,-2.73867,-2.73871,3.7e-05,False,0.064
P2_tighten,470,1296691375,1296691374,0,1,1296691302,0x200098c2,-2.74489,-2.74497,7.4e-05,False,0.171
P2_tighten,471,1296691375,1296691374,0,1,1296691302,0x20009819,-2.75114,-2.75121,7.4e-05,False,0.338
P2_tighten,472,1296691375,1296691374,0,1,1296691302,0x20009771,-2.75738,-2.75745,7.4e-05,False,0.28
P2_tighten,473,1296691375,1296691375,0,1,1296691302,0x200096c9,-2.76364,-2.76368,3.7e-05,False,0.061
P2_tighten,474,1296691376,1296691375,1,1,1296691302,0x20009622,-2.7699,-2.76994,3.8e-05,False,0.173
P2_tighten,475,1296691376,1296691375,0,1,1296691302,0x2000957e,-2.77607,-2.77614,7.5e-05,False,0.117
P2_tighten,476,1296691376,1296691375,0,1,1296691302,0x200094d9,-2.7823,-2.78238,7.6e-05,False,0.064
P2_tighten,477,1296691376,1296691375,0,1,1296691302,0x20009435,-2.78852,-2.78864,0.000114,False,0.061
P2_tighten,478,1296691376,1296691375,0,1,1296691302,0x20009391,-2.79477,-2.79489,0.000115,False,0.06
P2_tighten,479,1296691376,1296691376,0,1,1296691302,0x200092ee,-2.80101,-2.80113,0.000115,False,0.117
P2_tighten,480,1296691377,1296691376,1,1,1296691302,0x2000924b,-2.80728,-2.80739,0.000116,False,0.223
P2_tighten,481,1296691377,1296691376,0,1,1296691302,0x200091ab,-2.81345,-2.81357,0.000116,False,0.168
P2_tighten,482,1296691377,1296691376,0,1,1296691302,0x2000910a,-2.8197,-2.81981,0.000117,False,0.06
P2_tighten,483,1296691377,1296691376,0,1,1296691302,0x2000906a,-2.82593,-2.82604,0.000117,False,0.063
P2_tighten,484,1296691377,1296691376,0,1,1296691302,0x20008fca,-2.83218,-2.8323,0.000118,False,0.224
P2_tighten,485,1296691377,1296691377,0,1,1296691302,0x20008f2b,-2.83843,-2.83855,0.000118,False,0.446
P2_tighten,486,1296691378,1296691377,1,1,1296691302,0x20008e8d,-2.84466,-2.84482,0.000158,False,0.277
P2_tighten,487,1296691378,1296691377,0,1,1296691302,0x20008df1,-2.85084,-2.851,0.000159,False,0.711
P2_tighten,488,1296691378,1296691377,0,1,1296691302,0x20008d54,-2.85709,-2.85725,0.00016,False,0.117
P2_tighten,489,1296691378,1296691377,0,1,1296691302,0x20008cb8,-2.86332,-2.86348,0.00016,False,0.489
P2_tighten,490,1296691378,1296691377,0,1,1296691302,0x20008c1c,-2.86958,-2.86975,0.000161,False,0.225
P2_tighten,491,1296691378,1296691378,0,1,1296691302,0x20008b81,-2.87583,-2.87599,0.000162,False,0.063
P2_tighten,492,1296691379,1296691378,1,1,1296691302,0x20008ae7,-2.88207,-2.88223,0.000162,False,0.112
P2_tighten,493,1296691379,1296691378,0,1,1296691302,0x20008a4f,-2.88825,-2.88841,0.000163,False,0.273
P2_tighten,494,1296691379,1296691378,0,1,1296691302,0x200089b6,-2.8945,-2.89466,0.000164,False,0.443
P2_tighten,495,1296691379,1296691378,0,1,1296691302,0x2000891d,-2.90077,-2.90093,0.000164,False,0.123
P2_tighten,496,1296691379,1296691378,0,1,1296691302,0x20008885,-2.90703,-2.90715,0.000124,False,0.491
P2_tighten,497,1296691379,1296691379,0,1,1296691302,0x200087ee,-2.91328,-2.91344,0.000166,False,0.23
P2_tighten,498,1296691380,1296691379,1,1,1296691302,0x20008758,-2.91951,-2.91968,0.000167,False,0.275
P2_tighten,499,1296691380,1296691379,0,1,1296691302,0x200086c4,-2.92569,-2.92585,0.000167,False,0.172
P2_tighten,500,1296691380,1296691379,0,1,1296691302,0x2000862e,-2.93197,-2.9321,0.000126,False,0.169
P2_tighten,501,1296691380,1296691379,0,1,1296691302,0x2000859a,-2.9382,-2.93837,0.000169,False,0.115
P2_tighten,502,1296691380,1296691379,0,1,1296691302,0x20008505,-2.9445,-2.94458,8.5e-05,False,0.114
P2_tighten,503,1296691380,1296691380,0,1,1296691302,0x20008472,-2.95074,-2.95087,0.000128,False,0.764
P2_tighten,504,1296691381,1296691380,1,1,1296691302,0x200083df,-2.95701,-2.9571,8.5e-05,False,0.063
P2_tighten,505,1296691381,1296691380,0,1,1296691302,0x2000834f,-2.96318,-2.96331,0.000129,False,0.064
P2_tighten,506,1296691381,1296691380,0,1,1296691302,0x200082bd,-2.96946,-2.96954,8.6e-05,False,0.064
P2_tighten,507,1296691381,1296691380,0,1,1296691302,0x2000822c,-2.97572,-2.97581,8.7e-05,False,0.171
P2_tighten,508,1296691381,1296691380,0,1,1296691302,0x2000819c,-2.98197,-2.98206,8.7e-05,False,0.063
P2_tighten,509,1296691381,1296691381,0,1,1296691302,0x2000810c,-2.98824,-2.98829,4.4e-05,False,0.063
P2_tighten,510,1296691382,1296691381,1,1,1296691302,0x2000807d,-2.9945,-2.99455,4.4e-05,False,0.063
P3_carrier,511,1296777702,1296691381,86320,86321,1296777702,0x1f7ff060,-3.00068,-3.00069,1.2e-05,False,0.063
P3_poststall,512,1296777702,1296691381,0,86321,1296777702,0x2003ffff,0.0,0.0,0.0,False,0.063
P3_poststall,513,1296777702,1296691381,0,86321,1296777702,0x2003ffff,0.0,0.0,0.0,False,0.063
P3_poststall,514,1296777702,1296691381,0,86321,1296777702,0x2003ffff,0.0,0.0,0.0,False,0.063
P3_poststall,515,1296777702,1296691382,0,86321,1296777702,0x2003ffff,0.0,0.0,0.0,False,0.058
P3_poststall,516,1296777702,1296777702,0,86320,1296777702,0x2003ffff,0.0,0.0,0.0,False,0.063
P3_poststall,517,1296777703,1296777702,1,1,1296777702,0x2003ffff,0.0,0.0,0.0,False,0.06
P3_poststall,518,1296777703,1296777702,0,1,1296777702,0x2003ffff,0.0,0.0,0.0,False,0.063
P3_poststall,519,1296777703,1296777702,0,1,1296777702,0x2003ffff,0.0,0.0,0.0,False,0.06
P3_poststall,520,1296777703,1296777702,0,1,1296777702,0x2003ffff,0.0,0.0,0.0,False,0.063
P3_poststall,521,1296777703,1296777702,0,1,1296777702,0x2003ffff,0.0,0.0,0.0,False,0.063
P3_poststall,522,1296777703,1296777703,0,1,1296777702,0x2003ffff,0.0,0.0,0.0,False,0.064
P3_poststall,523,1296777704,1296777703,1,1,1296777702,0x2003ffff,0.0,0.0,0.0,False,0.063
P3_poststall,524,1296777704,1296777703,0,1,1296777702,0x2003ffff,0.0,0.0,0.0,False,0.063
P3_poststall,525,1296777704,1296777703,0,1,1296777702,0x2003ffff,0.0,0.0,0.0,False,0.06
P3_poststall,526,1296777704,1296777703,0,1,1296777702,0x2003ffff,0.0,0.0,0.0,False,0.059
P3_poststall,527,1296777704,1296777703,0,1,1296777702,0x2003ffff,0.0,0.0,0.0,False,0.067
P3_poststall,528,1296777704,1296777704,0,1,1296777702,0x2003ffff,0.0,0.0,0.0,False,0.064
P3_poststall,529,1296777705,1296777704,1,1,1296777702,0x2003ffff,0.0,0.0,0.0,False,0.118
P3_poststall,530,1296777705,1296777704,0,1,1296777702,0x2003ffff,0.0,0.0,0.0,False,0.06
P3_poststall,531,1296777705,1296777704,0,1,1296777702,0x2003ffff,0.0,0.0,0.0,False,0.061
P3_poststall,532,1296777705,1296777704,0,1,1296777702,0x2003ffff,0.0,0.0,0.0,False,0.059
P3_poststall,533,1296777705,1296777704,0,1,1296777702,0x2003ffff,0.0,0.0,0.0,False,0.167
P3_poststall,534,1296777705,1296777705,0,1,1296777702,0x2003ffff,0.0,0.0,0.0,False,0.061
P3_poststall,535,1296777706,1296777705,1,1,1296777702,0x2003ffff,0.0,0.0,0.0,False,0.064
P3_poststall,536,1296777706,1296777705,0,1,1296777702,0x2003ffff,0.0,0.0,0.0,False,0.063
P3_poststall,537,1296777706,1296777705,0,1,1296777702,0x2003ffff,0.0,0.0,0.0,False,0.06
P3_poststall,538,1296777706,1296777705,0,1,1296777702,0x2003ffff,0.0,0.0,0.0,False,0.063
P3_poststall,539,1296777706,1296777705,0,1,1296777702,0x2003ffff,0.0,0.0,0.0,False,0.115
P3_poststall,540,1296777706,1296777706,0,1,1296777702,0x2003ffff,0.0,0.0,0.0,False,0.063
P3_poststall,541,1296777707,1296777706,1,1,1296777702,0x2003ffff,0.0,0.0,0.0,False,0.062
P3_poststall,542,1296777707,1296777706,0,1,1296777702,0x2003ffff,0.0,0.0,0.0,False,0.115
P3_poststall,543,1296777707,1296777706,0,1,1296777702,0x2003ffff,0.0,0.0,0.0,False,0.062
P3_poststall,544,1296777707,1296777706,0,1,1296777702,0x2003ffff,0.0,0.0,0.0,False,0.115
P3_poststall,545,1296777707,1296777706,0,1,1296777702,0x2003ffff,0.0,0.0,0.0,False,0.063
P3_poststall,546,1296777707,1296777707,0,1,1296777702,0x2003ffff,0.0,0.0,0.0,False,0.061
P3_poststall,547,1296777708,1296777707,1,1,1296777702,0x2003ffff,0.0,0.0,0.0,False,0.058
P3_poststall,548,1296777708,1296777707,0,1,1296777702,0x2003ffff,0.0,0.0,0.0,False,0.058
P3_poststall,549,1296777708,1296777707,0,1,1296777702,0x2003ffff,0.0,0.0,0.0,False,0.06
P3_poststall,550,1296777708,1296777707,0,1,1296777702,0x2003ffff,0.0,0.0,0.0,False,0.059
P3_poststall,551,1296777708,1296777707,0,1,1296777702,0x2003ffff,0.0,0.0,0.0,False,0.111
P3_poststall,552,1296777708,1296777708,0,1,1296777702,0x2003ffff,0.0,0.0,0.0,False,0.063
P3_poststall,553,1296777709,1296777708,1,1,1296777702,0x2003ffff,0.0,0.0,0.0,False,0.064
P3_poststall,554,1296777709,1296777708,0,1,1296777702,0x2003ffff,0.0,0.0,0.0,False,0.062
P3_poststall,555,1296777709,1296777708,0,1,1296777702,0x2003ffff,0.0,0.0,0.0,False,0.063
P3_poststall,556,1296777709,1296777708,0,1,1296777702,0x2003ffff,0.0,0.0,0.0,False,0.063
P3_poststall,557,1296777709,1296777708,0,1,1296777702,0x2003ffff,0.0,0.0,0.0,False,0.064
P3_poststall,558,1296777709,1296777709,0,1,1296777702,0x2003ffff,0.0,0.0,0.0,False,0.063
P3_poststall,559,1296777710,1296777709,1,1,1296777702,0x2003ffff,0.0,0.0,0.0,False,0.063
P3_poststall,560,1296777710,1296777709,0,1,1296777702,0x2003ffff,0.0,0.0,0.0,False,0.059
P3_poststall,561,1296777710,1296777709,0,1,1296777702,0x2003ffff,0.0,0.0,0.0,False,0.059
P3_poststall,562,1296777710,1296777709,0,1,1296777702,0x2003ffff,0.0,0.0,0.0,False,0.063
P3_poststall,563,1296777710,1296777709,0,1,1296777702,0x2003ffff,0.0,0.0,0.0,False,0.064
P3_poststall,564,1296777710,1296777710,0,1,1296777702,0x2003ffff,0.0,0.0,0.0,False,0.059
P3_poststall,565,1296777711,1296777710,1,1,1296777702,0x2003ffff,0.0,0.0,0.0,False,0.06
P3_poststall,566,1296777711,1296777710,0,1,1296777702,0x2003ffff,0.0,0.0,0.0,False,0.063
P3_poststall,567,1296777711,1296777710,0,1,1296777702,0x2003ffff,0.0,0.0,0.0,False,0.061
P3_poststall,568,1296777711,1296777710,0,1,1296777702,0x2003ffff,0.0,0.0,0.0,False,0.061
P3_poststall,569,1296777711,1296777710,0,1,1296777702,0x2003ffff,0.0,0.0,0.0,False,0.063
P3_poststall,570,1296777711,1296777711,0,1,1296777702,0x2003ffff,0.0,0.0,0.0,False,0.063
P3_poststall,571,1296777712,1296777711,1,1,1296777702,0x2003ffff,0.0,0.0,0.0,False,0.059
P3_poststall,572,1296777712,1296777711,0,1,1296777702,0x2003ffff,0.0,0.0,0.0,False,0.062
P3_poststall,573,1296777712,1296777711,0,1,1296777702,0x2003ffff,0.0,0.0,0.0,False,0.063
P3_poststall,574,1296777712,1296777711,0,1,1296777702,0x2003ffff,0.0,0.0,0.0,False,0.062
P3_poststall,575,1296777712,1296777711,0,1,1296777702,0x2003ffff,0.0,0.0,0.0,False,0.064
P3_poststall,576,1296777712,1296777712,0,1,1296777702,0x2003ffff,0.0,0.0,0.0,False,0.065
P3_poststall,577,1296777713,1296777712,1,1,1296777702,0x2003ffff,0.0,0.0,0.0,False,0.063
P3_poststall,578,1296777713,1296777712,0,1,1296777702,0x2003ffff,0.0,0.0,0.0,False,0.062
P3_poststall,579,1296777713,1296777712,0,1,1296777702,0x2003ffff,0.0,0.0,0.0,False,0.06
P3_poststall,580,1296777713,1296777712,0,1,1296777702,0x2003ffff,0.0,0.0,0.0,False,0.064
P3_poststall,581,1296777713,1296777712,0,1,1296777702,0x2003ffff,0.0,0.0,0.0,False,0.06
P3_poststall,582,1296777713,1296777713,0,1,1296777702,0x2003ffff,0.0,0.0,0.0,False,0.119
P3_poststall,583,1296777714,1296777713,1,1,1296777702,0x2003ffff,0.0,0.0,0.0,False,0.063
P3_poststall,584,1296777714,1296777713,0,1,1296777702,0x2003ffff,0.0,0.0,0.0,False,0.063
P3_poststall,585,1296777714,1296777713,0,1,1296777702,0x2003ffff,0.0,0.0,0.0,False,0.058
P3_poststall,586,1296777714,1296777713,0,1,1296777702,0x2003ffff,0.0,0.0,0.0,False,0.169
P3_poststall,587,1296777714,1296777713,0,1,1296777702,0x2003ffff,0.0,0.0,0.0,False,0.062
P3_poststall,588,1296777714,1296777714,0,1,1296777702,0x2003ffff,0.0,0.0,0.0,False,0.118
P3_poststall,589,1296777715,1296777714,1,1,1296777702,0x2003ffff,0.0,0.0,0.0,False,0.063
P3_poststall,590,1296777715,1296777714,0,1,1296777702,0x2003ffff,0.0,0.0,0.0,False,0.06
P3_poststall,591,1296777715,1296777714,0,1,1296777702,0x2003ffff,0.0,0.0,0.0,False,0.06
P3_poststall,592,1296777715,1296777714,0,1,1296777702,0x2003ffff,0.0,0.0,0.0,False,0.058
P3_poststall,593,1296777715,1296777714,0,1,1296777702,0x2003ffff,0.0,0.0,0.0,False,0.063
P3_poststall,594,1296777715,1296777715,0,1,1296777702,0x2003ffff,0.0,0.0,0.0,False,0.06
P3_poststall,595,1296777716,1296777715,1,1,1296777702,0x2003ffff,0.0,0.0,0.0,False,0.063
P3_poststall,596,1296777716,1296777715,0,1,1296777702,0x2003ffff,0.0,0.0,0.0,False,0.063
P3_poststall,597,1296777716,1296777715,0,1,1296777702,0x2003ffff,0.0,0.0,0.0,False,0.062
P3_poststall,598,1296777716,1296777715,0,1,1296777702,0x2003ffff,0.0,0.0,0.0,False,0.065
P3_poststall,599,1296777716,1296777715,0,1,1296777702,0x2003ffff,0.0,0.0,0.0,False,0.066
P3_poststall,600,1296777716,1296777716,0,1,1296777702,0x2003ffff,0.0,0.0,0.0,False,0.063
P3_poststall,601,1296777717,1296777716,1,1,1296777702,0x2003ffff,0.0,0.0,0.0,False,0.112
P3_poststall,602,1296777717,1296777716,0,1,1296777702,0x2003ffff,0.0,0.0,0.0,False,0.06
P3_poststall,603,1296777717,1296777716,0,1,1296777702,0x2003ffff,0.0,0.0,0.0,False,0.064
P3_poststall,604,1296777717,1296777716,0,1,1296777702,0x2003ffff,0.0,0.0,0.0,False,0.064
P3_poststall,605,1296777717,1296777716,0,1,1296777702,0x2003ffff,0.0,0.0,0.0,False,0.06
P3_poststall,606,1296777717,1296777717,0,1,1296777702,0x2003ffff,0.0,0.0,0.0,False,0.064
P3_poststall,607,1296777718,1296777717,1,1,1296777702,0x2003ffff,0.0,0.0,0.0,False,0.062
P3_poststall,608,1296777718,1296777717,0,1,1296777702,0x2003ffff,0.0,0.0,0.0,False,0.061
P3_poststall,609,1296777718,1296777717,0,1,1296777702,0x2003ffff,0.0,0.0,0.0,False,0.06
P3_poststall,610,1296777718,1296777717,0,1,1296777702,0x2003ffff,0.0,0.0,0.0,False,0.063
P3_poststall,611,1296777718,1296777717,0,1,1296777702,0x2003ffff,0.0,0.0,0.0,False,0.063
P3_poststall,612,1296777718,1296777718,0,1,1296777702,0x2003ffff,0.0,0.0,0.0,False,0.061
P3_poststall,613,1296777719,1296777718,1,1,1296777702,0x2003ffff,0.0,0.0,0.0,False,0.064
P3_poststall,614,1296777719,1296777718,0,1,1296777702,0x2003ffff,0.0,0.0,0.0,False,0.06
P3_poststall,615,1296777719,1296777718,0,1,1296777702,0x2003ffff,0.0,0.0,0.0,False,0.115
P3_poststall,616,1296777719,1296777718,0,1,1296777702,0x2003ffff,0.0,0.0,0.0,False,0.064
P3_poststall,617,1296777719,1296777718,0,1,1296777702,0x2003ffff,0.0,0.0,0.0,False,0.063
P3_poststall,618,1296777719,1296777719,0,1,1296777702,0x2003ffff,0.0,0.0,0.0,False,0.063
P3_poststall,619,1296777720,1296777719,1,1,1296777702,0x2003ffff,0.0,0.0,0.0,False,0.064
P3_poststall,620,1296777720,1296777719,0,1,1296777702,0x2003ffff,0.0,0.0,0.0,False,0.115
P3_poststall,621,1296777720,1296777719,0,1,1296777702,0x2003ffff,0.0,0.0,0.0,False,0.065
P3_poststall,622,1296777720,1296777719,0,1,1296777702,0x2003ffff,0.0,0.0,0.0,False,0.064
P3_poststall,623,1296777720,1296777719,0,1,1296777702,0x2003ffff,0.0,0.0,0.0,False,0.063
P3_poststall,624,1296777720,1296777720,0,1,1296777702,0x2003ffff,0.0,0.0,0.0,False,0.061
P3_poststall,625,1296777721,1296777720,1,1,1296777702,0x2003ffff,0.0,0.0,0.0,False,0.063
P3_poststall,626,1296777721,1296777720,0,1,1296777702,0x2003ffff,0.0,0.0,0.0,False,0.063
P3_poststall,627,1296777721,1296777720,0,1,1296777702,0x2003ffff,0.0,0.0,0.0,False,0.063
P3_poststall,628,1296777721,1296777720,0,1,1296777702,0x2003ffff,0.0,0.0,0.0,False,0.063
P3_poststall,629,1296777721,1296777720,0,1,1296777702,0x2003ffff,0.0,0.0,0.0,False,0.063
P3_poststall,630,1296777721,1296777721,0,1,1296777702,0x2003ffff,0.0,0.0,0.0,False,0.168
P3_poststall,631,1296777722,1296777721,1,1,1296777702,0x2003ffff,0.0,0.0,0.0,False,0.061
P3_poststall,632,1296777722,1296777721,0,1,1296777702,0x2003ffff,0.0,0.0,0.0,False,0.062
P3_poststall,633,1296777722,1296777721,0,1,1296777702,0x2003ffff,0.0,0.0,0.0,False,0.063
P3_poststall,634,1296777722,1296777721,0,1,1296777702,0x2003ffff,0.0,0.0,0.0,False,0.059
P3_poststall,635,1296777722,1296777721,0,1,1296777702,0x2003ffff,0.0,0.0,0.0,False,0.063
P3_poststall,636,1296777722,1296777722,0,1,1296777702,0x2003ffff,0.0,0.0,0.0,False,0.06
P3_poststall,637,1296777723,1296777722,1,1,1296777702,0x2003ffff,0.0,0.0,0.0,False,0.06
P3_poststall,638,1296777723,1296777722,0,1,1296777702,0x2003ffff,0.0,0.0,0.0,False,0.115
P3_poststall,639,1296777723,1296777722,0,1,1296777702,0x2003ffff,0.0,0.0,0.0,False,0.063
P3_poststall,640,1296777723,1296777722,0,1,1296777702,0x2003ffff,0.0,0.0,0.0,False,0.064
P3_poststall,641,1296777723,1296777722,0,1,1296777702,0x2003ffff,0.0,0.0,0.0,False,0.06
P3_poststall,642,1296777723,1296777723,0,1,1296777702,0x2003ffff,0.0,0.0,0.0,False,0.061
P3_poststall,643,1296777724,1296777723,1,1,1296777702,0x2003ffff,0.0,0.0,0.0,False,0.063
P3_poststall,644,1296777724,1296777723,0,1,1296777702,0x2003ffff,0.0,0.0,0.0,False,0.065
P3_poststall,645,1296777724,1296777723,0,1,1296777702,0x2003ffff,0.0,0.0,0.0,False,0.063
P3_poststall,646,1296777724,1296777723,0,1,1296777702,0x2003ffff,0.0,0.0,0.0,False,0.063
P3_poststall,647,1296777724,1296777723,0,1,1296777702,0x2003ffff,0.0,0.0,0.0,False,0.06
P3_poststall,648,1296777724,1296777724,0,1,1296777702,0x2003ffff,0.0,0.0,0.0,False,0.065
P3_poststall,649,1296777725,1296777724,1,1,1296777702,0x2003ffff,0.0,0.0,0.0,False,0.064
P3_poststall,650,1296777725,1296777724,0,1,1296777702,0x2003ffff,0.0,0.0,0.0,False,0.065
P3_poststall,651,1296777725,1296777724,0,1,1296777702,0x2003ffff,0.0,0.0,0.0,False,0.066
P3_poststall,652,1296777725,1296777724,0,1,1296777702,0x2003ffff,0.0,0.0,0.0,False,0.064
P3_poststall,653,1296777725,1296777724,0,1,1296777702,0x2003ffff,0.0,0.0,0.0,False,0.059
P3_poststall,654,1296777725,1296777725,0,1,1296777702,0x2003ffff,0.0,0.0,0.0,False,0.059
P3_poststall,655,1296777726,1296777725,1,1,1296777702,0x2003ffff,0.0,0.0,0.0,False,0.062
P3_poststall,656,1296777726,1296777725,0,1,1296777702,0x2003ffff,0.0,0.0,0.0,False,0.064
P3_poststall,657,1296777726,1296777725,0,1,1296777702,0x2003ffff,0.0,0.0,0.0,False,0.063
P3_poststall,658,1296777726,1296777725,0,1,1296777702,0x2003ffff,0.0,0.0,0.0,False,0.062
P3_poststall,659,1296777726,1296777725,0,1,1296777702,0x2003ffff,0.0,0.0,0.0,False,0.063
P3_poststall,660,1296777726,1296777726,0,1,1296777702,0x2003ffff,0.0,0.0,0.0,False,0.062
P3_poststall,661,1296777727,1296777726,1,1,1296777702,0x2003ffff,0.0,0.0,0.0,False,0.063
P3_poststall,662,1296777727,1296777726,0,1,1296777702,0x2003ffff,0.0,0.0,0.0,False,0.061
P3_poststall,663,1296777727,1296777726,0,1,1296777702,0x2003ffff,0.0,0.0,0.0,False,0.068
P3_poststall,664,1296777727,1296777726,0,1,1296777702,0x2003ffff,0.0,0.0,0.0,False,0.059
P3_poststall,665,1296777727,1296777726,0,1,1296777702,0x2003ffff,0.0,0.0,0.0,False,0.065
P3_poststall,666,1296777727,1296777727,0,1,1296777702,0x2003ffff,0.0,0.0,0.0,False,0.061
P3_poststall,667,1296777728,1296777727,1,1,1296777702,0x2003ffff,0.0,0.0,0.0,False,0.062
P3_poststall,668,1296777728,1296777727,0,1,1296777702,0x2003ffff,0.0,0.0,0.0,False,0.064
P3_poststall,669,1296777728,1296777727,0,1,1296777702,0x2003ffff,0.0,0.0,0.0,False,0.114
P3_poststall,670,1296777728,1296777727,0,1,1296777702,0x2003ffff,0.0,0.0,0.0,False,0.062
P3_poststall,671,1296777728,1296777727,0,1,1296777702,0x2003ffff,0.0,0.0,0.0,False,0.06
P3_poststall,672,1296777728,1296777728,0,1,1296777702,0x2003ffff,0.0,0.0,0.0,False,0.063
P3_poststall,673,1296777729,1296777728,1,1,1296777702,0x2003ffff,0.0,0.0,0.0,False,0.064
P3_poststall,674,1296777729,1296777728,0,1,1296777702,0x2003ffff,0.0,0.0,0.0,False,0.062
P3_poststall,675,1296777729,1296777728,0,1,1296777702,0x2003ffff,0.0,0.0,0.0,False,0.063
P3_poststall,676,1296777729,1296777728,0,1,1296777702,0x2003ffff,0.0,0.0,0.0,False,0.06
P3_poststall,677,1296777729,1296777728,0,1,1296777702,0x2003ffff,0.0,0.0,0.0,False,0.064
P3_poststall,678,1296777729,1296777729,0,1,1296777702,0x2003ffff,0.0,0.0,0.0,False,0.064
P3_poststall,679,1296777730,1296777729,1,1,1296777702,0x2003ffff,0.0,0.0,0.0,False,0.115
P3_poststall,680,1296777730,1296777729,0,1,1296777702,0x2003ffff,0.0,0.0,0.0,False,0.062
P3_poststall,681,1296777730,1296777729,0,1,1296777702,0x2003ffff,0.0,0.0,0.0,False,0.063
P3_poststall,682,1296777730,1296777729,0,1,1296777702,0x2003ffff,0.0,0.0,0.0,False,0.063
P3_poststall,683,1296777730,1296777729,0,1,1296777702,0x2003ffff,0.0,0.0,0.0,False,0.063
P3_poststall,684,1296777730,1296777730,0,1,1296777702,0x2003ffff,0.0,0.0,0.0,False,0.06
P3_poststall,685,1296777731,1296777730,1,1,1296777702,0x2003ffff,0.0,0.0,0.0,False,0.058
P3_poststall,686,1296777731,1296777730,0,1,1296777702,0x2003ffff,0.0,0.0,0.0,False,0.057
P3_poststall,687,1296777731,1296777730,0,1,1296777702,0x2003ffff,0.0,0.0,0.0,False,0.063
P3_poststall,688,1296777731,1296777730,0,1,1296777702,0x2003ffff,0.0,0.0,0.0,False,0.063
P3_poststall,689,1296777731,1296777730,0,1,1296777702,0x2003ffff,0.0,0.0,0.0,False,0.117
P3_poststall,690,1296777731,1296777731,0,1,1296777702,0x2003ffff,0.0,0.0,0.0,False,0.066
P3_poststall,691,1296777732,1296777731,1,1,1296777702,0x2003ffff,0.0,0.0,0.0,False,0.063
P3_poststall,692,1296777732,1296777731,0,1,1296777702,0x2003ffff,0.0,0.0,0.0,False,0.063
P3_poststall,693,1296777732,1296777731,0,1,1296777702,0x2003ffff,0.0,0.0,0.0,False,0.064
P3_poststall,694,1296777732,1296777731,0,1,1296777702,0x2003ffff,0.0,0.0,0.0,False,0.064
P3_poststall,695,1296777732,1296777731,0,1,1296777702,0x2003ffff,0.0,0.0,0.0,False,0.061
P3_poststall,696,1296777732,1296777732,0,1,1296777702,0x2003ffff,0.0,0.0,0.0,False,0.063
P3_poststall,697,1296777733,1296777732,1,1,1296777702,0x2003ffff,0.0,0.0,0.0,False,0.062
P3_poststall,698,1296777733,1296777732,0,1,1296777702,0x2003ffff,0.0,0.0,0.0,False,0.064
P3_poststall,699,1296777733,1296777732,0,1,1296777702,0x2003ffff,0.0,0.0,0.0,False,0.063
P3_poststall,700,1296777733,1296777732,0,1,1296777702,0x2003ffff,0.0,0.0,0.0,False,0.063
P3_poststall,701,1296777733,1296777732,0,1,1296777702,0x2003ffff,0.0,0.0,0.0,False,0.063
P3_poststall,702,1296777733,1296777733,0,1,1296777702,0x2003ffff,0.0,0.0,0.0,False,0.064
P3_poststall,703,1296777734,1296777733,1,1,1296777702,0x2003ffff,0.0,0.0,0.0,False,0.119
P3_poststall,704,1296777734,1296777733,0,1,1296777702,0x2003ffff,0.0,0.0,0.0,False,0.066
P3_poststall,705,1296777734,1296777733,0,1,1296777702,0x2003ffff,0.0,0.0,0.0,False,0.063
P3_poststall,706,1296777734,1296777733,0,1,1296777702,0x2003ffff,0.0,0.0,0.0,False,0.063
P3_poststall,707,1296777734,1296777733,0,1,1296777702,0x2003ffff,0.0,0.0,0.0,False,0.063
P3_poststall,708,1296777734,1296777734,0,1,1296777702,0x2003ffff,0.0,0.0,0.0,False,0.059
P3_poststall,709,1296777735,1296777734,1,1,1296777702,0x2003ffff,0.0,0.0,0.0,False,0.17
P3_poststall,710,1296777735,1296777734,0,1,1296777702,0x2003ffff,0.0,0.0,0.0,False,0.059
P3_poststall,711,1296777735,1296777734,0,1,1296777702,0x2003ffff,0.0,0.0,0.0,False,0.06
P3_poststall,712,1296777735,1296777734,0,1,1296777702,0x2003ffff,0.0,0.0,0.0,False,0.062
P3_poststall,713,1296777735,1296777734,0,1,1296777702,0x2003ffff,0.0,0.0,0.0,False,0.119
P3_poststall,714,1296777735,1296777735,0,1,1296777702,0x2003ffff,0.0,0.0,0.0,False,0.064
P3_poststall,715,1296777736,1296777735,1,1,1296777702,0x2003ffff,0.0,0.0,0.0,False,0.061
P3_poststall,716,1296777736,1296777735,0,1,1296777702,0x2003ffff,0.0,0.0,0.0,False,0.06
P3_poststall,717,1296777736,1296777735,0,1,1296777702,0x2003ffff,0.0,0.0,0.0,False,0.063
P3_poststall,718,1296777736,1296777735,0,1,1296777702,0x2003ffff,0.0,0.0,0.0,False,0.119
P3_poststall,719,1296777736,1296777735,0,1,1296777702,0x2003ffff,0.0,0.0,0.0,False,0.066
P3_poststall,720,1296777736,1296777736,0,1,1296777702,0x2003ffff,0.0,0.0,0.0,False,0.064
P3_poststall,721,1296777737,1296777736,1,1,1296777702,0x2003ffff,0.0,0.0,0.0,False,0.063
P3_poststall,722,1296777737,1296777736,0,1,1296777702,0x2003ffff,0.0,0.0,0.0,False,0.117
P3_poststall,723,1296777737,1296777736,0,1,1296777702,0x2003ffff,0.0,0.0,0.0,False,0.064
P3_poststall,724,1296777737,1296777736,0,1,1296777702,0x2003ffff,0.0,0.0,0.0,False,0.065
P3_poststall,725,1296777737,1296777736,0,1,1296777702,0x2003ffff,0.0,0.0,0.0,False,0.065
P3_poststall,726,1296777737,1296777737,0,1,1296777702,0x2003ffff,0.0,0.0,0.0,False,0.064
P3_poststall,727,1296777738,1296777737,1,1,1296777702,0x2003ffff,0.0,0.0,0.0,False,0.061
P3_poststall,728,1296777738,1296777737,0,1,1296777702,0x2003ffff,0.0,0.0,0.0,False,0.06
P3_poststall,729,1296777738,1296777737,0,1,1296777702,0x2003ffff,0.0,0.0,0.0,False,0.059
P3_poststall,730,1296777738,1296777737,0,1,1296777702,0x2003ffff,0.0,0.0,0.0,False,0.062
P3_poststall,731,1296777738,1296777737,0,1,1296777702,0x2003ffff,0.0,0.0,0.0,False,0.064
P3_poststall,732,1296777738,1296777738,0,1,1296777702,0x2003ffff,0.0,0.0,0.0,False,0.063
P3_poststall,733,1296777739,1296777738,1,1,1296777702,0x2003ffff,0.0,0.0,0.0,False,0.064
P3_poststall,734,1296777739,1296777738,0,1,1296777702,0x2003ffff,0.0,0.0,0.0,False,0.065
P3_poststall,735,1296777739,1296777738,0,1,1296777702,0x2003ffff,0.0,0.0,0.0,False,0.063
P3_poststall,736,1296777739,1296777738,0,1,1296777702,0x2003ffff,0.0,0.0,0.0,False,0.063
P3_poststall,737,1296777739,1296777738,0,1,1296777702,0x2003ffff,0.0,0.0,0.0,False,0.066
P3_poststall,738,1296777739,1296777739,0,1,1296777702,0x2003ffff,0.0,0.0,0.0,False,0.062
P3_poststall,739,1296777740,1296777739,1,1,1296777702,0x2003ffff,0.0,0.0,0.0,False,0.119
P3_poststall,740,1296777740,1296777739,0,1,1296777702,0x2003ffff,0.0,0.0,0.0,False,0.063
P3_poststall,741,1296777740,1296777739,0,1,1296777702,0x2003ffff,0.0,0.0,0.0,False,0.066
P3_poststall,742,1296777740,1296777739,0,1,1296777702,0x2003ffff,0.0,0.0,0.0,False,0.065
P3_poststall,743,1296777740,1296777739,0,1,1296777702,0x2003ffff,0.0,0.0,0.0,False,0.064
P3_poststall,744,1296777740,1296777740,0,1,1296777702,0x2003ffff,0.0,0.0,0.0,False,0.064
P3_poststall,745,1296777741,1296777740,1,1,1296777702,0x2003ffff,0.0,0.0,0.0,False,0.064
P3_poststall,746,1296777741,1296777740,0,1,1296777702,0x2003ffff,0.0,0.0,0.0,False,0.061
P3_poststall,747,1296777741,1296777740,0,1,1296777702,0x2003ffff,0.0,0.0,0.0,False,0.112
P3_poststall,748,1296777741,1296777740,0,1,1296777702,0x2003ffff,0.0,0.0,0.0,False,0.066
P3_poststall,749,1296777741,1296777740,0,1,1296777702,0x2003ffff,0.0,0.0,0.0,False,0.064
P3_poststall,750,1296777741,1296777741,0,1,1296777702,0x2003ffff,0.0,0.0,0.0,False,0.063
P3_poststall,751,1296777742,1296777741,1,1,1296777702,0x2003ffff,0.0,0.0,0.0,False,0.116
P3_poststall,752,1296777742,1296777741,0,1,1296777702,0x2003ffff,0.0,0.0,0.0,False,0.062
P3_poststall,753,1296777742,1296777741,0,1,1296777702,0x2003ffff,0.0,0.0,0.0,False,0.066
P3_poststall,754,1296777742,1296777741,0,1,1296777702,0x2003ffff,0.0,0.0,0.0,False,0.062
P3_poststall,755,1296777742,1296777741,0,1,1296777702,0x2003ffff,0.0,0.0,0.0,False,0.064
P3_poststall,756,1296777742,1296777742,0,1,1296777702,0x2003ffff,0.0,0.0,0.0,False,0.06
P3_poststall,757,1296777743,1296777742,1,1,1296777702,0x2003ffff,0.0,0.0,0.0,False,0.065
P3_poststall,758,1296777743,1296777742,0,1,1296777702,0x2003ffff,0.0,0.0,0.0,False,0.063
P3_poststall,759,1296777743,1296777742,0,1,1296777702,0x2003ffff,0.0,0.0,0.0,False,0.058
P3_poststall,760,1296777743,1296777742,0,1,1296777702,0x2003ffff,0.0,0.0,0.0,False,0.063
P3_poststall,761,1296777743,1296777742,0,1,1296777702,0x2003ffff,0.0,0.0,0.0,False,0.063
P3_poststall,762,1296777743,1296777743,0,1,1296777702,0x2003ffff,0.0,0.0,0.0,False,0.059
P3_poststall,763,1296777744,1296777743,1,1,1296777702,0x2003ffff,0.0,0.0,0.0,False,0.064
P3_poststall,764,1296777744,1296777743,0,1,1296777702,0x2003ffff,0.0,0.0,0.0,False,0.063
P3_poststall,765,1296777744,1296777743,0,1,1296777702,0x2003ffff,0.0,0.0,0.0,False,0.063
P3_poststall,766,1296777744,1296777743,0,1,1296777702,0x2003ffff,0.0,0.0,0.0,False,0.119
P3_poststall,767,1296777744,1296777743,0,1,1296777702,0x2003ffff,0.0,0.0,0.0,False,0.059
P3_poststall,768,1296777744,1296777744,0,1,1296777702,0x2003ffff,0.0,0.0,0.0,False,0.067
P3_poststall,769,1296777745,1296777744,1,1,1296777702,0x2003ffff,0.0,0.0,0.0,False,0.062
P3_poststall,770,1296777745,1296777744,0,1,1296777702,0x2003ffff,0.0,0.0,0.0,False,0.064
P3_poststall,771,1296777745,1296777744,0,1,1296777702,0x2003ffff,0.0,0.0,0.0,False,0.063
P3_poststall,772,1296777745,1296777744,0,1,1296777702,0x2003ffff,0.0,0.0,0.0,False,0.06
P3_poststall,773,1296777745,1296777744,0,1,1296777702,0x2003ffff,0.0,0.0,0.0,False,0.058
P3_poststall,774,1296777745,1296777745,0,1,1296777702,0x2003ffff,0.0,0.0,0.0,False,0.115
P3_poststall,775,1296777746,1296777745,1,1,1296777702,0x2003ffff,0.0,0.0,0.0,False,0.063
P3_poststall,776,1296777746,1296777745,0,1,1296777702,0x2003ffff,0.0,0.0,0.0,False,0.064
P3_poststall,777,1296777746,1296777745,0,1,1296777702,0x2003ffff,0.0,0.0,0.0,False,0.06
P3_poststall,778,1296777746,1296777745,0,1,1296777702,0x2003ffff,0.0,0.0,0.0,False,0.059
P3_poststall,779,1296777746,1296777745,0,1,1296777702,0x2003ffff,0.0,0.0,0.0,False,0.06
P3_poststall,780,1296777746,1296777746,0,1,1296777702,0x2003ffff,0.0,0.0,0.0,False,0.063
P3_poststall,781,1296777747,1296777746,1,1,1296777702,0x2003ffff,0.0,0.0,0.0,False,0.061
P3_poststall,782,1296777747,1296777746,0,1,1296777702,0x2003ffff,0.0,0.0,0.0,False,0.061
P3_poststall,783,1296777747,1296777746,0,1,1296777702,0x2003ffff,0.0,0.0,0.0,False,0.063
P3_poststall,784,1296777747,1296777746,0,1,1296777702,0x2003ffff,0.0,0.0,0.0,False,0.061
P3_poststall,785,1296777747,1296777746,0,1,1296777702,0x2003ffff,0.0,0.0,0.0,False,0.059
P3_poststall,786,1296777747,1296777747,0,1,1296777702,0x2003ffff,0.0,0.0,0.0,False,0.064
P3_poststall,787,1296777748,1296777747,1,1,1296777702,0x2003ffff,0.0,0.0,0.0,False,0.063
P3_poststall,788,1296777748,1296777747,0,1,1296777702,0x2003ffff,0.0,0.0,0.0,False,0.064
P3_poststall,789,1296777748,1296777747,0,1,1296777702,0x2003ffff,0.0,0.0,0.0,False,0.063
P3_poststall,790,1296777748,1296777747,0,1,1296777702,0x2003ffff,0.0,0.0,0.0,False,0.059
P3_poststall,791,1296777748,1296777747,0,1,1296777702,0x2003ffff,0.0,0.0,0.0,False,0.059
P3_poststall,792,1296777748,1296777748,0,1,1296777702,0x2003ffff,0.0,0.0,0.0,False,0.063
P3_poststall,793,1296777749,1296777748,1,1,1296777702,0x2003ffff,0.0,0.0,0.0,False,0.063
P3_poststall,794,1296777749,1296777748,0,1,1296777702,0x2003ffff,0.0,0.0,0.0,False,0.063
P3_poststall,795,1296777749,1296777748,0,1,1296777702,0x2003ffff,0.0,0.0,0.0,False,0.06
P3_poststall,796,1296777749,1296777748,0,1,1296777702,0x2003ffff,0.0,0.0,0.0,False,0.114
P3_poststall,797,1296777749,1296777748,0,1,1296777702,0x2003ffff,0.0,0.0,0.0,False,0.063
P3_poststall,798,1296777749,1296777749,0,1,1296777702,0x2003ffff,0.0,0.0,0.0,False,0.062
P3_poststall,799,1296777750,1296777749,1,1,1296777702,0x2003ffff,0.0,0.0,0.0,False,0.06
P3_poststall,800,1296777750,1296777749,0,1,1296777702,0x2003ffff,0.0,0.0,0.0,False,0.063
P3_poststall,801,1296777750,1296777749,0,1,1296777702,0x2003ffff,0.0,0.0,0.0,False,0.063
P3_poststall,802,1296777750,1296777749,0,1,1296777702,0x2003ffff,0.0,0.0,0.0,False,0.06
P3_poststall,803,1296777750,1296777749,0,1,1296777702,0x2003ffff,0.0,0.0,0.0,False,0.063
P3_poststall,804,1296777750,1296777750,0,1,1296777702,0x2003ffff,0.0,0.0,0.0,False,0.063
P3_poststall,805,1296777751,1296777750,1,1,1296777702,0x2003ffff,0.0,0.0,0.0,False,0.117
P3_poststall,806,1296777751,1296777750,0,1,1296777702,0x2003ffff,0.0,0.0,0.0,False,0.062
P3_poststall,807,1296777751,1296777750,0,1,1296777702,0x2003ffff,0.0,0.0,0.0,False,0.066
P3_poststall,808,1296777751,1296777750,0,1,1296777702,0x2003ffff,0.0,0.0,0.0,False,0.064
P3_poststall,809,1296777751,1296777750,0,1,1296777702,0x2003ffff,0.0,0.0,0.0,False,0.064
P3_poststall,810,1296777751,1296777751,0,1,1296777702,0x2003ffff,0.0,0.0,0.0,False,0.064
P3_poststall,811,1296777752,1296777751,1,1,1296777702,0x2003ffff,0.0,0.0,0.0,False,0.062
P3_poststall,812,1296777752,1296777751,0,1,1296777702,0x2003ffff,0.0,0.0,0.0,False,0.064
P3_poststall,813,1296777752,1296777751,0,1,1296777702,0x2003ffff,0.0,0.0,0.0,False,0.064
P3_poststall,814,1296777752,1296777751,0,1,1296777702,0x2003ffff,0.0,0.0,0.0,False,0.062
P3_poststall,815,1296777752,1296777751,0,1,1296777702,0x2003ffff,0.0,0.0,0.0,False,0.059
P3_poststall,816,1296777752,1296777752,0,1,1296777702,0x2003ffff,0.0,0.0,0.0,False,0.064
P3_poststall,817,1296777753,1296777752,1,1,1296777702,0x2003ffff,0.0,0.0,0.0,False,0.064
P3_poststall,818,1296777753,1296777752,0,1,1296777702,0x2003ffff,0.0,0.0,0.0,False,0.064
P3_poststall,819,1296777753,1296777752,0,1,1296777702,0x2003ffff,0.0,0.0,0.0,False,0.068
P3_poststall,820,1296777753,1296777752,0,1,1296777702,0x2003ffff,0.0,0.0,0.0,False,0.065
P3_poststall,821,1296777753,1296777752,0,1,1296777702,0x2003ffff,0.0,0.0,0.0,False,0.063
P3_poststall,822,1296777753,1296777753,0,1,1296777702,0x2003ffff,0.0,0.0,0.0,False,0.066
P3_poststall,823,1296777754,1296777753,1,1,1296777702,0x2003ffff,0.0,0.0,0.0,False,0.066
P3_poststall,824,1296777754,1296777753,0,1,1296777702,0x2003ffff,0.0,0.0,0.0,False,0.06
P3_poststall,825,1296777754,1296777753,0,1,1296777702,0x2003ffff,0.0,0.0,0.0,False,0.06
P3_poststall,826,1296777754,1296777753,0,1,1296777702,0x2003ffff,0.0,0.0,0.0,False,0.06
P3_poststall,827,1296777754,1296777753,0,1,1296777702,0x2003ffff,0.0,0.0,0.0,False,0.067
P3_poststall,828,1296777754,1296777754,0,1,1296777702,0x2003ffff,0.0,0.0,0.0,False,0.064
P3_poststall,829,1296777755,1296777754,1,1,1296777702,0x2003ffff,0.0,0.0,0.0,False,0.064
P3_poststall,830,1296777755,1296777754,0,1,1296777702,0x2003ffff,0.0,0.0,0.0,False,0.065
P3_poststall,831,1296777755,1296777754,0,1,1296777702,0x2003ffff,0.0,0.0,0.0,False,0.061
P3_poststall,832,1296777755,1296777754,0,1,1296777702,0x2003ffff,0.0,0.0,0.0,False,0.219
P3_poststall,833,1296777755,1296777754,0,1,1296777702,0x2003ffff,0.0,0.0,0.0,False,0.063
P3_poststall,834,1296777755,1296777755,0,1,1296777702,0x2003ffff,0.0,0.0,0.0,False,0.064
P3_poststall,835,1296777756,1296777755,1,1,1296777702,0x2003ffff,0.0,0.0,0.0,False,0.063
P3_poststall,836,1296777756,1296777755,0,1,1296777702,0x2003ffff,0.0,0.0,0.0,False,0.059
P3_poststall,837,1296777756,1296777755,0,1,1296777702,0x2003ffff,0.0,0.0,0.0,False,0.062
P3_poststall,838,1296777756,1296777755,0,1,1296777702,0x2003ffff,0.0,0.0,0.0,False,0.06
P3_poststall,839,1296777756,1296777755,0,1,1296777702,0x2003ffff,0.0,0.0,0.0,False,0.063
P3_poststall,840,1296777756,1296777756,0,1,1296777702,0x2003ffff,0.0,0.0,0.0,False,0.062
P3_poststall,841,1296777757,1296777756,1,1,1296777702,0x2003ffff,0.0,0.0,0.0,False,0.063
P3_poststall,842,1296777757,1296777756,0,1,1296777702,0x2003ffff,0.0,0.0,0.0,False,0.064
P3_poststall,843,1296777757,1296777756,0,1,1296777702,0x2003ffff,0.0,0.0,0.0,False,0.061
P3_poststall,844,1296777757,1296777756,0,1,1296777702,0x2003ffff,0.0,0.0,0.0,False,0.064
P3_poststall,845,1296777757,1296777756,0,1,1296777702,0x2003ffff,0.0,0.0,0.0,False,0.063
P3_poststall,846,1296777757,1296777757,0,1,1296777702,0x2003ffff,0.0,0.0,0.0,False,0.063
P3_poststall,847,1296777758,1296777757,1,1,1296777702,0x2003ffff,0.0,0.0,0.0,False,0.065
P3_poststall,848,1296777758,1296777757,0,1,1296777702,0x2003ffff,0.0,0.0,0.0,False,0.063
P3_poststall,849,1296777758,1296777757,0,1,1296777702,0x2003ffff,0.0,0.0,0.0,False,0.063
P3_poststall,850,1296777758,1296777757,0,1,1296777702,0x2003ffff,0.0,0.0,0.0,False,0.061
P3_poststall,851,1296777758,1296777757,0,1,1296777702,0x2003ffff,0.0,0.0,0.0,False,0.061
P3_poststall,852,1296777758,1296777758,0,1,1296777702,0x2003ffff,0.0,0.0,0.0,False,0.063
P3_poststall,853,1296777759,1296777758,1,1,1296777702,0x2003ffff,0.0,0.0,0.0,False,0.061
P3_poststall,854,1296777759,1296777758,0,1,1296777702,0x2003ffff,0.0,0.0,0.0,False,0.059
P3_poststall,855,1296777759,1296777758,0,1,1296777702,0x2003ffff,0.0,0.0,0.0,False,0.063
P3_poststall,856,1296777759,1296777758,0,1,1296777702,0x2003ffff,0.0,0.0,0.0,False,0.063
P3_poststall,857,1296777759,1296777758,0,1,1296777702,0x2003ffff,0.0,0.0,0.0,False,0.114
P3_poststall,858,1296777759,1296777759,0,1,1296777702,0x2003ffff,0.0,0.0,0.0,False,0.064
P3_poststall,859,1296777760,1296777759,1,1,1296777702,0x2003ffff,0.0,0.0,0.0,False,0.06
P3_poststall,860,1296777760,1296777759,0,1,1296777702,0x2003ffff,0.0,0.0,0.0,False,0.062
P3_poststall,861,1296777760,1296777759,0,1,1296777702,0x2003ffff,0.0,0.0,0.0,False,0.062
P3_poststall,862,1296777760,1296777759,0,1,1296777702,0x2003ffff,0.0,0.0,0.0,False,0.064
P3_poststall,863,1296777760,1296777759,0,1,1296777702,0x2003ffff,0.0,0.0,0.0,False,0.065
P3_poststall,864,1296777760,1296777760,0,1,1296777702,0x2003ffff,0.0,0.0,0.0,False,0.064
P3_poststall,865,1296777761,1296777760,1,1,1296777702,0x2003ffff,0.0,0.0,0.0,False,0.065
P3_poststall,866,1296777761,1296777760,0,1,1296777702,0x2003ffff,0.0,0.0,0.0,False,0.061
P3_poststall,867,1296777761,1296777760,0,1,1296777702,0x2003ffff,0.0,0.0,0.0,False,0.059
P3_poststall,868,1296777761,1296777760,0,1,1296777702,0x2003ffff,0.0,0.0,0.0,False,0.061
P3_poststall,869,1296777761,1296777760,0,1,1296777702,0x2003ffff,0.0,0.0,0.0,False,0.059
P3_poststall,870,1296777761,1296777761,0,1,1296777702,0x2003ffff,0.0,0.0,0.0,False,0.059
P3_poststall,871,1296777762,1296777761,1,1,1296777702,0x2003ffff,0.0,0.0,0.0,False,0.06
P3_poststall,872,1296777762,1296777761,0,1,1296777702,0x2003ffff,0.0,0.0,0.0,False,0.064
P3_poststall,873,1296777762,1296777761,0,1,1296777702,0x2003ffff,0.0,0.0,0.0,False,0.118
P3_poststall,874,1296777762,1296777761,0,1,1296777702,0x2003ffff,0.0,0.0,0.0,False,0.061
P3_poststall,875,1296777762,1296777761,0,1,1296777702,0x2003ffff,0.0,0.0,0.0,False,0.064
P3_poststall,876,1296777762,1296777762,0,1,1296777702,0x2003ffff,0.0,0.0,0.0,False,0.059
P3_poststall,877,1296777763,1296777762,1,1,1296777702,0x2003ffff,0.0,0.0,0.0,False,0.064
P3_poststall,878,1296777763,1296777762,0,1,1296777702,0x2003ffff,0.0,0.0,0.0,False,0.064
P3_poststall,879,1296777763,1296777762,0,1,1296777702,0x2003ffff,0.0,0.0,0.0,False,0.062
P3_poststall,880,1296777763,1296777762,0,1,1296777702,0x2003ffff,0.0,0.0,0.0,False,0.067
P3_poststall,881,1296777763,1296777762,0,1,1296777702,0x2003ffff,0.0,0.0,0.0,False,0.063
P3_poststall,882,1296777763,1296777763,0,1,1296777702,0x2003ffff,0.0,0.0,0.0,False,0.063
P3_poststall,883,1296777764,1296777763,1,1,1296777702,0x2003ffff,0.0,0.0,0.0,False,0.059
P3_poststall,884,1296777764,1296777763,0,1,1296777702,0x2003ffff,0.0,0.0,0.0,False,0.059
P3_poststall,885,1296777764,1296777763,0,1,1296777702,0x2003ffff,0.0,0.0,0.0,False,0.058
P3_poststall,886,1296777764,1296777763,0,1,1296777702,0x2003ffff,0.0,0.0,0.0,False,0.059
P3_poststall,887,1296777764,1296777763,0,1,1296777702,0x2003ffff,0.0,0.0,0.0,False,0.063
P3_poststall,888,1296777764,1296777764,0,1,1296777702,0x2003ffff,0.0,0.0,0.0,False,0.061
P3_poststall,889,1296777765,1296777764,1,1,1296777702,0x2003ffff,0.0,0.0,0.0,False,0.064
P3_poststall,890,1296777765,1296777764,0,1,1296777702,0x2003ffff,0.0,0.0,0.0,False,0.063
P3_poststall,891,1296777765,1296777764,0,1,1296777702,0x2003ffff,0.0,0.0,0.0,False,0.06
P3_poststall,892,1296777765,1296777764,0,1,1296777702,0x2003ffff,0.0,0.0,0.0,False,0.059
P3_poststall,893,1296777765,1296777764,0,1,1296777702,0x2003ffff,0.0,0.0,0.0,False,0.059
P3_poststall,894,1296777765,1296777765,0,1,1296777702,0x2003ffff,0.0,0.0,0.0,False,0.059
P3_poststall,895,1296777766,1296777765,1,1,1296777702,0x2003ffff,0.0,0.0,0.0,False,0.059
P3_poststall,896,1296777766,1296777765,0,1,1296777702,0x2003ffff,0.0,0.0,0.0,False,0.06
P3_poststall,897,1296777766,1296777765,0,1,1296777702,0x2003ffff,0.0,0.0,0.0,False,0.059
P3_poststall,898,1296777766,1296777765,0,1,1296777702,0x2003ffff,0.0,0.0,0.0,False,0.059
P3_poststall,899,1296777766,1296777765,0,1,1296777702,0x2003ffff,0.0,0.0,0.0,False,0.063
P3_poststall,900,1296777766,1296777766,0,1,1296777702,0x2003ffff,0.0,0.0,0.0,False,0.061
P3_poststall,901,1296777767,1296777766,1,1,1296777702,0x2003ffff,0.0,0.0,0.0,False,0.063
P3_poststall,902,1296777767,1296777766,0,1,1296777702,0x2003ffff,0.0,0.0,0.0,False,0.063
P3_poststall,903,1296777767,1296777766,0,1,1296777702,0x2003ffff,0.0,0.0,0.0,False,0.063
P3_poststall,904,1296777767,1296777766,0,1,1296777702,0x2003ffff,0.0,0.0,0.0,False,0.061
P3_poststall,905,1296777767,1296777766,0,1,1296777702,0x2003ffff,0.0,0.0,0.0,False,0.063
P3_poststall,906,1296777767,1296777767,0,1,1296777702,0x2003ffff,0.0,0.0,0.0,False,0.063
P3_poststall,907,1296777768,1296777767,1,1,1296777702,0x2003ffff,0.0,0.0,0.0,False,0.06
P3_poststall,908,1296777768,1296777767,0,1,1296777702,0x2003ffff,0.0,0.0,0.0,False,0.059
P3_poststall,909,1296777768,1296777767,0,1,1296777702,0x2003ffff,0.0,0.0,0.0,False,0.114
P3_poststall,910,1296777768,1296777767,0,1,1296777702,0x2003ffff,0.0,0.0,0.0,False,0.064
P3_poststall,911,1296777768,1296777767,0,1,1296777702,0x2003ffff,0.0,0.0,0.0,False,0.066
P3_poststall,912,1296777768,1296777768,0,1,1296777702,0x2003ffff,0.0,0.0,0.0,False,0.064
P3_poststall,913,1296777769,1296777768,1,1,1296777702,0x2003ffff,0.0,0.0,0.0,False,0.065
P3_poststall,914,1296777769,1296777768,0,1,1296777702,0x2003ffff,0.0,0.0,0.0,False,0.064
P3_poststall,915,1296777769,1296777768,0,1,1296777702,0x2003ffff,0.0,0.0,0.0,False,0.06
P3_poststall,916,1296777769,1296777768,0,1,1296777702,0x2003ffff,0.0,0.0,0.0,False,0.064
P3_poststall,917,1296777769,1296777768,0,1,1296777702,0x2003ffff,0.0,0.0,0.0,False,0.061
P3_poststall,918,1296777769,1296777769,0,1,1296777702,0x2003ffff,0.0,0.0,0.0,False,0.064
P3_poststall,919,1296777770,1296777769,1,1,1296777702,0x2003ffff,0.0,0.0,0.0,False,0.063
P3_poststall,920,1296777770,1296777769,0,1,1296777702,0x2003ffff,0.0,0.0,0.0,False,0.061
P3_poststall,921,1296777770,1296777769,0,1,1296777702,0x2003ffff,0.0,0.0,0.0,False,0.06
P3_poststall,922,1296777770,1296777769,0,1,1296777702,0x2003ffff,0.0,0.0,0.0,False,0.059
P3_poststall,923,1296777770,1296777769,0,1,1296777702,0x2003ffff,0.0,0.0,0.0,False,0.063
P3_poststall,924,1296777770,1296777770,0,1,1296777702,0x2003ffff,0.0,0.0,0.0,False,0.063
P3_poststall,925,1296777771,1296777770,1,1,1296777702,0x2003ffff,0.0,0.0,0.0,False,0.063
P3_poststall,926,1296777771,1296777770,0,1,1296777702,0x2003ffff,0.0,0.0,0.0,False,0.114
P3_poststall,927,1296777771,1296777770,0,1,1296777702,0x2003ffff,0.0,0.0,0.0,False,0.12
P3_poststall,928,1296777771,1296777770,0,1,1296777702,0x2003ffff,0.0,0.0,0.0,False,0.064
P3_poststall,929,1296777771,1296777770,0,1,1296777702,0x2003ffff,0.0,0.0,0.0,False,0.06
P3_poststall,930,1296777771,1296777771,0,1,1296777702,0x2003ffff,0.0,0.0,0.0,False,0.063
P3_poststall,931,1296777772,1296777771,1,1,1296777702,0x2003ffff,0.0,0.0,0.0,False,0.117
P3_poststall,932,1296777772,1296777771,0,1,1296777702,0x2003ffff,0.0,0.0,0.0,False,0.063
P3_poststall,933,1296777772,1296777771,0,1,1296777702,0x2003ffff,0.0,0.0,0.0,False,0.061
P3_poststall,934,1296777772,1296777771,0,1,1296777702,0x2003ffff,0.0,0.0,0.0,False,0.064
P3_poststall,935,1296777772,1296777771,0,1,1296777702,0x2003ffff,0.0,0.0,0.0,False,0.063
P3_poststall,936,1296777772,1296777772,0,1,1296777702,0x2003ffff,0.0,0.0,0.0,False,0.063
P3_poststall,937,1296777773,1296777772,1,1,1296777702,0x2003ffff,0.0,0.0,0.0,False,0.061
P3_poststall,938,1296777773,1296777772,0,1,1296777702,0x2003ffff,0.0,0.0,0.0,False,0.063
P3_poststall,939,1296777773,1296777772,0,1,1296777702,0x2003ffff,0.0,0.0,0.0,False,0.064
P3_poststall,940,1296777773,1296777772,0,1,1296777702,0x2003ffff,0.0,0.0,0.0,False,0.116
P3_poststall,941,1296777773,1296777772,0,1,1296777702,0x2003ffff,0.0,0.0,0.0,False,0.065
P3_poststall,942,1296777773,1296777773,0,1,1296777702,0x2003ffff,0.0,0.0,0.0,False,0.064
P3_poststall,943,1296777774,1296777773,1,1,1296777702,0x2003ffff,0.0,0.0,0.0,False,0.063
P3_poststall,944,1296777774,1296777773,0,1,1296777702,0x2003ffff,0.0,0.0,0.0,False,0.061
P3_poststall,945,1296777774,1296777773,0,1,1296777702,0x2003ffff,0.0,0.0,0.0,False,0.064
P3_poststall,946,1296777774,1296777773,0,1,1296777702,0x2003ffff,0.0,0.0,0.0,False,0.064
P3_poststall,947,1296777774,1296777773,0,1,1296777702,0x2003ffff,0.0,0.0,0.0,False,0.064
P3_poststall,948,1296777774,1296777774,0,1,1296777702,0x2003ffff,0.0,0.0,0.0,False,0.063
P3_poststall,949,1296777775,1296777774,1,1,1296777702,0x2003ffff,0.0,0.0,0.0,False,0.064
P3_poststall,950,1296777775,1296777774,0,1,1296777702,0x2003ffff,0.0,0.0,0.0,False,0.117
P3_poststall,951,1296777775,1296777774,0,1,1296777702,0x2003ffff,0.0,0.0,0.0,False,0.063
P3_poststall,952,1296777775,1296777774,0,1,1296777702,0x2003ffff,0.0,0.0,0.0,False,0.061
P3_poststall,953,1296777775,1296777774,0,1,1296777702,0x2003ffff,0.0,0.0,0.0,False,0.064
P3_poststall,954,1296777775,1296777775,0,1,1296777702,0x2003ffff,0.0,0.0,0.0,False,0.064
P3_poststall,955,1296777776,1296777775,1,1,1296777702,0x2003ffff,0.0,0.0,0.0,False,0.061
P3_poststall,956,1296777776,1296777775,0,1,1296777702,0x2003ffff,0.0,0.0,0.0,False,0.061
P3_poststall,957,1296777776,1296777775,0,1,1296777702,0x2003ffff,0.0,0.0,0.0,False,0.061
P3_poststall,958,1296777776,1296777775,0,1,1296777702,0x2003ffff,0.0,0.0,0.0,False,0.059
P3_poststall,959,1296777776,1296777775,0,1,1296777702,0x2003ffff,0.0,0.0,0.0,False,0.059
P3_poststall,960,1296777776,1296777776,0,1,1296777702,0x2003ffff,0.0,0.0,0.0,False,0.062
P3_poststall,961,1296777777,1296777776,1,1,1296777702,0x2003ffff,0.0,0.0,0.0,False,0.062
P3_poststall,962,1296777777,1296777776,0,1,1296777702,0x2003ffff,0.0,0.0,0.0,False,0.06
P3_poststall,963,1296777777,1296777776,0,1,1296777702,0x2003ffff,0.0,0.0,0.0,False,0.063
P3_poststall,964,1296777777,1296777776,0,1,1296777702,0x2003ffff,0.0,0.0,0.0,False,0.063
P3_poststall,965,1296777777,1296777776,0,1,1296777702,0x2003ffff,0.0,0.0,0.0,False,0.06
P3_poststall,966,1296777777,1296777777,0,1,1296777702,0x2003ffff,0.0,0.0,0.0,False,0.064
P3_poststall,967,1296777778,1296777777,1,1,1296777702,0x2003ffff,0.0,0.0,0.0,False,0.064
P3_poststall,968,1296777778,1296777777,0,1,1296777702,0x2003ffff,0.0,0.0,0.0,False,0.064
P3_poststall,969,1296777778,1296777777,0,1,1296777702,0x2003ffff,0.0,0.0,0.0,False,0.064
P3_poststall,970,1296777778,1296777777,0,1,1296777702,0x2003ffff,0.0,0.0,0.0,False,0.06
P3_poststall,971,1296777778,1296777777,0,1,1296777702,0x2003ffff,0.0,0.0,0.0,False,0.062
P3_poststall,972,1296777778,1296777778,0,1,1296777702,0x2003ffff,0.0,0.0,0.0,False,0.062
P3_poststall,973,1296777779,1296777778,1,1,1296777702,0x2003ffff,0.0,0.0,0.0,False,0.064
P3_poststall,974,1296777779,1296777778,0,1,1296777702,0x2003ffff,0.0,0.0,0.0,False,0.064
P3_poststall,975,1296777779,1296777778,0,1,1296777702,0x2003ffff,0.0,0.0,0.0,False,0.064
P3_poststall,976,1296777779,1296777778,0,1,1296777702,0x2003ffff,0.0,0.0,0.0,False,0.065
P3_poststall,977,1296777779,1296777778,0,1,1296777702,0x2003ffff,0.0,0.0,0.0,False,0.121
P3_poststall,978,1296777779,1296777779,0,1,1296777702,0x2003ffff,0.0,0.0,0.0,False,0.062
P3_poststall,979,1296777780,1296777779,1,1,1296777702,0x2003ffff,0.0,0.0,0.0,False,0.064
P3_poststall,980,1296777780,1296777779,0,1,1296777702,0x2003ffff,0.0,0.0,0.0,False,0.064
P3_poststall,981,1296777780,1296777779,0,1,1296777702,0x2003ffff,0.0,0.0,0.0,False,0.064
P3_poststall,982,1296777780,1296777779,0,1,1296777702,0x2003ffff,0.0,0.0,0.0,False,0.069
P3_poststall,983,1296777780,1296777779,0,1,1296777702,0x2003ffff,0.0,0.0,0.0,False,0.068
P3_poststall,984,1296777780,1296777780,0,1,1296777702,0x2003ffff,0.0,0.0,0.0,False,0.065
P3_poststall,985,1296777781,1296777780,1,1,1296777702,0x2003ffff,0.0,0.0,0.0,False,0.064
P3_poststall,986,1296777781,1296777780,0,1,1296777702,0x2003ffff,0.0,0.0,0.0,False,0.065
P3_poststall,987,1296777781,1296777780,0,1,1296777702,0x2003ffff,0.0,0.0,0.0,False,0.065
P3_poststall,988,1296777781,1296777780,0,1,1296777702,0x2003ffff,0.0,0.0,0.0,False,0.114
P3_poststall,989,1296777781,1296777780,0,1,1296777702,0x2003ffff,0.0,0.0,0.0,False,0.064
P3_poststall,990,1296777781,1296777781,0,1,1296777702,0x2003ffff,0.0,0.0,0.0,False,0.112
P3_poststall,991,1296777782,1296777781,1,1,1296777702,0x2003ff75,-0.00076,-0.00077,6e-06,False,0.063
P3_poststall,992,1296777782,1296777781,0,1,1296777702,0x2003fb19,-0.00692,-0.00695,2.8e-05,False,0.063
P3_poststall,993,1296777782,1296777781,0,1,1296777702,0x2003f6b5,-0.01315,-0.0132,5e-05,False,0.064
P3_poststall,994,1296777782,1296777781,0,1,1296777702,0x2003f253,-0.01939,-0.01945,5.6e-05,False,0.063
P3_poststall,995,1296777782,1296777781,0,1,1296777702,0x2003edf9,-0.02562,-0.0257,7.8e-05,False,0.061
P3_poststall,996,1296777782,1296777782,0,1,1296777702,0x2003e9a1,-0.03186,-0.03195,8.4e-05,False,0.062
P3_poststall,997,1296777783,1296777782,1,1,1296777702,0x2003e54d,-0.03811,-0.0382,9e-05,False,0.065
P3_poststall,998,1296777783,1296777782,0,1,1296777702,0x2003e10b,-0.04428,-0.04438,9.6e-05,False,0.06
P3_poststall,999,1296777783,1296777782,0,1,1296777702,0x2003dcc3,-0.05052,-0.05063,0.000114,False,0.059
P3_poststall,1000,1296777783,1296777782,0,1,1296777702,0x2003d87f,-0.05675,-0.05688,0.000126,False,0.063
P3_poststall,1001,1296777783,1296777782,0,1,1296777702,0x2003d43f,-0.06299,-0.06313,0.000132,False,0.071
P3_poststall,1002,1296777783,1296777783,0,1,1296777702,0x2003d003,-0.06924,-0.06938,0.000139,False,0.063
P3_poststall,1003,1296777784,1296777783,1,1,1296777702,0x2003cbcb,-0.07549,-0.07563,0.000139,False,0.06
P3_poststall,1004,1296777784,1296777783,0,1,1296777702,0x2003c7a5,-0.08166,-0.08181,0.000146,False,0.061
P3_poststall,1005,1296777784,1296777783,0,1,1296777702,0x2003c379,-0.08789,-0.08806,0.000164,False,0.063
P3_poststall,1006,1296777784,1296777783,0,1,1296777702,0x2003bf4d,-0.09416,-0.09431,0.000153,False,0.118
P3_poststall,1007,1296777784,1296777783,0,1,1296777702,0x2003bb27,-0.10041,-0.10056,0.000153,False,0.061
P3_poststall,1008,1296777784,1296777784,0,1,1296777702,0x2003b709,-0.10664,-0.10681,0.000166,False,0.064
P3_poststall,1009,1296777785,1296777784,1,1,1296777702,0x2003b2eb,-0.1129,-0.11306,0.000161,False,0.06
P3_poststall,1010,1296777785,1296777784,0,1,1296777702,0x2003aedf,-0.11908,-0.11924,0.000161,False,0.064
P3_poststall,1011,1296777785,1296777784,0,1,1296777702,0x2003aacd,-0.12532,-0.12549,0.000168,False,0.064
P3_poststall,1012,1296777785,1296777784,0,1,1296777702,0x2003a6bf,-0.13156,-0.13174,0.000175,False,0.06
P3_poststall,1013,1296777785,1296777784,0,1,1296777702,0x2003a2b3,-0.13782,-0.13799,0.000163,False,0.059
P3_poststall,1014,1296777785,1296777785,0,1,1296777702,0x20039eaf,-0.14406,-0.14424,0.000176,False,0.061
P3_poststall,1015,1296777786,1296777785,1,1,1296777702,0x20039aab,-0.15033,-0.15049,0.000165,False,0.064
P3_poststall,1016,1296777786,1296777785,0,1,1296777702,0x200396b9,-0.15651,-0.15667,0.000159,False,0.063
P3_poststall,1017,1296777786,1296777785,0,1,1296777702,0x200392c3,-0.16274,-0.16292,0.000179,False,0.063
P3_poststall,1018,1296777786,1296777785,0,1,1296777702,0x20038ecd,-0.169,-0.16917,0.000167,False,0.064
P3_poststall,1019,1296777786,1296777785,0,1,1296777702,0x20038adb,-0.17527,-0.17542,0.000155,False,0.063
P3_poststall,1020,1296777786,1296777786,0,1,1296777702,0x200386f1,-0.18151,-0.18167,0.000162,False,0.064
P3_poststall,1021,1296777787,1296777786,1,1,1296777702,0x20038309,-0.18776,-0.18792,0.000157,False,0.064
P3_poststall,1022,1296777787,1296777786,0,1,1296777702,0x20037f2f,-0.19395,-0.1941,0.000145,False,0.061
P3_poststall,1023,1296777787,1296777786,0,1,1296777702,0x20037b51,-0.2002,-0.20035,0.000152,False,0.115
P3_poststall,1024,1296777787,1296777786,0,1,1296777702,0x20037775,-0.20646,-0.2066,0.00014,False,0.064
P3_poststall,1025,1296777787,1296777786,0,1,1296777702,0x2003739f,-0.21271,-0.21285,0.00014,False,0.06
P3_poststall,1026,1296777787,1296777787,0,1,1296777702,0x20036fcd,-0.21896,-0.2191,0.000141,False,0.059
P3_poststall,1027,1296777788,1296777787,1,1,1296777702,0x20036bfd,-0.22523,-0.22535,0.000122,False,0.064
P3_poststall,1028,1296777788,1296777787,0,1,1296777702,0x2003683f,-0.2314,-0.23153,0.000129,False,0.064
P3_poststall,1029,1296777788,1296777787,0,1,1296777702,0x20036477,-0.23767,-0.23778,0.00011,False,0.113
P3_poststall,1030,1296777788,1296777787,0,1,1296777702,0x200360b7,-0.24391,-0.24403,0.000117,False,0.061
P3_poststall,1031,1296777788,1296777787,0,1,1296777702,0x20035cf7,-0.25018,-0.25028,9.8e-05,False,0.115
P3_poststall,1032,1296777788,1296777788,0,1,1296777702,0x2003593f,-0.25643,-0.25653,0.000105,False,0.115
P3_poststall,1033,1296777789,1296777788,1,1,1296777702,0x20035589,-0.26269,-0.26278,9.2e-05,False,0.064
P3_poststall,1034,1296777789,1296777788,0,1,1296777702,0x200351e3,-0.26887,-0.26896,9.3e-05,False,0.064
P3_poststall,1035,1296777789,1296777788,0,1,1296777702,0x20034e33,-0.27514,-0.27521,7.3e-05,False,0.062
P3_poststall,1036,1296777789,1296777788,0,1,1296777702,0x20034a8b,-0.28139,-0.28146,7.4e-05,False,0.063
P3_poststall,1037,1296777789,1296777788,0,1,1296777702,0x200346e5,-0.28765,-0.28771,6e-05,False,0.062
P3_poststall,1038,1296777789,1296777789,0,1,1296777702,0x20034345,-0.2939,-0.29396,6.7e-05,False,0.064
P3_poststall,1039,1296777790,1296777789,1,1,1296777702,0x20033fa7,-0.30016,-0.30021,5.4e-05,False,0.117
P3_poststall,1040,1296777790,1296777789,0,1,1296777702,0x20033c19,-0.30634,-0.30639,5.4e-05,False,0.059
P3_poststall,1041,1296777790,1296777789,0,1,1296777702,0x20033881,-0.31261,-0.31264,2.7e-05,False,0.065
P3_poststall,1042,1296777790,1296777789,0,1,1296777702,0x200334f1,-0.31886,-0.31889,3.4e-05,False,0.119
P3_poststall,1043,1296777790,1296777789,0,1,1296777702,0x20033163,-0.32512,-0.32514,2.1e-05,False,0.066
P3_poststall,1044,1296777790,1296777790,0,1,1296777702,0x20032ddb,-0.33137,-0.33139,2.8e-05,False,0.064
P3_poststall,1045,1296777791,1296777790,1,1,1296777702,0x20032a55,-0.33763,-0.33764,1.4e-05,False,0.063
P3_poststall,1046,1296777791,1296777790,0,1,1296777702,0x200326dd,-0.34381,-0.34382,7e-06,False,0.06
P3_poststall,1047,1296777791,1296777790,0,1,1296777702,0x2003235f,-0.35007,-0.35007,0.0,False,0.116
P3_poststall,1048,1296777791,1296777790,0,1,1296777702,0x20031fe5,-0.35633,-0.35632,-7e-06,False,0.061
P3_poststall,1049,1296777791,1296777790,0,1,1296777702,0x20031c6f,-0.36258,-0.36257,-1.4e-05,False,0.064
P3_poststall,1050,1296777791,1296777791,0,1,1296777702,0x200318fd,-0.36884,-0.36882,-1.4e-05,False,0.117
P3_poststall,1051,1296777792,1296777791,1,1,1296777702,0x2003158f,-0.37509,-0.37507,-2.1e-05,False,0.06
P3_poststall,1052,1296777792,1296777791,0,1,1296777702,0x2003122d,-0.38129,-0.38125,-3.6e-05,False,0.064
P3_poststall,1053,1296777792,1296777791,0,1,1296777702,0x20030ec5,-0.38755,-0.3875,-5e-05,False,0.061
P3_poststall,1054,1296777792,1296777791,0,1,1296777702,0x20030b65,-0.39378,-0.39376,-2.9e-05,False,0.058
P3_poststall,1055,1296777792,1296777791,0,1,1296777702,0x20030803,-0.40006,-0.4,-5.8e-05,False,0.06
P3_poststall,1056,1296777792,1296777792,0,1,1296777702,0x200304a7,-0.40632,-0.40625,-6.6e-05,False,0.063
P3_poststall,1057,1296777793,1296777792,1,1,1296777702,0x20030151,-0.41256,-0.4125,-5.9e-05,False,0.117
P3_poststall,1058,1296777793,1296777792,0,1,1296777702,0x2002fe07,-0.41874,-0.41868,-5.9e-05,False,0.063
P3_poststall,1059,1296777793,1296777792,0,1,1296777702,0x2002fab5,-0.42501,-0.42494,-7.4e-05,False,0.114
P3_poststall,1060,1296777793,1296777792,0,1,1296777702,0x2002f769,-0.43126,-0.43118,-7.4e-05,False,0.114
P3_poststall,1061,1296777793,1296777792,0,1,1296777702,0x2002f421,-0.43751,-0.43743,-7.5e-05,False,0.064
P3_poststall,1062,1296777793,1296777793,0,1,1296777702,0x2002f0d9,-0.44378,-0.44368,-9.7e-05,False,0.062
P3_poststall,1063,1296777794,1296777793,1,1,1296777702,0x2002ed99,-0.45002,-0.44993,-9e-05,False,0.06
P3_poststall,1064,1296777794,1296777793,0,1,1296777702,0x2002ea65,-0.4562,-0.45612,-8.3e-05,False,0.063
P3_poststall,1065,1296777794,1296777793,0,1,1296777702,0x2002e729,-0.46247,-0.46237,-9.9e-05,False,0.064
P3_poststall,1066,1296777794,1296777793,0,1,1296777702,0x2002e3f3,-0.46871,-0.46861,-9.9e-05,False,0.063
P3_poststall,1067,1296777794,1296777793,0,1,1296777702,0x2002e0bf,-0.47497,-0.47486,-0.000107,False,0.064
P3_poststall,1068,1296777794,1296777794,0,1,1296777702,0x2002dd8f,-0.48123,-0.48112,-0.000108,False,0.061
P3_poststall,1069,1296777795,1296777794,1,1,1296777702,0x2002da65,-0.48746,-0.48736,-0.0001,False,0.062
P3_poststall,1070,1296777795,1296777794,0,1,1296777702,0x2002d745,-0.49365,-0.49355,-0.000101,False,0.059
P3_poststall,1071,1296777795,1296777794,0,1,1296777702,0x2002d41f,-0.49991,-0.4998,-0.000109,False,0.113
P3_poststall,1072,1296777795,1296777794,0,1,1296777702,0x2002d0ff,-0.50615,-0.50605,-0.000102,False,0.06
P3_poststall,1073,1296777795,1296777794,0,1,1296777702,0x2002cddf,-0.51241,-0.5123,-0.000118,False,0.06
P3_poststall,1074,1296777795,1296777795,0,1,1296777702,0x2002cac5,-0.51866,-0.51854,-0.000118,False,0.117
P3_poststall,1075,1296777796,1296777795,1,1,1296777702,0x2002c7af,-0.5249,-0.5248,-0.000103,False,0.064
P3_poststall,1076,1296777796,1296777795,0,1,1296777702,0x2002c4a3,-0.53109,-0.53097,-0.000119,False,0.115
P3_poststall,1077,1296777796,1296777795,0,1,1296777702,0x2002c193,-0.53734,-0.53723,-0.000112,False,0.065
P3_poststall,1078,1296777796,1296777795,0,1,1296777702,0x2002be87,-0.54358,-0.54348,-0.000104,False,0.064
P3_poststall,1079,1296777796,1296777795,0,1,1296777702,0x2002bb7d,-0.54984,-0.54973,-0.000113,False,0.064
P3_poststall,1080,1296777796,1296777796,0,1,1296777702,0x2002b877,-0.55609,-0.55597,-0.000113,False,0.06
P3_poststall,1081,1296777797,1296777796,1,1,1296777702,0x2002b575,-0.56233,-0.56223,-0.000106,False,0.061
P3_poststall,1082,1296777797,1296777796,0,1,1296777702,0x2002b27f,-0.56851,-0.56841,-9.8e-05,False,0.064
P3_poststall,1083,1296777797,1296777796,0,1,1296777702,0x2002af81,-0.57477,-0.57466,-0.000115,False,0.067
P3_poststall,1084,1296777797,1296777796,0,1,1296777702,0x2002ac89,-0.58101,-0.58091,-0.000107,False,0.062
P3_poststall,1085,1296777797,1296777796,0,1,1296777702,0x2002a995,-0.58725,-0.58716,-9.1e-05,False,0.116
P3_poststall,1086,1296777797,1296777797,0,1,1296777702,0x2002a6a1,-0.59352,-0.59341,-0.000108,False,0.112
P3_poststall,1087,1296777798,1296777797,1,1,1296777702,0x2002a3b3,-0.59976,-0.59966,-0.0001,False,0.06
P3_poststall,1088,1296777798,1296777797,0,1,1296777702,0x2002a0d1,-0.60593,-0.60584,-8.4e-05,False,0.064
P3_poststall,1089,1296777798,1296777797,0,1,1296777702,0x20029de9,-0.61217,-0.61209,-8.4e-05,False,0.064
P3_poststall,1090,1296777798,1296777797,0,1,1296777702,0x20029b03,-0.61843,-0.61834,-8.4e-05,False,0.06
P3_poststall,1091,1296777798,1296777797,0,1,1296777702,0x20029821,-0.62468,-0.62459,-8.5e-05,False,0.061
P3_poststall,1092,1296777798,1296777798,0,1,1296777702,0x20029543,-0.63092,-0.63084,-7.7e-05,False,0.115
P3_poststall,1093,1296777799,1296777798,1,1,1296777702,0x20029269,-0.63715,-0.63709,-6e-05,False,0.061
P3_poststall,1094,1296777799,1296777798,0,1,1296777702,0x20028f99,-0.64333,-0.64327,-6e-05,False,0.063
P3_poststall,1095,1296777799,1296777798,0,1,1296777702,0x20028cc3,-0.64958,-0.64952,-6e-05,False,0.059
P3_poststall,1096,1296777799,1296777798,0,1,1296777702,0x200289f1,-0.65583,-0.65577,-6.1e-05,False,0.061
P3_poststall,1097,1296777799,1296777798,0,1,1296777702,0x20028723,-0.66207,-0.66202,-5.2e-05,False,0.117
P3_poststall,1098,1296777799,1296777799,0,1,1296777702,0x20028457,-0.66832,-0.66826,-5.2e-05,False,0.068
P3_poststall,1099,1296777800,1296777799,1,1,1296777702,0x2002818f,-0.67456,-0.67452,-3.5e-05,False,0.064
P3_poststall,1100,1296777800,1296777799,0,1,1296777702,0x20027ed3,-0.68072,-0.6807,-1.8e-05,False,0.066
P3_poststall,1101,1296777800,1296777799,0,1,1296777702,0x20027c0f,-0.68698,-0.68695,-2.7e-05,False,0.119
P3_poststall,1102,1296777800,1296777799,0,1,1296777702,0x2002794f,-0.69323,-0.6932,-2.7e-05,False,0.064
P3_poststall,1103,1296777800,1296777799,0,1,1296777702,0x20027695,-0.69945,-0.69945,-9e-06,False,0.058
P3_poststall,1104,1296777800,1296777800,0,1,1296777702,0x200273db,-0.70571,-0.7057,-9e-06,False,0.061
P3_poststall,1105,1296777801,1296777800,1,1,1296777702,0x20027127,-0.71193,-0.71195,1.8e-05,False,0.118
P3_poststall,1106,1296777801,1296777800,0,1,1296777702,0x20026e79,-0.71813,-0.71813,0.0,False,0.12
P3_poststall,1107,1296777801,1296777800,0,1,1296777702,0x20026bcb,-0.72435,-0.72438,2.7e-05,False,0.07
P3_poststall,1108,1296777801,1296777800,0,1,1296777702,0x2002691d,-0.7306,-0.73063,2.7e-05,False,0.067
P3_poststall,1109,1296777801,1296777800,0,1,1296777702,0x20026673,-0.73684,-0.73688,3.7e-05,False,0.064
P3_poststall,1110,1296777801,1296777801,0,1,1296777702,0x200263cb,-0.74309,-0.74313,3.7e-05,False,0.168
P4_ontime,1111,1296777891,1296777801,90,90,1296777891,0x20026127,-0.74934,-0.74938,4.6e-05,False,0.066
P4_ontime,1112,1296777981,1296777801,90,180,1296777981,0x20026127,-0.74934,-0.74938,4.6e-05,False,0.067
P4_ontime,1113,1296778071,1296777801,90,270,1296778071,0x20026127,-0.74934,-0.74938,4.6e-05,False,0.119
P4_ontime,1114,1296778161,1296777801,90,360,1296778161,0x20026127,-0.74934,-0.74938,4.6e-05,False,0.063
P4_ontime,1115,1296778251,1296777801,90,450,1296778251,0x20026127,-0.74934,-0.74938,4.6e-05,False,0.063
P4_ontime,1116,1296778341,1296777891,90,540,1296778341,0x20026127,-0.74934,-0.74938,4.6e-05,False,0.119
P4_ontime,1117,1296778431,1296777981,90,540,1296778431,0x20026127,-0.74934,-0.74938,4.6e-05,False,0.064
P4_ontime,1118,1296778521,1296778071,90,540,1296778521,0x20026127,-0.74934,-0.74938,4.6e-05,False,0.069
P4_ontime,1119,1296778611,1296778161,90,540,1296778611,0x20026127,-0.74934,-0.74938,4.6e-05,False,0.062
P4_ontime,1120,1296778701,1296778251,90,540,1296778701,0x20026127,-0.74934,-0.74938,4.6e-05,False,0.06
P4_ontime,1121,1296778791,1296778341,90,540,1296778791,0x20026127,-0.74934,-0.74938,4.6e-05,False,0.119
P4_ontime,1122,1296778881,1296778431,90,540,1296778881,0x20026127,-0.74934,-0.74938,4.6e-05,False,0.12
P4_ontime,1123,1296778971,1296778521,90,540,1296778971,0x20026127,-0.74934,-0.74938,4.6e-05,False,0.063
P4_ontime,1124,1296779061,1296778611,90,540,1296779061,0x20026127,-0.74934,-0.74938,4.6e-05,False,0.069
P4_ontime,1125,1296779151,1296778701,90,540,1296779151,0x20026127,-0.74934,-0.74938,4.6e-05,False,0.061
P4_ontime,1126,1296779241,1296778791,90,540,1296779241,0x20026127,-0.74934,-0.74938,4.6e-05,False,0.064
P4_ontime,1127,1296779331,1296778881,90,540,1296779331,0x20026127,-0.74934,-0.74938,4.6e-05,False,0.059
P4_ontime,1128,1296779421,1296778971,90,540,1296779421,0x20026127,-0.74934,-0.74938,4.6e-05,False,0.065
P4_ontime,1129,1296779511,1296779061,90,540,1296779511,0x20026127,-0.74934,-0.74938,4.6e-05,False,0.113
P4_ontime,1130,1296779601,1296779151,90,540,1296779601,0x20026127,-0.74934,-0.74938,4.6e-05,False,0.223
P4_ontime,1131,1296779691,1296779241,90,540,1296779691,0x20026127,-0.74934,-0.74938,4.6e-05,False,0.061
P4_ontime,1132,1296779781,1296779331,90,540,1296779781,0x20026127,-0.74934,-0.74938,4.6e-05,False,0.059
P4_ontime,1133,1296779871,1296779421,90,540,1296779871,0x20026127,-0.74934,-0.74938,4.6e-05,False,0.171
P4_ontime,1134,1296779961,1296779511,90,540,1296779961,0x20026127,-0.74934,-0.74938,4.6e-05,False,0.119
P4_ontime,1135,1296780051,1296779601,90,540,1296780051,0x20026127,-0.74934,-0.74938,4.6e-05,False,0.116
P4_ontime,1136,1296780141,1296779691,90,540,1296780141,0x20026127,-0.74934,-0.74938,4.6e-05,False,0.061
P4_ontime,1137,1296780231,1296779781,90,540,1296780231,0x20026127,-0.74934,-0.74938,4.6e-05,False,0.065
P4_ontime,1138,1296780321,1296779871,90,540,1296780321,0x20026127,-0.74934,-0.74938,4.6e-05,False,0.063
P4_ontime,1139,1296780411,1296779961,90,540,1296780411,0x20026127,-0.74934,-0.74938,4.6e-05,False,0.174
P4_ontime,1140,1296780501,1296780051,90,540,1296780501,0x20026127,-0.74934,-0.74938,4.6e-05,False,0.064
